,School,EFG%,opp_EFG%,ORB%,DRB%,FT%,opp_FT%,TOV%,opp_TOV%
0,Akron 2013,0.516,0.443,0.377,0.668,0.233,0.245,0.174,0.176
1,Albany (NY) 2013,0.496,0.483,0.317,0.676,0.295,0.182,0.185,0.174
2,Arizona 2013,0.525,0.466,0.35,0.708,0.28,0.234,0.169,0.175
3,Belmont 2013,0.567,0.477,0.299,0.632,0.24,0.264,0.173,0.219
4,Boise St 2013,0.53,0.502,0.315,0.735,0.249,0.287,0.158,0.183
5,Bucknell 2013,0.496,0.425,0.293,0.735,0.268,0.205,0.133,0.127
6,Butler 2013,0.512,0.468,0.363,0.711,0.268,0.25,0.173,0.153
7,University of California 2013,0.48,0.443,0.325,0.668,0.223,0.223,0.164,0.145
8,Cincinnati 2013,0.462,0.433,0.387,0.666,0.229,0.218,0.16,0.176
9,Colorado St 2013,0.495,0.477,0.412,0.741,0.312,0.249,0.143,0.15
10,Colorado 2013,0.483,0.459,0.336,0.669,0.281,0.175,0.172,0.167
11,Creighton 2013,0.582,0.459,0.288,0.708,0.26,0.178,0.17,0.14
12,Davidson 2013,0.532,0.452,0.29,0.693,0.309,0.264,0.149,0.165
13,Duke 2013,0.539,0.455,0.288,0.653,0.289,0.237,0.138,0.176
14,Florida Gulf Coast 2013,0.521,0.465,0.322,0.646,0.235,0.228,0.183,0.192
15,Florida 2013,0.552,0.433,0.334,0.69,0.21,0.195,0.149,0.196
16,Georgetown 2013,0.511,0.43,0.304,0.659,0.25,0.235,0.177,0.192
17,Gonzaga 2013,0.555,0.449,0.378,0.678,0.283,0.2,0.147,0.182
18,Harvard 2013,0.542,0.488,0.26,0.656,0.354,0.225,0.187,0.184
19,Illinois 2013,0.479,0.485,0.331,0.631,0.225,0.251,0.148,0.188
20,Indiana 2013,0.548,0.44,0.39,0.66,0.341,0.191,0.165,0.179
21,Iona 2013,0.521,0.516,0.328,0.626,0.255,0.215,0.149,0.167
22,Iowa St 2013,0.538,0.48,0.342,0.69,0.241,0.237,0.16,0.163
23,James Madison 2013,0.476,0.487,0.296,0.655,0.257,0.273,0.151,0.183
24,Kansas St 2013,0.495,0.466,0.387,0.643,0.216,0.248,0.15,0.192
25,Kansas 2013,0.533,0.415,0.338,0.687,0.291,0.22,0.177,0.158
26,La Salle 2013,0.519,0.493,0.29,0.623,0.231,0.194,0.151,0.184
27,Liberty 2013,0.493,0.473,0.297,0.647,0.288,0.263,0.173,0.136
28,Long Island University 2013,0.544,0.526,0.352,0.628,0.315,0.214,0.175,0.159
29,Louisville 2013,0.506,0.448,0.382,0.646,0.283,0.23,0.155,0.232
30,Marquette 2013,0.496,0.462,0.383,0.632,0.299,0.216,0.178,0.167
31,Memphis 2013,0.524,0.455,0.356,0.661,0.246,0.236,0.178,0.192
32,Miami (FL) 2013,0.519,0.457,0.306,0.693,0.236,0.184,0.143,0.16
33,Michigan St 2013,0.505,0.441,0.364,0.699,0.264,0.213,0.18,0.168
34,Michigan 2013,0.549,0.478,0.327,0.677,0.199,0.154,0.126,0.161
35,Middle Tennessee 2013,0.511,0.444,0.365,0.685,0.288,0.271,0.176,0.207
36,Minnesota 2013,0.493,0.456,0.436,0.631,0.285,0.255,0.177,0.172
37,Mississippi 2013,0.491,0.464,0.336,0.645,0.263,0.206,0.131,0.186
38,Missouri 2013,0.512,0.461,0.387,0.685,0.261,0.203,0.16,0.153
39,Montana 2013,0.532,0.481,0.259,0.663,0.305,0.248,0.169,0.162
40,Nevada-Las Vegas 2013,0.492,0.439,0.338,0.705,0.262,0.204,0.173,0.165
41,New Mexico St 2013,0.493,0.45,0.373,0.684,0.303,0.217,0.187,0.164
42,New Mexico 2013,0.484,0.459,0.293,0.697,0.329,0.173,0.156,0.171
43,North Carolina A&T 2013,0.458,0.449,0.3,0.636,0.276,0.267,0.198,0.203
44,North Carolina St 2013,0.542,0.468,0.347,0.648,0.279,0.21,0.156,0.142
45,North Carolina 2013,0.499,0.48,0.344,0.65,0.19,0.188,0.142,0.187
46,Northwestern St 2013,0.505,0.469,0.353,0.606,0.265,0.243,0.16,0.191
47,Notre Dame 2013,0.522,0.468,0.34,0.673,0.227,0.17,0.152,0.138
48,Ohio St 2013,0.506,0.454,0.311,0.7,0.251,0.211,0.137,0.182
49,Oklahoma St 2013,0.488,0.445,0.313,0.668,0.302,0.241,0.158,0.188
50,Oklahoma 2013,0.478,0.474,0.332,0.655,0.268,0.218,0.15,0.17
51,Oregon 2013,0.493,0.464,0.357,0.704,0.27,0.225,0.184,0.196
52,Pacific 2013,0.509,0.49,0.295,0.676,0.256,0.264,0.154,0.177
53,Pittsburgh 2013,0.517,0.446,0.404,0.67,0.251,0.263,0.15,0.193
54,Saint Louis 2013,0.504,0.455,0.274,0.681,0.31,0.229,0.15,0.207
55,Saint Mary's (CA) 2013,0.54,0.473,0.371,0.731,0.267,0.265,0.156,0.162
56,San Diego St 2013,0.491,0.446,0.323,0.693,0.248,0.191,0.156,0.166
57,South Dakota St 2013,0.539,0.506,0.298,0.732,0.247,0.165,0.142,0.152
58,Southern 2013,0.497,0.411,0.264,0.668,0.27,0.23,0.148,0.178
59,Syracuse 2013,0.49,0.426,0.388,0.616,0.248,0.238,0.157,0.198
60,Temple 2013,0.49,0.49,0.308,0.654,0.257,0.247,0.137,0.176
61,UCLA 2013,0.491,0.475,0.307,0.629,0.24,0.164,0.138,0.169
62,Valparaiso 2013,0.559,0.459,0.312,0.686,0.307,0.262,0.194,0.175
63,Villanova 2013,0.474,0.472,0.33,0.679,0.363,0.278,0.199,0.195
64,Virginia Commonwealth 2013,0.513,0.499,0.36,0.628,0.209,0.276,0.138,0.248
65,Western Kentucky 2013,0.485,0.475,0.351,0.671,0.26,0.265,0.19,0.182
66,Wichita St 2013,0.5,0.453,0.38,0.704,0.255,0.274,0.164,0.176
67,Wisconsin 2013,0.486,0.43,0.324,0.711,0.188,0.177,0.131,0.157
68,Alabama-Birmingham 2015,0.477,0.476,0.342,0.671,0.259,0.225,0.17,0.166
69,Albany (NY) 2015,0.499,0.496,0.326,0.739,0.296,0.212,0.163,0.178
70,Arizona 2015,0.535,0.451,0.345,0.776,0.338,0.26,0.144,0.187
71,Arkansas 2015,0.5,0.483,0.357,0.654,0.27,0.278,0.144,0.193
72,Baylor 2015,0.497,0.455,0.424,0.69,0.26,0.205,0.165,0.164
73,Belmont 2015,0.567,0.515,0.29,0.704,0.225,0.203,0.18,0.164
74,Boise St 2015,0.537,0.472,0.284,0.746,0.236,0.222,0.143,0.177
75,Brigham Young 2015,0.539,0.489,0.341,0.715,0.325,0.27,0.144,0.16
76,Buffalo 2015,0.487,0.485,0.345,0.696,0.306,0.228,0.142,0.171
77,Butler 2015,0.484,0.467,0.347,0.747,0.279,0.227,0.145,0.174
78,UC-Irvine 2015,0.52,0.442,0.302,0.695,0.2,0.24,0.159,0.151
79,Cincinnati 2015,0.495,0.441,0.373,0.677,0.249,0.17,0.179,0.169
80,Coastal Carolina 2015,0.5,0.461,0.375,0.738,0.283,0.235,0.151,0.161
81,Davidson 2015,0.556,0.492,0.3,0.697,0.203,0.224,0.123,0.148
82,Dayton 2015,0.53,0.472,0.233,0.716,0.33,0.207,0.163,0.185
83,Duke 2015,0.566,0.465,0.358,0.698,0.278,0.166,0.141,0.16
84,Eastern Washington 2015,0.562,0.52,0.299,0.696,0.255,0.253,0.137,0.157
85,Georgetown 2015,0.513,0.471,0.343,0.69,0.309,0.313,0.166,0.176
86,Georgia St 2015,0.527,0.457,0.3,0.656,0.277,0.282,0.143,0.2
87,Georgia 2015,0.485,0.444,0.322,0.715,0.331,0.24,0.167,0.144
88,Gonzaga 2015,0.584,0.441,0.341,0.723,0.267,0.206,0.14,0.149
89,Hampton 2015,0.456,0.464,0.318,0.691,0.286,0.312,0.174,0.175
90,Harvard 2015,0.481,0.458,0.327,0.717,0.283,0.221,0.161,0.182
91,Indiana 2015,0.544,0.503,0.352,0.686,0.235,0.223,0.147,0.138
92,Iowa St 2015,0.543,0.476,0.283,0.704,0.254,0.176,0.141,0.161
93,Iowa 2015,0.481,0.456,0.356,0.697,0.282,0.202,0.145,0.163
94,Kansas 2015,0.494,0.446,0.349,0.684,0.309,0.227,0.165,0.15
95,Kentucky 2015,0.515,0.396,0.395,0.682,0.319,0.209,0.137,0.181
96,Lafayette 2015,0.557,0.533,0.284,0.66,0.234,0.189,0.152,0.144
97,Louisiana St 2015,0.503,0.447,0.339,0.671,0.229,0.195,0.175,0.163
98,Louisville 2015,0.477,0.44,0.347,0.692,0.258,0.22,0.145,0.184
99,Manhattan 2015,0.494,0.481,0.309,0.669,0.328,0.365,0.185,0.208
100,Maryland 2015,0.512,0.455,0.289,0.695,0.336,0.186,0.169,0.147
101,Michigan St 2015,0.532,0.449,0.334,0.73,0.207,0.281,0.15,0.144
102,Mississippi 2015,0.478,0.476,0.348,0.686,0.279,0.282,0.14,0.162
103,New Mexico St 2015,0.509,0.461,0.399,0.695,0.306,0.223,0.184,0.181
104,North Carolina St 2015,0.493,0.455,0.34,0.699,0.243,0.244,0.136,0.129
105,North Carolina 2015,0.516,0.454,0.4,0.688,0.247,0.265,0.153,0.152
106,North Dakota St 2015,0.501,0.483,0.256,0.769,0.248,0.225,0.141,0.151
107,North Florida 2015,0.553,0.476,0.301,0.688,0.283,0.222,0.163,0.154
108,Northeastern 2015,0.545,0.498,0.301,0.748,0.3,0.172,0.192,0.139
109,Northern Iowa 2015,0.559,0.456,0.27,0.731,0.292,0.192,0.16,0.168
110,Notre Dame 2015,0.583,0.479,0.279,0.678,0.272,0.172,0.13,0.148
111,Ohio St 2015,0.542,0.464,0.335,0.68,0.236,0.196,0.147,0.186
112,Oklahoma St 2015,0.507,0.458,0.278,0.681,0.281,0.286,0.167,0.181
113,Oklahoma 2015,0.493,0.441,0.315,0.686,0.243,0.186,0.152,0.168
114,Oregon 2015,0.524,0.477,0.308,0.689,0.217,0.241,0.149,0.144
115,Providence 2015,0.484,0.482,0.351,0.71,0.287,0.271,0.155,0.173
116,Purdue 2015,0.502,0.454,0.365,0.691,0.285,0.266,0.169,0.153
117,Robert Morris 2015,0.501,0.493,0.31,0.641,0.252,0.248,0.173,0.185
118,San Diego St 2015,0.467,0.433,0.354,0.703,0.228,0.175,0.156,0.185
119,Southern Methodist 2015,0.517,0.455,0.371,0.706,0.309,0.21,0.169,0.176
120,St. John's (NY) 2015,0.494,0.466,0.284,0.651,0.251,0.218,0.138,0.163
121,Stephen F. Austin 2015,0.557,0.485,0.379,0.707,0.314,0.343,0.176,0.225
122,Texas Southern 2015,0.495,0.493,0.338,0.654,0.309,0.216,0.17,0.159
123,Texas 2015,0.491,0.421,0.379,0.714,0.265,0.231,0.169,0.121
124,UCLA 2015,0.496,0.485,0.338,0.714,0.242,0.225,0.15,0.157
125,Utah 2015,0.557,0.43,0.316,0.721,0.303,0.23,0.163,0.162
126,Valparaiso 2015,0.52,0.446,0.356,0.731,0.248,0.23,0.165,0.168
127,Villanova 2015,0.553,0.455,0.325,0.688,0.305,0.207,0.142,0.186
128,Virginia Commonwealth 2015,0.487,0.495,0.318,0.694,0.245,0.262,0.133,0.207
129,Virginia 2015,0.506,0.423,0.342,0.757,0.254,0.185,0.135,0.158
130,West Virginia 2015,0.461,0.527,0.402,0.691,0.267,0.383,0.152,0.251
131,Wichita St 2015,0.507,0.456,0.349,0.732,0.259,0.255,0.127,0.188
132,Wisconsin 2015,0.548,0.477,0.321,0.763,0.276,0.159,0.108,0.141
133,Wofford 2015,0.516,0.467,0.291,0.731,0.262,0.251,0.153,0.179
134,Wyoming 2015,0.526,0.465,0.223,0.736,0.277,0.183,0.171,0.16
135,Xavier 2015,0.534,0.5,0.313,0.727,0.281,0.226,0.16,0.166
136,Akron 2011,0.499,0.464,0.283,0.673,0.22,0.253,0.155,0.18
137,Alabama-Birmingham 2011,0.508,0.459,0.334,0.694,0.213,0.228,0.166,0.166
138,Alabama St 2011,0.44,0.454,0.357,0.666,0.285,0.352,0.199,0.2
139,Arizona 2011,0.541,0.486,0.34,0.708,0.325,0.248,0.164,0.162
140,Little Rock 2011,0.488,0.494,0.299,0.687,0.292,0.312,0.157,0.182
141,Belmont 2011,0.542,0.461,0.374,0.679,0.281,0.313,0.167,0.239
142,Boston University 2011,0.473,0.46,0.34,0.657,0.272,0.212,0.161,0.151
143,Brigham Young 2011,0.518,0.465,0.312,0.718,0.292,0.225,0.132,0.176
144,Bucknell 2011,0.509,0.454,0.252,0.71,0.269,0.244,0.151,0.155
145,Butler 2011,0.501,0.481,0.332,0.721,0.273,0.26,0.144,0.168
146,UC-Santa Barbara 2011,0.523,0.473,0.284,0.681,0.281,0.284,0.193,0.175
147,Cincinnati 2011,0.494,0.458,0.381,0.69,0.256,0.249,0.15,0.192
148,Clemson 2011,0.503,0.456,0.342,0.675,0.27,0.247,0.174,0.199
149,Connecticut 2011,0.482,0.445,0.387,0.659,0.258,0.182,0.143,0.146
150,Duke 2011,0.537,0.445,0.351,0.668,0.282,0.193,0.148,0.179
151,Florida St 2011,0.49,0.424,0.356,0.693,0.253,0.252,0.196,0.188
152,Florida 2011,0.521,0.472,0.372,0.7,0.239,0.187,0.158,0.165
153,George Mason 2011,0.532,0.466,0.329,0.687,0.266,0.217,0.147,0.177
154,Georgetown 2011,0.541,0.468,0.337,0.677,0.245,0.268,0.181,0.15
155,Georgia 2011,0.495,0.448,0.368,0.683,0.255,0.243,0.173,0.155
156,Gonzaga 2011,0.531,0.469,0.354,0.718,0.317,0.248,0.171,0.183
157,Hampton 2011,0.463,0.432,0.297,0.641,0.267,0.241,0.159,0.192
158,Illinois 2011,0.529,0.457,0.317,0.685,0.206,0.237,0.168,0.158
159,Indiana St 2011,0.494,0.462,0.309,0.702,0.268,0.326,0.186,0.174
160,Kansas St 2011,0.499,0.471,0.409,0.693,0.28,0.319,0.178,0.197
161,Kansas 2011,0.57,0.445,0.367,0.721,0.267,0.233,0.165,0.177
162,Kentucky 2011,0.523,0.442,0.343,0.693,0.257,0.218,0.138,0.156
163,Long Island University 2011,0.519,0.483,0.374,0.677,0.321,0.173,0.171,0.171
164,Louisville 2011,0.526,0.445,0.348,0.648,0.198,0.277,0.162,0.199
165,Marquette 2011,0.51,0.499,0.361,0.668,0.308,0.19,0.154,0.176
166,Memphis 2011,0.504,0.468,0.353,0.65,0.269,0.267,0.187,0.182
167,Michigan St 2011,0.489,0.481,0.345,0.71,0.256,0.255,0.171,0.159
168,Michigan 2011,0.523,0.489,0.255,0.711,0.186,0.202,0.143,0.163
169,Missouri 2011,0.515,0.489,0.339,0.637,0.25,0.276,0.149,0.212
170,Morehead St 2011,0.509,0.488,0.416,0.725,0.27,0.255,0.192,0.204
171,Nevada-Las Vegas 2011,0.509,0.46,0.331,0.683,0.27,0.276,0.161,0.207
172,North Carolina-Asheville 2011,0.495,0.474,0.332,0.649,0.295,0.264,0.18,0.208
173,North Carolina 2011,0.492,0.462,0.371,0.699,0.255,0.163,0.154,0.169
174,Northern Colorado 2011,0.502,0.483,0.353,0.717,0.334,0.303,0.182,0.183
175,Notre Dame 2011,0.535,0.467,0.334,0.705,0.327,0.182,0.142,0.136
176,Oakland 2011,0.559,0.496,0.372,0.68,0.281,0.221,0.159,0.144
177,Ohio St 2011,0.563,0.483,0.357,0.716,0.26,0.152,0.135,0.204
178,Old Dominion 2011,0.485,0.473,0.454,0.718,0.251,0.172,0.166,0.165
179,Penn St 2011,0.501,0.507,0.322,0.698,0.225,0.203,0.153,0.156
180,Pittsburgh 2011,0.529,0.451,0.429,0.714,0.289,0.218,0.152,0.152
181,Princeton 2011,0.522,0.467,0.315,0.732,0.263,0.251,0.165,0.164
182,Purdue 2011,0.507,0.46,0.324,0.703,0.246,0.212,0.136,0.185
183,Richmond 2011,0.531,0.451,0.286,0.666,0.222,0.201,0.143,0.164
184,Saint Peter's 2011,0.455,0.424,0.321,0.657,0.25,0.276,0.197,0.183
185,San Diego St 2011,0.515,0.444,0.382,0.708,0.213,0.194,0.142,0.169
186,Southern California 2011,0.499,0.462,0.299,0.715,0.23,0.253,0.156,0.162
187,St. John's (NY) 2011,0.495,0.508,0.325,0.669,0.314,0.282,0.162,0.209
188,Syracuse 2011,0.528,0.455,0.367,0.665,0.239,0.198,0.159,0.178
189,Temple 2011,0.5,0.463,0.321,0.713,0.236,0.187,0.142,0.173
190,Tennessee 2011,0.476,0.479,0.378,0.677,0.272,0.264,0.166,0.179
191,Texas A&M 2011,0.494,0.465,0.382,0.709,0.324,0.25,0.171,0.183
192,Texas-San Antonio 2011,0.491,0.484,0.304,0.666,0.292,0.249,0.172,0.176
193,Texas 2011,0.502,0.426,0.382,0.694,0.282,0.211,0.145,0.162
194,UCLA 2011,0.502,0.463,0.36,0.685,0.301,0.222,0.187,0.154
195,Utah St 2011,0.527,0.435,0.345,0.739,0.315,0.23,0.159,0.165
196,Vanderbilt 2011,0.529,0.46,0.329,0.679,0.336,0.195,0.166,0.149
197,Villanova 2011,0.495,0.463,0.358,0.698,0.32,0.258,0.154,0.157
198,Virginia Commonwealth 2011,0.511,0.492,0.309,0.635,0.264,0.231,0.149,0.188
199,Washington 2011,0.537,0.464,0.377,0.681,0.212,0.299,0.142,0.176
200,West Virginia 2011,0.485,0.459,0.402,0.645,0.291,0.251,0.156,0.157
201,Wisconsin 2011,0.518,0.482,0.326,0.729,0.241,0.245,0.112,0.149
202,Wofford 2011,0.53,0.498,0.341,0.676,0.291,0.298,0.155,0.176
203,Xavier 2011,0.512,0.465,0.324,0.723,0.332,0.255,0.16,0.166
204,Arizona 2016,0.536,0.462,0.349,0.753,0.316,0.209,0.158,0.143
205,Little Rock 2016,0.52,0.456,0.273,0.714,0.229,0.254,0.137,0.186
206,Austin Peay 2016,0.516,0.531,0.33,0.705,0.306,0.218,0.169,0.163
207,Baylor 2016,0.518,0.51,0.401,0.718,0.272,0.263,0.156,0.177
208,Buffalo 2016,0.499,0.493,0.322,0.713,0.294,0.27,0.161,0.159
209,Butler 2016,0.526,0.497,0.321,0.727,0.287,0.254,0.127,0.166
210,Cal St Bakersfield 2016,0.497,0.451,0.346,0.71,0.245,0.291,0.152,0.193
211,University of California 2016,0.522,0.443,0.326,0.747,0.274,0.265,0.155,0.124
212,Chattanooga 2016,0.524,0.5,0.326,0.714,0.304,0.202,0.159,0.182
213,Cincinnati 2016,0.493,0.456,0.366,0.695,0.234,0.184,0.138,0.173
214,Colorado 2016,0.488,0.47,0.353,0.754,0.293,0.241,0.16,0.136
215,Connecticut 2016,0.516,0.445,0.283,0.711,0.235,0.234,0.141,0.155
216,Dayton 2016,0.516,0.469,0.287,0.758,0.272,0.219,0.165,0.161
217,Duke 2016,0.537,0.495,0.33,0.656,0.293,0.172,0.123,0.146
218,Fairleigh Dickinson 2016,0.517,0.522,0.286,0.646,0.228,0.325,0.154,0.182
219,Florida Gulf Coast 2016,0.523,0.467,0.329,0.723,0.238,0.229,0.152,0.147
220,Fresno St 2016,0.487,0.486,0.311,0.706,0.263,0.311,0.132,0.187
221,Gonzaga 2016,0.553,0.446,0.323,0.744,0.258,0.198,0.149,0.132
222,Green Bay 2016,0.5,0.511,0.309,0.682,0.282,0.255,0.136,0.189
223,Hampton 2016,0.464,0.483,0.346,0.73,0.273,0.26,0.159,0.149
224,Hawaii 2016,0.52,0.453,0.31,0.739,0.307,0.281,0.16,0.182
225,Holy Cross 2016,0.479,0.532,0.231,0.705,0.248,0.242,0.151,0.173
226,Indiana 2016,0.587,0.498,0.37,0.711,0.248,0.206,0.169,0.166
227,Iona 2016,0.538,0.488,0.292,0.69,0.23,0.254,0.155,0.166
228,Iowa St 2016,0.571,0.498,0.261,0.701,0.183,0.171,0.142,0.145
229,Iowa 2016,0.513,0.48,0.318,0.689,0.237,0.171,0.127,0.161
230,Kansas 2016,0.564,0.45,0.323,0.726,0.272,0.269,0.156,0.161
231,Kentucky 2016,0.535,0.445,0.368,0.686,0.261,0.286,0.134,0.151
232,Maryland 2016,0.555,0.463,0.286,0.709,0.295,0.192,0.168,0.145
233,Miami (FL) 2016,0.542,0.483,0.299,0.711,0.305,0.209,0.146,0.151
234,Michigan St 2016,0.563,0.433,0.364,0.76,0.218,0.243,0.147,0.125
235,Michigan 2016,0.546,0.511,0.247,0.737,0.205,0.194,0.132,0.162
236,Middle Tennessee 2016,0.518,0.494,0.291,0.746,0.218,0.279,0.152,0.172
237,North Carolina-Asheville 2016,0.505,0.48,0.319,0.711,0.284,0.224,0.16,0.191
238,North Carolina-Wilmington 2016,0.512,0.469,0.322,0.692,0.262,0.382,0.136,0.181
239,North Carolina 2016,0.526,0.481,0.403,0.705,0.241,0.212,0.128,0.159
240,Northern Iowa 2016,0.535,0.486,0.176,0.733,0.257,0.173,0.143,0.159
241,Notre Dame 2016,0.54,0.495,0.323,0.683,0.244,0.189,0.133,0.126
242,Oklahoma 2016,0.543,0.472,0.31,0.7,0.238,0.192,0.16,0.152
243,Oregon St 2016,0.499,0.492,0.292,0.678,0.25,0.272,0.144,0.17
244,Oregon 2016,0.525,0.485,0.342,0.697,0.291,0.218,0.141,0.176
245,Pittsburgh 2016,0.511,0.493,0.369,0.73,0.269,0.218,0.147,0.152
246,Providence 2016,0.48,0.493,0.303,0.699,0.27,0.201,0.14,0.18
247,Purdue 2016,0.536,0.443,0.345,0.768,0.263,0.197,0.151,0.121
248,Saint Joseph's 2016,0.512,0.481,0.279,0.744,0.268,0.175,0.124,0.143
249,Seton Hall 2016,0.498,0.454,0.347,0.692,0.266,0.229,0.166,0.168
250,South Dakota St 2016,0.515,0.473,0.325,0.743,0.298,0.281,0.148,0.157
251,Southern California 2016,0.522,0.473,0.321,0.685,0.237,0.199,0.144,0.143
252,Southern 2016,0.496,0.474,0.289,0.684,0.247,0.254,0.141,0.171
253,Stephen F. Austin 2016,0.545,0.488,0.346,0.7,0.253,0.258,0.149,0.236
254,Stony Brook 2016,0.524,0.464,0.36,0.747,0.215,0.192,0.143,0.165
255,Syracuse 2016,0.501,0.473,0.334,0.65,0.243,0.186,0.155,0.17
256,Temple 2016,0.47,0.465,0.291,0.705,0.182,0.213,0.119,0.139
257,Texas A&M 2016,0.512,0.474,0.338,0.717,0.256,0.213,0.144,0.181
258,Texas Tech 2016,0.5,0.496,0.312,0.679,0.314,0.232,0.156,0.161
259,Texas 2016,0.494,0.477,0.307,0.682,0.263,0.268,0.134,0.159
260,Tulsa 2016,0.503,0.482,0.278,0.697,0.268,0.259,0.137,0.177
261,Utah 2016,0.557,0.48,0.302,0.727,0.276,0.165,0.162,0.134
262,Vanderbilt 2016,0.529,0.431,0.272,0.708,0.276,0.233,0.149,0.121
263,Villanova 2016,0.561,0.467,0.28,0.712,0.267,0.198,0.146,0.178
264,Virginia Commonwealth 2016,0.51,0.491,0.326,0.727,0.223,0.249,0.137,0.189
265,Virginia 2016,0.548,0.484,0.298,0.751,0.241,0.234,0.133,0.168
266,Weber St 2016,0.559,0.464,0.265,0.748,0.294,0.181,0.171,0.139
267,West Virginia 2016,0.498,0.484,0.419,0.729,0.311,0.395,0.164,0.227
268,Wichita St 2016,0.49,0.446,0.317,0.765,0.272,0.32,0.128,0.209
269,Wisconsin 2016,0.485,0.48,0.33,0.726,0.267,0.238,0.147,0.164
270,Xavier 2016,0.514,0.478,0.352,0.74,0.305,0.234,0.15,0.17
271,Yale 2016,0.526,0.465,0.394,0.758,0.276,0.227,0.166,0.161
272,Albany (NY) 2014,0.488,0.483,0.319,0.717,0.315,0.21,0.172,0.16
273,American 2014,0.558,0.464,0.265,0.703,0.248,0.276,0.208,0.172
274,Arizona St 2014,0.524,0.463,0.245,0.698,0.295,0.242,0.146,0.147
275,Arizona 2014,0.517,0.423,0.364,0.727,0.27,0.245,0.134,0.167
276,Baylor 2014,0.521,0.485,0.406,0.683,0.306,0.213,0.148,0.137
277,Brigham Young 2014,0.503,0.489,0.347,0.717,0.334,0.265,0.13,0.148
278,Cal Poly 2014,0.466,0.488,0.318,0.678,0.224,0.295,0.125,0.16
279,Cincinnati 2014,0.477,0.448,0.391,0.677,0.274,0.243,0.145,0.194
280,Coastal Carolina 2014,0.491,0.471,0.351,0.708,0.266,0.262,0.17,0.163
281,Colorado 2014,0.483,0.494,0.34,0.739,0.346,0.213,0.17,0.158
282,Connecticut 2014,0.515,0.446,0.304,0.671,0.298,0.237,0.153,0.166
283,Creighton 2014,0.589,0.485,0.277,0.722,0.252,0.229,0.134,0.13
284,Dayton 2014,0.524,0.488,0.34,0.713,0.277,0.304,0.157,0.166
285,Delaware 2014,0.504,0.494,0.291,0.672,0.312,0.263,0.117,0.145
286,Duke 2014,0.538,0.493,0.345,0.691,0.283,0.282,0.122,0.162
287,Eastern Kentucky 2014,0.574,0.549,0.236,0.664,0.331,0.381,0.142,0.221
288,Florida 2014,0.522,0.454,0.347,0.719,0.283,0.217,0.146,0.187
289,George Washington 2014,0.515,0.472,0.351,0.686,0.304,0.222,0.164,0.169
290,Gonzaga 2014,0.56,0.448,0.306,0.704,0.286,0.275,0.153,0.151
291,Harvard 2014,0.519,0.458,0.328,0.704,0.347,0.257,0.151,0.192
292,Iowa St 2014,0.542,0.477,0.288,0.715,0.252,0.225,0.128,0.139
293,Iowa 2014,0.511,0.474,0.377,0.71,0.333,0.25,0.135,0.164
294,Kansas St 2014,0.488,0.453,0.347,0.668,0.264,0.311,0.157,0.164
295,Kansas 2014,0.542,0.471,0.373,0.712,0.343,0.309,0.165,0.144
296,Kentucky 2014,0.5,0.46,0.414,0.705,0.353,0.254,0.147,0.14
297,Louisiana 2014,0.522,0.497,0.363,0.684,0.288,0.302,0.154,0.166
298,Louisville 2014,0.535,0.439,0.371,0.673,0.272,0.261,0.129,0.216
299,Manhattan 2014,0.507,0.454,0.344,0.667,0.368,0.37,0.17,0.188
300,Massachusetts 2014,0.504,0.466,0.344,0.683,0.268,0.251,0.162,0.161
301,Memphis 2014,0.522,0.482,0.356,0.666,0.257,0.217,0.16,0.174
302,Mercer 2014,0.547,0.459,0.34,0.7,0.282,0.272,0.148,0.16
303,Michigan St 2014,0.545,0.458,0.322,0.728,0.239,0.294,0.148,0.156
304,Michigan 2014,0.557,0.494,0.286,0.699,0.266,0.195,0.128,0.149
305,Milwaukee 2014,0.493,0.488,0.283,0.692,0.32,0.265,0.172,0.162
306,Mount St. Mary's 2014,0.515,0.535,0.278,0.67,0.271,0.253,0.148,0.164
307,Nebraska 2014,0.483,0.476,0.257,0.71,0.303,0.306,0.149,0.167
308,New Mexico St 2014,0.539,0.438,0.375,0.668,0.368,0.245,0.162,0.138
309,New Mexico 2014,0.511,0.45,0.325,0.718,0.338,0.227,0.139,0.13
310,North Carolina Central 2014,0.513,0.435,0.366,0.675,0.347,0.302,0.149,0.206
311,North Carolina St 2014,0.5,0.475,0.342,0.643,0.243,0.303,0.135,0.149
312,North Carolina 2014,0.499,0.47,0.381,0.687,0.268,0.278,0.142,0.167
313,North Dakota St 2014,0.555,0.487,0.317,0.727,0.307,0.291,0.135,0.16
314,Ohio St 2014,0.503,0.452,0.296,0.704,0.291,0.212,0.151,0.192
315,Oklahoma St 2014,0.524,0.463,0.28,0.68,0.357,0.282,0.131,0.173
316,Oklahoma 2014,0.517,0.497,0.324,0.696,0.295,0.275,0.136,0.156
317,Oregon 2014,0.535,0.491,0.322,0.681,0.338,0.339,0.142,0.166
318,Pittsburgh 2014,0.507,0.467,0.373,0.709,0.315,0.257,0.138,0.168
319,Providence 2014,0.483,0.489,0.354,0.693,0.328,0.233,0.147,0.142
320,Saint Joseph's 2014,0.539,0.478,0.29,0.724,0.281,0.212,0.161,0.134
321,Saint Louis 2014,0.494,0.44,0.294,0.715,0.281,0.243,0.164,0.183
322,San Diego St 2014,0.481,0.431,0.367,0.707,0.298,0.215,0.129,0.184
323,Stanford 2014,0.513,0.48,0.293,0.719,0.316,0.265,0.149,0.15
324,Stephen F. Austin 2014,0.525,0.499,0.384,0.715,0.286,0.352,0.144,0.216
325,Syracuse 2014,0.482,0.48,0.381,0.685,0.27,0.245,0.123,0.19
326,Tennessee 2014,0.503,0.462,0.398,0.724,0.299,0.224,0.138,0.15
327,Texas Southern 2014,0.521,0.505,0.338,0.69,0.352,0.201,0.168,0.138
328,Texas 2014,0.474,0.465,0.396,0.698,0.291,0.283,0.146,0.141
329,Tulsa 2014,0.492,0.464,0.302,0.704,0.318,0.327,0.147,0.177
330,UCLA 2014,0.541,0.499,0.298,0.714,0.286,0.241,0.129,0.179
331,Villanova 2014,0.536,0.463,0.326,0.713,0.318,0.273,0.151,0.175
332,Virginia Commonwealth 2014,0.479,0.478,0.343,0.694,0.237,0.265,0.143,0.225
333,Virginia 2014,0.508,0.442,0.332,0.744,0.283,0.215,0.14,0.162
334,Weber St 2014,0.547,0.465,0.289,0.72,0.369,0.239,0.169,0.126
335,Western Michigan 2014,0.52,0.47,0.316,0.68,0.368,0.246,0.184,0.161
336,Wichita St 2014,0.526,0.446,0.351,0.739,0.342,0.229,0.138,0.165
337,Wisconsin 2014,0.533,0.472,0.281,0.726,0.318,0.196,0.114,0.134
338,Wofford 2014,0.502,0.489,0.317,0.721,0.218,0.272,0.145,0.18
339,Xavier 2014,0.517,0.494,0.341,0.713,0.286,0.264,0.161,0.149
340,Alabama 2012,0.491,0.437,0.335,0.657,0.257,0.247,0.175,0.181
341,Baylor 2012,0.528,0.473,0.384,0.654,0.266,0.229,0.174,0.181
342,Belmont 2012,0.558,0.481,0.345,0.651,0.282,0.23,0.154,0.181
343,Brigham Young 2012,0.521,0.471,0.306,0.708,0.257,0.22,0.162,0.192
344,University of California 2012,0.517,0.464,0.321,0.705,0.254,0.183,0.16,0.172
345,Cincinnati 2012,0.48,0.462,0.357,0.624,0.189,0.18,0.14,0.184
346,Colorado St 2012,0.53,0.503,0.287,0.685,0.324,0.278,0.175,0.161
347,Colorado 2012,0.499,0.461,0.301,0.697,0.299,0.207,0.173,0.162
348,Connecticut 2012,0.5,0.446,0.363,0.617,0.229,0.186,0.16,0.141
349,Creighton 2012,0.578,0.496,0.308,0.717,0.276,0.198,0.157,0.135
350,Davidson 2012,0.511,0.473,0.354,0.705,0.283,0.277,0.145,0.159
351,Detroit Mercy 2012,0.491,0.503,0.358,0.644,0.312,0.263,0.159,0.196
352,Duke 2012,0.528,0.471,0.347,0.654,0.316,0.227,0.153,0.16
353,Florida St 2012,0.512,0.437,0.35,0.642,0.246,0.245,0.199,0.19
354,Florida 2012,0.548,0.478,0.335,0.661,0.237,0.207,0.145,0.165
355,Georgetown 2012,0.519,0.433,0.358,0.673,0.27,0.243,0.17,0.172
356,Gonzaga 2012,0.535,0.466,0.346,0.689,0.33,0.185,0.171,0.17
357,Harvard 2012,0.529,0.456,0.303,0.708,0.307,0.197,0.177,0.181
358,Indiana 2012,0.552,0.481,0.353,0.656,0.34,0.241,0.167,0.174
359,Iona 2012,0.565,0.511,0.321,0.645,0.216,0.2,0.152,0.193
360,Iowa St 2012,0.526,0.486,0.323,0.717,0.266,0.185,0.159,0.152
361,Kansas St 2012,0.489,0.46,0.407,0.631,0.29,0.288,0.177,0.202
362,Kansas 2012,0.523,0.434,0.349,0.687,0.275,0.239,0.166,0.176
363,Kentucky 2012,0.538,0.42,0.371,0.666,0.302,0.179,0.143,0.149
364,Lamar 2012,0.469,0.466,0.378,0.673,0.295,0.223,0.145,0.178
365,Lehigh 2012,0.507,0.467,0.317,0.661,0.291,0.239,0.142,0.183
366,Long Beach St 2012,0.527,0.475,0.347,0.668,0.281,0.189,0.165,0.194
367,Long Island University 2012,0.532,0.494,0.342,0.621,0.363,0.153,0.188,0.156
368,Louisville 2012,0.473,0.433,0.357,0.64,0.249,0.227,0.175,0.195
369,Loyola (MD) 2012,0.472,0.478,0.381,0.628,0.309,0.275,0.174,0.189
370,Marquette 2012,0.501,0.454,0.339,0.611,0.295,0.21,0.161,0.198
371,Memphis 2012,0.54,0.434,0.313,0.642,0.296,0.266,0.165,0.178
372,Michigan St 2012,0.527,0.433,0.361,0.708,0.264,0.242,0.168,0.169
373,Michigan 2012,0.532,0.485,0.28,0.673,0.204,0.212,0.156,0.175
374,Mississippi Valley St 2012,0.463,0.496,0.339,0.643,0.225,0.276,0.179,0.204
375,Missouri 2012,0.58,0.501,0.304,0.65,0.287,0.185,0.136,0.186
376,Montana 2012,0.52,0.454,0.283,0.657,0.285,0.268,0.168,0.195
377,Murray St 2012,0.537,0.457,0.349,0.633,0.318,0.229,0.181,0.213
378,Nevada-Las Vegas 2012,0.527,0.465,0.328,0.681,0.241,0.229,0.163,0.191
379,New Mexico St 2012,0.515,0.481,0.411,0.686,0.346,0.218,0.175,0.18
380,New Mexico 2012,0.531,0.44,0.347,0.701,0.279,0.211,0.173,0.187
381,Norfolk St 2012,0.49,0.463,0.342,0.64,0.275,0.255,0.187,0.174
382,North Carolina-Asheville 2012,0.541,0.504,0.344,0.633,0.358,0.237,0.165,0.193
383,North Carolina St 2012,0.504,0.471,0.358,0.666,0.255,0.228,0.16,0.159
384,North Carolina 2012,0.498,0.45,0.391,0.706,0.254,0.148,0.134,0.16
385,Notre Dame 2012,0.495,0.458,0.305,0.649,0.263,0.18,0.14,0.147
386,Ohio St 2012,0.521,0.464,0.349,0.733,0.27,0.203,0.148,0.199
387,Ohio 2012,0.494,0.465,0.339,0.622,0.245,0.299,0.165,0.224
388,Purdue 2012,0.511,0.499,0.318,0.648,0.224,0.236,0.116,0.17
389,Saint Louis 2012,0.515,0.454,0.316,0.677,0.259,0.266,0.154,0.205
390,Saint Mary's (CA) 2012,0.541,0.477,0.359,0.722,0.281,0.194,0.153,0.162
391,San Diego St 2012,0.505,0.466,0.315,0.712,0.259,0.196,0.161,0.168
392,South Dakota St 2012,0.54,0.5,0.312,0.686,0.29,0.2,0.138,0.172
393,South Florida 2012,0.485,0.434,0.342,0.665,0.239,0.223,0.193,0.157
394,Southern Mississippi 2012,0.469,0.495,0.372,0.692,0.29,0.29,0.14,0.193
395,St. Bonaventure 2012,0.508,0.471,0.355,0.677,0.32,0.266,0.18,0.166
396,Syracuse 2012,0.521,0.442,0.363,0.572,0.23,0.209,0.136,0.201
397,Temple 2012,0.531,0.483,0.315,0.653,0.246,0.233,0.16,0.168
398,Texas 2012,0.485,0.469,0.385,0.619,0.312,0.281,0.157,0.173
399,Vanderbilt 2012,0.541,0.469,0.316,0.652,0.28,0.2,0.171,0.163
400,Vermont 2012,0.493,0.455,0.343,0.664,0.276,0.226,0.166,0.17
401,Virginia Commonwealth 2012,0.476,0.473,0.334,0.632,0.249,0.254,0.148,0.236
402,Virginia 2012,0.507,0.447,0.271,0.722,0.256,0.198,0.168,0.186
403,West Virginia 2012,0.483,0.498,0.409,0.66,0.259,0.212,0.159,0.177
404,Western Kentucky 2012,0.444,0.474,0.341,0.647,0.276,0.279,0.189,0.183
405,Wichita St 2012,0.543,0.443,0.335,0.713,0.26,0.224,0.156,0.166
406,Wisconsin 2012,0.501,0.425,0.306,0.697,0.227,0.203,0.131,0.159
407,Xavier 2012,0.497,0.456,0.313,0.67,0.287,0.263,0.16,0.159
408,Arkansas-Pine Bluff 2010,0.447,0.455,0.356,0.729,0.323,0.361,0.209,0.182
409,Baylor 2010,0.549,0.44,0.385,0.672,0.26,0.225,0.172,0.151
410,Brigham Young 2010,0.552,0.462,0.312,0.722,0.307,0.244,0.144,0.192
411,Butler 2010,0.51,0.466,0.304,0.726,0.346,0.235,0.165,0.192
412,UC-Santa Barbara 2010,0.51,0.478,0.274,0.677,0.312,0.268,0.201,0.195
413,University of California 2010,0.533,0.483,0.347,0.689,0.268,0.231,0.152,0.164
414,Clemson 2010,0.511,0.464,0.365,0.665,0.23,0.24,0.181,0.212
415,Cornell 2010,0.568,0.475,0.33,0.705,0.207,0.263,0.163,0.183
416,Duke 2010,0.505,0.437,0.403,0.679,0.287,0.234,0.134,0.183
417,East Tennessee St 2010,0.477,0.486,0.35,0.662,0.271,0.261,0.182,0.206
418,Florida St 2010,0.505,0.435,0.381,0.676,0.249,0.234,0.207,0.203
419,Florida 2010,0.494,0.484,0.37,0.672,0.235,0.188,0.155,0.175
420,Georgetown 2010,0.557,0.474,0.331,0.678,0.263,0.24,0.183,0.17
421,Georgia Tech 2010,0.511,0.441,0.374,0.667,0.248,0.23,0.193,0.182
422,Gonzaga 2010,0.54,0.462,0.321,0.711,0.328,0.219,0.164,0.161
423,Houston 2010,0.483,0.51,0.303,0.614,0.239,0.282,0.107,0.198
424,Kansas St 2010,0.508,0.47,0.404,0.661,0.336,0.328,0.166,0.203
425,Kansas 2010,0.551,0.432,0.384,0.683,0.288,0.215,0.159,0.171
426,Kentucky 2010,0.53,0.431,0.405,0.682,0.291,0.204,0.168,0.169
427,Lehigh 2010,0.514,0.487,0.298,0.705,0.31,0.219,0.163,0.169
428,Louisville 2010,0.514,0.485,0.398,0.631,0.251,0.288,0.166,0.189
429,Marquette 2010,0.528,0.497,0.312,0.67,0.259,0.2,0.139,0.19
430,Maryland 2010,0.518,0.448,0.356,0.634,0.245,0.203,0.14,0.177
431,Michigan St 2010,0.516,0.466,0.398,0.716,0.253,0.223,0.176,0.165
432,Minnesota 2010,0.531,0.465,0.329,0.676,0.238,0.223,0.16,0.182
433,Missouri 2010,0.501,0.459,0.347,0.619,0.246,0.274,0.152,0.229
434,Montana 2010,0.548,0.472,0.306,0.706,0.267,0.241,0.17,0.174
435,Morgan St 2010,0.475,0.465,0.397,0.653,0.307,0.291,0.157,0.172
436,Murray St 2010,0.556,0.436,0.397,0.675,0.291,0.233,0.185,0.211
437,Nevada-Las Vegas 2010,0.52,0.455,0.293,0.693,0.234,0.337,0.15,0.203
438,New Mexico St 2010,0.532,0.51,0.299,0.659,0.269,0.22,0.158,0.157
439,New Mexico 2010,0.506,0.495,0.354,0.729,0.301,0.235,0.138,0.176
440,North Texas 2010,0.508,0.476,0.333,0.7,0.379,0.226,0.184,0.159
441,Northern Iowa 2010,0.496,0.466,0.307,0.732,0.281,0.199,0.155,0.181
442,Notre Dame 2010,0.537,0.493,0.347,0.695,0.275,0.206,0.137,0.138
443,Oakland 2010,0.498,0.499,0.376,0.695,0.307,0.215,0.166,0.164
444,Ohio St 2010,0.561,0.471,0.289,0.709,0.249,0.187,0.151,0.19
445,Ohio 2010,0.494,0.469,0.324,0.663,0.295,0.248,0.157,0.184
446,Oklahoma St 2010,0.524,0.481,0.291,0.721,0.261,0.259,0.162,0.171
447,Old Dominion 2010,0.488,0.455,0.424,0.698,0.197,0.198,0.164,0.194
448,Pittsburgh 2010,0.497,0.446,0.37,0.688,0.297,0.224,0.164,0.145
449,Purdue 2010,0.491,0.448,0.294,0.682,0.279,0.263,0.143,0.204
450,Richmond 2010,0.511,0.442,0.26,0.644,0.227,0.256,0.147,0.191
451,Robert Morris 2010,0.489,0.469,0.346,0.675,0.306,0.344,0.188,0.201
452,Saint Mary's (CA) 2010,0.557,0.459,0.344,0.691,0.254,0.199,0.15,0.139
453,Sam Houston St 2010,0.536,0.486,0.349,0.71,0.26,0.274,0.162,0.191
454,San Diego St 2010,0.522,0.465,0.402,0.684,0.249,0.209,0.173,0.178
455,Siena 2010,0.493,0.48,0.355,0.705,0.261,0.136,0.148,0.189
456,Syracuse 2010,0.576,0.459,0.371,0.657,0.249,0.163,0.185,0.186
457,Temple 2010,0.491,0.43,0.321,0.723,0.189,0.188,0.141,0.157
458,Tennessee 2010,0.506,0.452,0.335,0.677,0.239,0.283,0.163,0.2
459,Texas A&M 2010,0.497,0.466,0.333,0.705,0.32,0.25,0.157,0.181
460,Texas-El Paso 2010,0.528,0.446,0.289,0.698,0.267,0.289,0.165,0.195
461,Texas 2010,0.511,0.449,0.389,0.679,0.258,0.241,0.154,0.176
462,Utah St 2010,0.551,0.458,0.338,0.731,0.226,0.206,0.141,0.157
463,Vanderbilt 2010,0.525,0.464,0.331,0.649,0.337,0.214,0.169,0.163
464,Vermont 2010,0.482,0.45,0.363,0.664,0.339,0.239,0.175,0.173
465,Villanova 2010,0.522,0.474,0.377,0.681,0.331,0.348,0.162,0.183
466,Wake Forest 2010,0.47,0.438,0.388,0.663,0.268,0.265,0.176,0.162
467,Washington 2010,0.497,0.465,0.369,0.678,0.295,0.304,0.15,0.191
468,West Virginia 2010,0.489,0.469,0.42,0.679,0.279,0.266,0.149,0.178
469,Winthrop 2010,0.412,0.449,0.341,0.698,0.232,0.26,0.152,0.199
470,Wisconsin 2010,0.514,0.468,0.302,0.737,0.238,0.248,0.126,0.177
471,Wofford 2010,0.495,0.463,0.336,0.709,0.296,0.237,0.157,0.188
472,Xavier 2010,0.522,0.456,0.352,0.701,0.298,0.215,0.155,0.154
