,School,SRS,SOS,DRB,oEFG,dEFG,oTOV,dTOV,oREB,dREB,oFT,dFT
0,Arkansas-Pine Bluff_2010,-8.29,-7.68,864,0.447,0.455,0.285,0.251,0.356,0.729,0.323,0.361
1,Baylor_2010,17.97,8.03,965,0.549,0.44,0.287,0.276,0.385,0.672,0.26,0.225
2,Brigham Young_2010,18.82,3.0,965,0.552,0.462,0.252,0.303,0.312,0.722,0.307,0.244
3,Butler_2010,14.37,5.08,888,0.51,0.466,0.252,0.306,0.304,0.726,0.346,0.235
4,UC-Santa Barbara_2010,-0.13,-1.09,716,0.51,0.478,0.284,0.293,0.274,0.677,0.312,0.268
5,University of California_2010,17.29,8.26,846,0.533,0.483,0.27,0.287,0.347,0.689,0.268,0.231
6,Clemson_2010,15.71,7.9,758,0.511,0.464,0.297,0.319,0.365,0.665,0.23,0.24
7,Cornell_2010,8.76,-0.91,800,0.568,0.475,0.303,0.292,0.33,0.705,0.207,0.263
8,Duke_2010,25.21,9.21,991,0.505,0.437,0.244,0.301,0.403,0.679,0.287,0.234
9,East Tennessee State_2010,-0.83,-1.47,832,0.477,0.486,0.28,0.303,0.35,0.662,0.271,0.261
10,Florida State_2010,14.64,6.79,805,0.505,0.435,0.306,0.314,0.381,0.676,0.249,0.234
11,Florida_2010,11.89,7.16,810,0.494,0.484,0.279,0.316,0.37,0.672,0.235,0.188
12,Georgetown_2010,17.03,9.56,799,0.557,0.474,0.292,0.292,0.331,0.678,0.263,0.24
13,Georgia Tech_2010,14.11,9.02,966,0.511,0.441,0.298,0.299,0.374,0.667,0.248,0.23
14,Gonzaga_2010,12.11,3.83,928,0.54,0.462,0.246,0.283,0.321,0.711,0.328,0.219
15,Houston_2010,6.74,3.48,745,0.483,0.51,0.225,0.297,0.303,0.614,0.239,0.282
16,Kansas State_2010,19.88,10.28,878,0.508,0.47,0.245,0.283,0.404,0.661,0.336,0.328
17,Kansas_2010,24.68,8.25,989,0.551,0.432,0.259,0.299,0.384,0.683,0.288,0.215
18,Kentucky_2010,21.13,6.82,1046,0.53,0.431,0.263,0.303,0.405,0.682,0.291,0.204
19,Lehigh_2010,-3.33,-7.79,862,0.514,0.487,0.259,0.3,0.298,0.705,0.31,0.219
20,Louisville_2010,14.08,7.99,739,0.514,0.485,0.282,0.287,0.398,0.631,0.251,0.288
21,Marquette_2010,15.17,8.23,728,0.528,0.497,0.258,0.321,0.312,0.67,0.259,0.2
22,Maryland_2010,17.75,7.95,849,0.518,0.448,0.263,0.312,0.356,0.634,0.245,0.203
23,Michigan State_2010,15.33,8.17,939,0.516,0.466,0.287,0.294,0.398,0.716,0.253,0.223
24,Minnesota_2010,15.64,7.32,862,0.531,0.465,0.282,0.304,0.329,0.676,0.238,0.223
25,Missouri_2010,17.39,6.36,759,0.501,0.459,0.274,0.321,0.347,0.619,0.246,0.274
26,Montana_2010,3.93,-2.35,765,0.548,0.472,0.282,0.285,0.306,0.706,0.267,0.241
27,Morgan State_2010,-1.18,-6.15,920,0.475,0.465,0.252,0.267,0.397,0.653,0.307,0.291
28,Murray State_2010,8.69,-3.89,880,0.556,0.436,0.281,0.323,0.397,0.675,0.291,0.233
29,Nevada-Las Vegas_2010,12.57,4.82,812,0.52,0.455,0.277,0.282,0.293,0.693,0.234,0.337
30,New Mexico State_2010,2.06,1.66,854,0.532,0.51,0.266,0.285,0.299,0.659,0.269,0.22
31,New Mexico_2010,12.49,3.84,889,0.506,0.495,0.23,0.293,0.354,0.729,0.301,0.235
32,North Texas_2010,-2.49,-4.72,856,0.508,0.476,0.256,0.286,0.333,0.7,0.379,0.226
33,Northern Iowa_2010,12.03,4.27,797,0.496,0.466,0.268,0.317,0.307,0.732,0.281,0.199
34,Notre Dame_2010,13.14,6.22,848,0.537,0.493,0.247,0.282,0.347,0.695,0.275,0.206
35,Oakland_2010,-0.64,-2.96,867,0.498,0.499,0.263,0.291,0.376,0.695,0.307,0.215
36,Ohio State_2010,19.49,7.37,909,0.561,0.471,0.268,0.333,0.289,0.709,0.249,0.187
37,Ohio_2010,4.56,-0.03,928,0.494,0.469,0.259,0.298,0.324,0.663,0.295,0.248
38,Oklahoma State_2010,12.34,6.97,842,0.524,0.481,0.276,0.282,0.291,0.721,0.261,0.259
39,Old Dominion_2010,11.39,1.78,854,0.488,0.455,0.297,0.323,0.424,0.698,0.197,0.198
40,Pittsburgh_2010,14.3,7.39,849,0.497,0.446,0.26,0.268,0.37,0.688,0.297,0.224
41,Purdue_2010,17.52,8.81,819,0.491,0.448,0.251,0.309,0.294,0.682,0.279,0.263
42,Richmond_2010,10.03,3.43,835,0.511,0.442,0.275,0.301,0.26,0.644,0.227,0.256
43,Robert Morris_2010,-3.71,-6.15,815,0.489,0.469,0.274,0.28,0.346,0.675,0.306,0.344
44,Saint Mary's (CA)_2010,13.38,2.2,874,0.557,0.459,0.274,0.274,0.344,0.691,0.254,0.199
45,Sam Houston State_2010,3.71,-3.37,837,0.536,0.486,0.274,0.29,0.349,0.71,0.26,0.274
46,San Diego State_2010,11.34,4.21,813,0.522,0.465,0.275,0.31,0.402,0.684,0.249,0.209
47,Siena_2010,8.48,-1.17,868,0.493,0.48,0.257,0.352,0.355,0.705,0.261,0.136
48,Syracuse_2010,21.72,7.21,920,0.576,0.459,0.294,0.332,0.371,0.657,0.249,0.163
49,Temple_2010,12.44,4.27,904,0.491,0.43,0.287,0.304,0.321,0.723,0.189,0.188
50,Tennessee_2010,16.05,7.75,912,0.506,0.452,0.279,0.296,0.335,0.677,0.239,0.283
51,Texas A&M_2010,15.24,9.8,852,0.497,0.466,0.242,0.294,0.333,0.705,0.32,0.25
52,Texas-El Paso_2010,12.66,1.96,870,0.528,0.446,0.269,0.285,0.289,0.698,0.267,0.289
53,Texas_2010,18.56,7.38,922,0.511,0.449,0.257,0.292,0.389,0.679,0.258,0.241
54,Utah State_2010,13.62,1.23,876,0.551,0.458,0.277,0.295,0.338,0.731,0.226,0.206
55,Vanderbilt_2010,15.24,7.86,836,0.525,0.464,0.256,0.284,0.331,0.649,0.337,0.214
56,Vermont_2010,-1.26,-6.69,858,0.482,0.45,0.256,0.291,0.363,0.664,0.339,0.239
57,Villanova_2010,16.72,7.75,831,0.522,0.474,0.256,0.263,0.377,0.681,0.331,0.348
58,Wake Forest_2010,11.45,8.85,843,0.47,0.438,0.276,0.27,0.388,0.663,0.268,0.265
59,Washington_2010,15.64,7.49,888,0.497,0.465,0.252,0.28,0.369,0.678,0.295,0.304
60,West Virginia_2010,19.16,10.26,882,0.489,0.469,0.255,0.282,0.42,0.679,0.279,0.266
61,Winthrop_2010,-8.68,-7.31,826,0.412,0.449,0.268,0.3,0.341,0.698,0.232,0.26
62,Wisconsin_2010,17.84,7.66,736,0.514,0.468,0.252,0.29,0.302,0.737,0.238,0.248
63,Wofford_2010,4.43,-2.57,841,0.495,0.463,0.25,0.302,0.336,0.709,0.296,0.237
64,Xavier_2010,16.23,5.94,971,0.522,0.456,0.254,0.279,0.352,0.701,0.298,0.215
65,Akron_2011,2.15,-1.02,875,0.499,0.464,0.285,0.286,0.283,0.673,0.22,0.253
66,Alabama-Birmingham_2011,8.55,2.78,757,0.508,0.459,0.301,0.292,0.334,0.694,0.213,0.228
67,Alabama State_2011,-13.37,-10.31,811,0.44,0.454,0.279,0.272,0.357,0.666,0.285,0.352
68,Arizona_2011,16.54,7.99,911,0.541,0.486,0.259,0.275,0.34,0.708,0.325,0.248
69,Little Rock_2011,-4.32,-2.97,827,0.488,0.494,0.255,0.274,0.299,0.687,0.292,0.312
70,Belmont_2011,13.07,-4.42,807,0.542,0.461,0.276,0.31,0.374,0.679,0.281,0.313
71,Boston University_2011,-2.48,-3.85,835,0.473,0.46,0.273,0.286,0.34,0.657,0.272,0.212
72,Brigham Young_2011,18.65,5.76,1005,0.518,0.465,0.241,0.3,0.312,0.718,0.292,0.225
73,Bucknell_2011,2.39,-3.87,879,0.509,0.454,0.273,0.274,0.252,0.71,0.269,0.244
74,Butler_2011,11.53,5.02,906,0.501,0.481,0.255,0.275,0.332,0.721,0.273,0.26
75,UC-Santa Barbara_2011,1.22,0.12,761,0.523,0.473,0.3,0.277,0.284,0.681,0.281,0.284
76,Cincinnati_2011,15.41,6.1,783,0.494,0.458,0.26,0.304,0.381,0.69,0.256,0.249
77,Clemson_2011,13.76,6.58,793,0.503,0.456,0.28,0.311,0.342,0.675,0.27,0.247
78,Connecticut_2011,17.95,10.44,1056,0.482,0.445,0.266,0.293,0.387,0.659,0.258,0.182
79,Duke_2011,24.51,8.32,953,0.537,0.445,0.26,0.312,0.351,0.668,0.282,0.193
80,Florida State_2011,13.48,6.45,910,0.49,0.424,0.299,0.299,0.356,0.693,0.253,0.252
81,Florida_2011,16.27,7.57,917,0.521,0.472,0.274,0.308,0.372,0.7,0.239,0.187
82,George Mason_2011,11.66,1.37,824,0.532,0.466,0.256,0.303,0.329,0.687,0.266,0.217
83,Georgetown_2011,14.61,10.39,757,0.541,0.468,0.302,0.26,0.337,0.677,0.245,0.268
84,Georgia_2011,10.43,6.13,836,0.495,0.448,0.285,0.275,0.368,0.683,0.255,0.243
85,Gonzaga_2011,13.86,4.01,916,0.531,0.469,0.27,0.297,0.354,0.718,0.317,0.248
86,Hampton_2011,-5.2,-8.77,803,0.463,0.432,0.26,0.303,0.297,0.641,0.267,0.241
87,Illinois_2011,16.72,11.11,836,0.529,0.457,0.308,0.283,0.317,0.685,0.206,0.237
88,Indiana State_2011,3.41,2.9,820,0.494,0.462,0.293,0.264,0.309,0.702,0.268,0.326
89,Kansas State_2011,14.59,8.41,790,0.499,0.471,0.273,0.283,0.409,0.693,0.28,0.319
90,Kansas_2011,24.1,7.62,1026,0.57,0.445,0.27,0.303,0.367,0.721,0.267,0.233
91,Kentucky_2011,20.3,8.91,975,0.523,0.442,0.254,0.291,0.343,0.693,0.257,0.218
92,Long Island University_2011,2.23,-5.77,899,0.519,0.483,0.251,0.318,0.374,0.677,0.321,0.173
93,Louisville_2011,18.6,8.2,838,0.526,0.445,0.297,0.297,0.348,0.648,0.198,0.277
94,Marquette_2011,14.89,8.51,872,0.51,0.499,0.248,0.312,0.361,0.668,0.308,0.19
95,Memphis_2011,6.91,3.14,825,0.504,0.468,0.289,0.286,0.353,0.65,0.269,0.267
96,Michigan State_2011,13.7,11.67,849,0.489,0.481,0.284,0.267,0.345,0.71,0.256,0.255
97,Michigan_2011,14.21,10.68,826,0.523,0.489,0.291,0.298,0.255,0.711,0.186,0.202
98,Missouri_2011,14.77,6.5,772,0.515,0.489,0.271,0.306,0.339,0.637,0.25,0.276
99,Morehead State_2011,2.81,-3.13,827,0.509,0.488,0.291,0.309,0.416,0.725,0.27,0.255
100,Nevada-Las Vegas_2011,14.67,6.0,783,0.509,0.46,0.268,0.304,0.331,0.683,0.27,0.276
101,North Carolina-Asheville_2011,-0.69,-2.89,813,0.495,0.474,0.278,0.307,0.332,0.649,0.295,0.264
102,North Carolina_2011,18.87,10.15,1053,0.492,0.462,0.264,0.322,0.371,0.699,0.255,0.163
103,Northern Colorado_2011,1.39,-2.24,774,0.502,0.483,0.275,0.277,0.353,0.717,0.334,0.303
104,Notre Dame_2011,18.17,8.43,890,0.535,0.467,0.234,0.289,0.334,0.705,0.327,0.182
105,Oakland_2011,8.28,0.1,915,0.559,0.496,0.266,0.277,0.372,0.68,0.281,0.221
106,Ohio State_2011,25.84,8.38,858,0.563,0.483,0.248,0.365,0.357,0.716,0.26,0.152
107,Old Dominion_2011,9.03,1.76,831,0.485,0.473,0.276,0.308,0.454,0.718,0.251,0.172
108,Penn State_2011,11.98,11.45,731,0.501,0.507,0.284,0.294,0.322,0.698,0.225,0.203
109,Pittsburgh_2011,20.82,7.85,875,0.529,0.451,0.248,0.279,0.429,0.714,0.289,0.218
110,Princeton_2011,3.71,-1.61,790,0.522,0.467,0.28,0.282,0.315,0.732,0.263,0.251
111,Purdue_2011,19.36,8.69,827,0.507,0.46,0.256,0.314,0.324,0.703,0.246,0.212
112,Richmond_2011,11.23,2.79,878,0.531,0.451,0.271,0.301,0.286,0.666,0.222,0.201
113,Saint Peter's_2011,-0.28,-1.08,825,0.455,0.424,0.298,0.279,0.321,0.657,0.25,0.276
114,San Diego State_2011,17.96,6.36,924,0.515,0.444,0.276,0.313,0.382,0.708,0.213,0.194
115,Southern California_2011,11.52,7.97,813,0.499,0.462,0.273,0.276,0.299,0.715,0.23,0.253
116,St. John's (NY)_2011,13.1,10.01,714,0.495,0.508,0.255,0.304,0.325,0.669,0.314,0.282
117,Syracuse_2011,18.85,8.79,879,0.528,0.455,0.274,0.311,0.367,0.665,0.239,0.198
118,Temple_2011,12.35,4.23,844,0.5,0.463,0.264,0.32,0.321,0.713,0.236,0.187
119,Tennessee_2011,11.08,8.73,815,0.476,0.479,0.27,0.287,0.378,0.677,0.272,0.264
120,Texas A&M_2011,12.62,5.94,781,0.494,0.465,0.258,0.294,0.382,0.709,0.324,0.25
121,Texas-San Antonio_2011,-5.8,-4.93,824,0.491,0.484,0.272,0.29,0.304,0.666,0.292,0.249
122,Texas_2011,20.82,7.96,958,0.502,0.426,0.242,0.294,0.382,0.694,0.282,0.211
123,UCLA_2011,11.7,7.93,860,0.502,0.463,0.277,0.279,0.36,0.685,0.301,0.222
124,Utah State_2011,13.23,0.5,903,0.527,0.435,0.256,0.286,0.345,0.739,0.315,0.23
125,Vanderbilt_2011,15.1,6.86,885,0.529,0.46,0.256,0.292,0.329,0.679,0.336,0.195
126,Villanova_2011,15.05,8.23,821,0.495,0.463,0.252,0.271,0.358,0.698,0.32,0.258
127,Virginia Commonwealth_2011,8.56,3.78,864,0.511,0.492,0.262,0.304,0.309,0.635,0.264,0.231
128,Washington_2011,20.12,7.74,879,0.537,0.464,0.272,0.269,0.377,0.681,0.212,0.299
129,West Virginia_2011,16.15,11.03,758,0.485,0.459,0.258,0.272,0.402,0.645,0.291,0.251
130,Wisconsin_2011,18.77,9.42,733,0.518,0.482,0.246,0.274,0.326,0.729,0.241,0.245
131,Wofford_2011,4.35,-1.21,736,0.53,0.498,0.255,0.275,0.341,0.676,0.291,0.298
132,Xavier_2011,11.88,4.41,802,0.512,0.465,0.253,0.284,0.324,0.723,0.332,0.255
133,Alabama_2012,13.76,7.18,714,0.491,0.437,0.288,0.287,0.335,0.657,0.257,0.247
134,Baylor_2012,16.54,8.03,810,0.528,0.473,0.289,0.301,0.384,0.654,0.266,0.229
135,Belmont_2012,11.81,-1.22,750,0.558,0.481,0.262,0.297,0.345,0.651,0.282,0.23
136,Brigham Young_2012,11.25,1.55,842,0.521,0.471,0.275,0.311,0.306,0.708,0.257,0.22
137,University of California_2012,13.79,4.53,754,0.517,0.464,0.281,0.317,0.321,0.705,0.254,0.183
138,Cincinnati_2012,12.93,6.28,736,0.48,0.462,0.278,0.328,0.357,0.624,0.189,0.18
139,Colorado State_2012,6.58,5.23,673,0.53,0.503,0.272,0.267,0.287,0.685,0.324,0.278
140,Colorado_2012,7.91,5.73,841,0.499,0.461,0.268,0.29,0.301,0.697,0.299,0.207
141,Connecticut_2012,12.27,8.07,736,0.5,0.446,0.28,0.296,0.363,0.617,0.229,0.186
142,Creighton_2012,12.92,3.41,833,0.578,0.496,0.267,0.273,0.308,0.717,0.276,0.198
143,Davidson_2012,7.26,-1.68,752,0.511,0.473,0.257,0.259,0.354,0.705,0.283,0.277
144,Detroit Mercy_2012,2.4,-0.01,690,0.491,0.503,0.256,0.301,0.358,0.644,0.312,0.263
145,Duke_2012,17.05,8.4,746,0.528,0.471,0.245,0.285,0.347,0.654,0.316,0.227
146,Florida State_2012,14.53,7.62,771,0.512,0.437,0.311,0.306,0.35,0.642,0.246,0.245
147,Florida_2012,18.25,7.33,764,0.548,0.478,0.27,0.3,0.335,0.661,0.237,0.207
148,Georgetown_2012,16.81,7.69,741,0.519,0.433,0.277,0.287,0.358,0.673,0.27,0.243
149,Gonzaga_2012,13.86,3.25,736,0.535,0.466,0.259,0.312,0.346,0.689,0.33,0.185
150,Harvard_2012,7.84,-1.56,661,0.529,0.456,0.276,0.312,0.303,0.708,0.307,0.197
151,Indiana_2012,18.63,7.8,747,0.552,0.481,0.259,0.293,0.353,0.656,0.34,0.241
152,Iona_2012,8.36,-1.82,689,0.565,0.511,0.286,0.326,0.321,0.645,0.216,0.2
153,Iowa State_2012,13.32,7.32,802,0.526,0.486,0.267,0.301,0.323,0.717,0.266,0.185
154,Kansas State_2012,14.47,7.53,658,0.489,0.46,0.271,0.295,0.407,0.631,0.29,0.288
155,Kansas_2012,21.72,9.93,919,0.523,0.434,0.27,0.298,0.349,0.687,0.275,0.239
156,Kentucky_2012,24.73,7.93,973,0.538,0.42,0.243,0.301,0.371,0.666,0.302,0.179
157,Lamar_2012,2.41,-3.77,791,0.469,0.466,0.247,0.3,0.378,0.673,0.295,0.223
158,Lehigh_2012,4.27,-5.14,718,0.507,0.467,0.252,0.302,0.317,0.661,0.291,0.239
159,Cal State Long Beach_2012,9.52,0.87,750,0.527,0.475,0.263,0.332,0.347,0.668,0.281,0.189
160,Long Island University_2012,-1.34,-5.1,771,0.532,0.494,0.265,0.324,0.342,0.621,0.363,0.153
161,Louisville_2012,16.19,9.02,905,0.473,0.433,0.288,0.309,0.357,0.64,0.249,0.227
162,Loyola (MD)_2012,0.37,-2.72,614,0.472,0.478,0.269,0.289,0.381,0.628,0.309,0.275
163,Marquette_2012,16.92,7.5,735,0.501,0.454,0.263,0.323,0.339,0.611,0.295,0.21
164,Memphis_2012,16.86,5.26,761,0.54,0.434,0.265,0.284,0.313,0.642,0.296,0.266
165,Michigan State_2012,21.32,9.82,882,0.527,0.433,0.278,0.289,0.361,0.708,0.264,0.242
166,Michigan_2012,13.19,8.98,676,0.532,0.485,0.298,0.308,0.28,0.673,0.204,0.212
167,Mississippi Valley State_2012,-8.03,-7.65,696,0.463,0.496,0.295,0.296,0.339,0.643,0.225,0.276
168,Missouri_2012,19.77,5.68,706,0.58,0.501,0.248,0.326,0.304,0.65,0.287,0.185
169,Montana_2012,4.55,-3.39,663,0.52,0.454,0.272,0.298,0.283,0.657,0.285,0.268
170,Murray State_2012,8.74,-2.6,659,0.537,0.457,0.273,0.321,0.349,0.633,0.318,0.229
171,Nevada-Las Vegas_2012,13.55,4.37,819,0.527,0.465,0.28,0.307,0.328,0.681,0.241,0.229
172,New Mexico State_2012,8.73,0.08,834,0.515,0.481,0.251,0.304,0.411,0.686,0.346,0.218
173,New Mexico_2012,15.6,3.34,821,0.531,0.44,0.278,0.313,0.347,0.701,0.279,0.211
174,Norfolk State_2012,-3.68,-5.39,765,0.49,0.463,0.283,0.282,0.342,0.64,0.275,0.255
175,North Carolina-Asheville_2012,3.06,-2.72,716,0.541,0.504,0.253,0.304,0.344,0.633,0.358,0.237
176,North Carolina State_2012,12.1,6.8,825,0.504,0.471,0.274,0.286,0.358,0.666,0.255,0.228
177,North Carolina_2012,21.34,7.07,1022,0.498,0.45,0.246,0.328,0.391,0.706,0.254,0.148
178,Notre Dame_2012,11.18,6.47,705,0.495,0.458,0.252,0.3,0.305,0.649,0.263,0.18
179,Ohio State_2012,23.95,9.07,898,0.521,0.464,0.257,0.329,0.349,0.733,0.27,0.203
180,Ohio_2012,7.17,0.17,685,0.494,0.465,0.281,0.31,0.339,0.622,0.245,0.299
181,Purdue_2012,13.88,8.05,648,0.511,0.499,0.235,0.291,0.318,0.648,0.224,0.236
182,Saint Louis_2012,15.15,4.06,648,0.515,0.454,0.269,0.309,0.316,0.677,0.259,0.266
183,Saint Mary's (CA)_2012,11.26,0.78,774,0.541,0.477,0.262,0.3,0.359,0.722,0.281,0.194
184,San Diego State_2012,9.04,3.79,793,0.505,0.466,0.274,0.307,0.315,0.712,0.259,0.196
185,South Dakota State_2012,7.34,-1.87,715,0.54,0.5,0.243,0.309,0.312,0.686,0.29,0.2
186,South Florida_2012,9.2,7.29,741,0.485,0.434,0.309,0.287,0.342,0.665,0.239,0.223
187,Southern Mississippi_2012,7.79,3.61,662,0.469,0.495,0.246,0.293,0.372,0.692,0.29,0.29
188,St. Bonaventure_2012,8.25,2.84,686,0.508,0.471,0.276,0.277,0.355,0.677,0.32,0.266
189,Syracuse_2012,21.12,8.02,722,0.521,0.442,0.262,0.324,0.363,0.572,0.23,0.209
190,Temple_2012,10.44,4.94,686,0.531,0.483,0.281,0.291,0.315,0.653,0.246,0.233
191,Texas_2012,14.0,8.12,665,0.485,0.469,0.255,0.272,0.385,0.619,0.312,0.281
192,Vanderbilt_2012,15.71,8.04,764,0.541,0.469,0.273,0.303,0.316,0.652,0.28,0.2
193,Vermont_2012,0.98,-5.19,765,0.493,0.455,0.277,0.292,0.343,0.664,0.276,0.226
194,Virginia Commonwealth_2012,8.79,0.63,676,0.476,0.473,0.263,0.331,0.334,0.632,0.249,0.254
195,Virginia_2012,12.51,4.23,691,0.507,0.447,0.284,0.313,0.271,0.722,0.256,0.198
196,West Virginia_2012,12.13,7.53,642,0.483,0.498,0.267,0.305,0.409,0.66,0.259,0.212
197,Western Kentucky_2012,-2.66,0.51,724,0.444,0.474,0.288,0.287,0.341,0.647,0.276,0.279
198,Wichita State_2012,17.42,3.8,798,0.543,0.443,0.276,0.292,0.335,0.713,0.26,0.224
199,Wisconsin_2012,19.04,8.24,763,0.501,0.425,0.263,0.294,0.306,0.697,0.227,0.203
200,Xavier_2012,9.59,6.22,805,0.497,0.456,0.261,0.276,0.313,0.67,0.287,0.263
201,Akron_2013,8.11,0.18,720,0.516,0.443,0.287,0.294,0.377,0.668,0.233,0.245
202,Albany (NY)_2013,-0.87,-4.53,677,0.496,0.483,0.286,0.315,0.317,0.676,0.295,0.182
203,Arizona_2013,17.3,7.47,779,0.525,0.466,0.28,0.298,0.35,0.708,0.28,0.234
204,Belmont_2013,10.37,-0.96,660,0.567,0.477,0.296,0.319,0.299,0.632,0.24,0.264
205,Boise State_2013,9.44,5.27,665,0.53,0.502,0.282,0.283,0.315,0.735,0.249,0.287
206,Bucknell_2013,6.95,-1.96,834,0.496,0.425,0.248,0.265,0.293,0.735,0.268,0.205
207,Butler_2013,10.99,6.08,794,0.512,0.468,0.28,0.271,0.363,0.711,0.268,0.25
208,University of California_2013,10.65,7.77,773,0.48,0.443,0.294,0.272,0.325,0.668,0.223,0.223
209,Cincinnati_2013,14.46,6.93,731,0.462,0.433,0.277,0.299,0.387,0.666,0.229,0.218
210,Colorado State_2013,13.65,5.89,804,0.495,0.477,0.238,0.265,0.412,0.741,0.312,0.249
211,Colorado_2013,11.95,7.95,750,0.483,0.459,0.273,0.319,0.336,0.669,0.281,0.175
212,Creighton_2013,16.44,5.16,872,0.582,0.459,0.289,0.291,0.288,0.708,0.26,0.178
213,Davidson_2013,7.27,-3.45,742,0.532,0.452,0.256,0.277,0.29,0.693,0.309,0.264
214,Duke_2013,21.43,9.54,782,0.539,0.455,0.245,0.3,0.288,0.653,0.289,0.237
215,Florida Gulf Coast_2013,2.76,-2.07,814,0.521,0.465,0.298,0.31,0.322,0.646,0.235,0.228
216,Florida_2013,23.86,6.83,798,0.552,0.433,0.281,0.324,0.334,0.69,0.21,0.195
217,Georgetown_2013,15.84,7.59,662,0.511,0.43,0.288,0.305,0.304,0.659,0.25,0.235
218,Gonzaga_2013,20.47,4.18,786,0.555,0.449,0.251,0.315,0.378,0.678,0.283,0.2
219,Harvard_2013,3.95,0.16,577,0.542,0.488,0.267,0.311,0.26,0.656,0.354,0.225
220,Illinois_2013,13.23,10.08,671,0.479,0.485,0.28,0.299,0.331,0.631,0.225,0.251
221,Indiana_2013,24.9,8.38,831,0.548,0.44,0.255,0.322,0.39,0.66,0.341,0.191
222,Iona_2013,4.04,-0.02,699,0.521,0.516,0.275,0.293,0.328,0.626,0.255,0.215
223,Iowa State_2013,14.5,6.13,816,0.538,0.48,0.285,0.288,0.342,0.69,0.241,0.237
224,James Madison_2013,-1.73,-2.28,699,0.476,0.487,0.264,0.286,0.296,0.655,0.257,0.273
225,Kansas State_2013,13.53,6.53,675,0.495,0.466,0.28,0.302,0.387,0.643,0.216,0.248
226,Kansas_2013,20.79,7.54,955,0.533,0.415,0.28,0.286,0.338,0.687,0.291,0.22
227,La Salle_2013,10.14,4.46,626,0.519,0.493,0.281,0.32,0.29,0.623,0.231,0.194
228,Liberty_2013,-9.13,-5.8,797,0.493,0.473,0.277,0.245,0.297,0.647,0.288,0.263
229,Long Island University_2013,-3.21,-5.8,679,0.544,0.526,0.264,0.288,0.352,0.628,0.315,0.214
230,Louisville_2013,24.81,9.13,854,0.506,0.448,0.259,0.333,0.382,0.646,0.283,0.23
231,Marquette_2013,14.04,8.58,698,0.496,0.462,0.277,0.295,0.383,0.632,0.299,0.216
232,Memphis_2013,12.26,2.7,805,0.524,0.455,0.288,0.305,0.356,0.661,0.246,0.236
233,Miami (FL)_2013,16.99,7.88,822,0.519,0.457,0.263,0.301,0.306,0.693,0.236,0.184
234,Michigan State_2013,18.64,10.55,820,0.505,0.441,0.29,0.295,0.364,0.699,0.264,0.213
235,Michigan_2013,21.28,10.05,830,0.549,0.478,0.267,0.326,0.327,0.677,0.199,0.154
236,Middle Tennessee_2013,11.16,-1.52,740,0.511,0.444,0.275,0.296,0.365,0.685,0.288,0.271
237,Minnesota_2013,16.83,10.31,685,0.493,0.456,0.275,0.284,0.436,0.631,0.285,0.255
238,Mississippi_2013,14.42,4.14,785,0.491,0.464,0.238,0.313,0.336,0.645,0.263,0.206
239,Missouri_2013,15.41,6.0,812,0.512,0.461,0.278,0.289,0.387,0.685,0.261,0.203
240,Montana_2013,-1.11,-4.21,657,0.532,0.481,0.273,0.28,0.259,0.663,0.305,0.248
241,Nevada-Las Vegas_2013,12.92,5.71,863,0.492,0.439,0.283,0.301,0.338,0.705,0.262,0.204
242,New Mexico State_2013,5.11,0.7,806,0.493,0.45,0.272,0.297,0.373,0.684,0.303,0.217
243,New Mexico_2013,13.28,6.63,788,0.484,0.459,0.246,0.32,0.293,0.697,0.329,0.173
244,North Carolina A&T_2013,-6.94,-6.3,779,0.458,0.449,0.291,0.297,0.3,0.636,0.276,0.267
245,North Carolina State_2013,14.32,7.17,790,0.542,0.468,0.258,0.281,0.347,0.648,0.279,0.21
246,North Carolina_2013,14.52,8.01,776,0.499,0.48,0.285,0.329,0.344,0.65,0.19,0.188
247,Northwestern State_2013,0.41,-3.77,698,0.505,0.469,0.268,0.294,0.353,0.606,0.265,0.243
248,Notre Dame_2013,13.74,7.22,759,0.522,0.468,0.28,0.296,0.34,0.673,0.227,0.17
249,Ohio State_2013,20.19,9.32,841,0.506,0.454,0.254,0.315,0.311,0.7,0.251,0.211
250,Oklahoma State_2013,15.57,6.73,756,0.488,0.445,0.261,0.301,0.313,0.668,0.302,0.241
251,Oklahoma_2013,11.4,7.09,689,0.478,0.474,0.267,0.298,0.332,0.655,0.268,0.218
252,Oregon_2013,13.82,5.77,834,0.493,0.464,0.289,0.313,0.357,0.704,0.27,0.225
253,Pacific_2013,1.96,1.05,704,0.509,0.49,0.266,0.287,0.295,0.676,0.256,0.264
254,Pittsburgh_2013,18.82,5.63,642,0.517,0.446,0.261,0.302,0.404,0.67,0.251,0.263
255,Saint Louis_2013,14.33,4.28,726,0.504,0.455,0.245,0.316,0.274,0.681,0.31,0.229
256,Saint Mary's (CA)_2013,14.51,3.31,777,0.54,0.473,0.269,0.275,0.371,0.731,0.267,0.265
257,San Diego State_2013,13.01,6.19,768,0.491,0.446,0.27,0.307,0.323,0.693,0.248,0.191
258,South Dakota State_2013,2.36,-3.27,794,0.539,0.506,0.269,0.313,0.298,0.732,0.247,0.165
259,Southern_2013,-2.61,-10.31,747,0.497,0.411,0.255,0.296,0.264,0.668,0.27,0.23
260,Syracuse_2013,20.3,8.57,820,0.49,0.426,0.27,0.309,0.388,0.616,0.248,0.238
261,Temple_2013,9.52,5.2,676,0.49,0.49,0.254,0.295,0.308,0.654,0.257,0.247
262,UCLA_2013,12.88,7.82,778,0.491,0.475,0.263,0.323,0.307,0.629,0.24,0.164
263,Valparaiso_2013,7.15,-1.13,705,0.559,0.459,0.288,0.287,0.312,0.686,0.307,0.262
264,Villanova_2013,10.74,8.53,733,0.474,0.472,0.273,0.292,0.33,0.679,0.363,0.278
265,Virginia Commonwealth_2013,16.89,4.47,676,0.513,0.499,0.274,0.329,0.36,0.628,0.209,0.276
266,Western Kentucky_2013,-0.65,-1.14,763,0.485,0.475,0.294,0.288,0.351,0.671,0.26,0.265
267,Wichita State_2013,14.68,6.09,843,0.5,0.453,0.277,0.283,0.38,0.704,0.255,0.274
268,Wisconsin_2013,18.76,9.73,801,0.486,0.43,0.267,0.309,0.324,0.711,0.188,0.177
269,Albany (NY)_2014,-3.31,-5.22,832,0.488,0.483,0.27,0.298,0.319,0.717,0.315,0.21
270,American_2014,0.69,-3.25,754,0.558,0.464,0.317,0.273,0.265,0.703,0.248,0.276
271,Arizona State_2014,13.32,7.41,891,0.524,0.463,0.245,0.259,0.245,0.698,0.295,0.242
272,Arizona_2014,23.36,9.04,984,0.517,0.423,0.235,0.287,0.364,0.727,0.27,0.245
273,Baylor_2014,15.8,10.11,931,0.521,0.485,0.241,0.267,0.406,0.683,0.306,0.213
274,Brigham Young_2014,11.63,5.72,969,0.503,0.489,0.214,0.261,0.347,0.717,0.334,0.265
275,Cal Poly_2014,-1.34,1.69,719,0.466,0.488,0.251,0.262,0.318,0.678,0.224,0.295
276,Cincinnati_2014,15.26,5.28,767,0.477,0.448,0.253,0.303,0.391,0.677,0.274,0.243
277,Coastal Carolina_2014,-5.21,-6.31,902,0.491,0.471,0.278,0.273,0.351,0.708,0.266,0.262
278,Colorado_2014,10.8,8.8,904,0.483,0.494,0.254,0.292,0.34,0.739,0.346,0.213
279,Connecticut_2014,17.23,8.63,1002,0.515,0.446,0.262,0.282,0.304,0.671,0.298,0.237
280,Creighton_2014,18.03,7.17,899,0.589,0.485,0.256,0.254,0.277,0.722,0.252,0.229
281,Dayton_2014,10.55,5.34,875,0.524,0.488,0.259,0.262,0.34,0.713,0.277,0.304
282,Delaware_2014,2.73,-1.1,879,0.504,0.494,0.21,0.255,0.291,0.672,0.312,0.263
283,Duke_2014,19.51,8.48,797,0.538,0.493,0.228,0.264,0.345,0.691,0.283,0.282
284,Eastern Kentucky_2014,0.6,-4.34,641,0.574,0.549,0.237,0.283,0.236,0.664,0.331,0.381
285,Florida_2014,20.69,8.54,948,0.522,0.454,0.245,0.313,0.347,0.719,0.283,0.217
286,George Washington_2014,10.6,4.42,835,0.515,0.472,0.252,0.291,0.351,0.686,0.304,0.222
287,Gonzaga_2014,15.56,5.36,948,0.56,0.448,0.257,0.259,0.306,0.704,0.286,0.275
288,Harvard_2014,10.79,-0.47,757,0.519,0.458,0.237,0.302,0.328,0.704,0.347,0.257
289,Iowa State_2014,18.52,9.88,1012,0.542,0.477,0.241,0.272,0.288,0.715,0.252,0.225
290,Iowa_2014,18.58,7.43,885,0.511,0.474,0.226,0.281,0.377,0.71,0.333,0.25
291,Kansas State_2014,12.14,8.47,774,0.488,0.453,0.261,0.254,0.347,0.668,0.264,0.311
292,Kansas_2014,20.25,11.4,920,0.542,0.471,0.249,0.235,0.373,0.712,0.343,0.309
293,Kentucky_2014,18.07,9.9,1045,0.5,0.46,0.225,0.253,0.414,0.705,0.353,0.254
294,Louisiana_2014,2.91,-0.28,865,0.522,0.497,0.251,0.261,0.363,0.684,0.288,0.302
295,Louisville_2014,24.69,4.8,893,0.535,0.439,0.23,0.313,0.371,0.673,0.272,0.261
296,Manhattan_2014,6.04,-0.9,819,0.507,0.454,0.239,0.259,0.344,0.667,0.368,0.37
297,Massachusetts_2014,10.61,6.0,863,0.504,0.466,0.268,0.273,0.344,0.683,0.268,0.251
298,Memphis_2014,13.02,7.14,841,0.522,0.482,0.264,0.295,0.356,0.666,0.257,0.217
299,Mercer_2014,5.33,-3.42,931,0.547,0.459,0.257,0.267,0.34,0.7,0.282,0.272
300,Michigan State_2014,19.35,9.38,1005,0.545,0.458,0.271,0.26,0.322,0.728,0.239,0.294
301,Michigan_2014,18.52,9.65,844,0.557,0.494,0.246,0.297,0.286,0.699,0.266,0.195
302,Milwaukee_2014,-1.53,-0.44,839,0.493,0.488,0.266,0.279,0.283,0.692,0.32,0.265
303,Mount St. Mary's_2014,-6.32,-4.44,725,0.515,0.535,0.262,0.284,0.278,0.67,0.271,0.253
304,Nebraska_2014,10.13,8.5,781,0.483,0.476,0.247,0.258,0.257,0.71,0.303,0.306
305,New Mexico State_2014,6.16,-2.58,918,0.539,0.438,0.235,0.262,0.375,0.668,0.368,0.245
306,New Mexico_2014,12.72,4.84,936,0.511,0.45,0.228,0.26,0.325,0.718,0.338,0.227
307,North Carolina Central_2014,3.97,-8.03,794,0.513,0.435,0.236,0.293,0.366,0.675,0.347,0.302
308,North Carolina State_2014,9.02,7.44,817,0.5,0.475,0.248,0.247,0.342,0.643,0.243,0.303
309,North Carolina_2014,15.24,8.42,867,0.499,0.47,0.24,0.267,0.381,0.687,0.268,0.278
310,North Dakota State_2014,6.31,-0.02,774,0.555,0.487,0.237,0.267,0.317,0.727,0.307,0.291
311,Ohio State_2014,17.84,8.12,841,0.503,0.452,0.249,0.321,0.296,0.704,0.291,0.212
312,Oklahoma State_2014,19.02,8.34,871,0.524,0.463,0.212,0.273,0.28,0.68,0.357,0.282
313,Oklahoma_2014,14.91,8.97,844,0.517,0.497,0.242,0.264,0.324,0.696,0.295,0.275
314,Oregon_2014,15.75,8.05,803,0.535,0.491,0.237,0.25,0.322,0.681,0.338,0.339
315,Pittsburgh_2014,17.46,7.54,859,0.507,0.467,0.232,0.282,0.373,0.709,0.315,0.257
316,Providence_2014,11.37,7.85,846,0.483,0.489,0.247,0.265,0.354,0.693,0.328,0.233
317,Saint Joseph's_2014,9.05,5.08,899,0.539,0.478,0.256,0.267,0.29,0.724,0.281,0.212
318,Saint Louis_2014,11.63,4.24,886,0.494,0.44,0.266,0.297,0.294,0.715,0.281,0.243
319,San Diego State_2014,14.95,4.86,894,0.481,0.431,0.22,0.309,0.367,0.707,0.298,0.215
320,Stanford_2014,13.42,9.0,910,0.513,0.48,0.241,0.263,0.293,0.719,0.316,0.265
321,Stephen F. Austin_2014,4.82,-6.76,735,0.525,0.499,0.248,0.285,0.384,0.715,0.286,0.352
322,Syracuse_2014,16.05,7.25,754,0.482,0.48,0.231,0.299,0.381,0.685,0.27,0.245
323,Tennessee_2014,17.34,7.84,923,0.503,0.462,0.238,0.279,0.398,0.724,0.299,0.224
324,Texas Southern_2014,-8.41,-10.07,860,0.521,0.505,0.25,0.276,0.338,0.69,0.352,0.201
325,Texas_2014,12.67,9.15,921,0.474,0.465,0.242,0.243,0.396,0.698,0.291,0.283
326,Tulsa_2014,6.23,1.17,863,0.492,0.464,0.234,0.262,0.302,0.704,0.318,0.327
327,UCLA_2014,18.4,7.62,940,0.541,0.499,0.237,0.293,0.298,0.714,0.286,0.241
328,Villanova_2014,18.97,7.5,884,0.536,0.463,0.245,0.281,0.326,0.713,0.318,0.273
329,Virginia Commonwealth_2014,14.55,4.78,838,0.479,0.478,0.261,0.316,0.343,0.694,0.237,0.265
330,Virginia_2014,18.38,7.86,933,0.508,0.442,0.239,0.288,0.332,0.744,0.283,0.215
331,Weber State_2014,-0.92,-4.23,800,0.547,0.465,0.249,0.246,0.289,0.72,0.369,0.239
332,Western Michigan_2014,1.73,-1.45,820,0.52,0.47,0.26,0.281,0.316,0.68,0.368,0.246
333,Wichita State_2014,16.65,1.74,962,0.526,0.446,0.225,0.282,0.351,0.739,0.342,0.229
334,Wisconsin_2014,19.69,10.19,929,0.533,0.472,0.208,0.28,0.281,0.726,0.318,0.196
335,Wofford_2014,-4.32,-5.95,738,0.502,0.489,0.271,0.281,0.317,0.721,0.218,0.272
336,Xavier_2014,11.84,8.14,834,0.517,0.494,0.261,0.255,0.341,0.713,0.286,0.264
337,Alabama-Birmingham_2015,1.94,1.62,888,0.477,0.476,0.287,0.291,0.342,0.671,0.259,0.225
338,Albany (NY)_2015,-0.34,-5.18,777,0.499,0.496,0.27,0.309,0.326,0.739,0.296,0.212
339,Arizona_2015,24.33,7.41,988,0.535,0.451,0.231,0.295,0.345,0.776,0.338,0.26
340,Arkansas_2015,14.07,6.79,820,0.5,0.483,0.256,0.295,0.357,0.654,0.27,0.278
341,Baylor_2015,17.85,9.33,836,0.497,0.455,0.273,0.292,0.424,0.69,0.26,0.205
342,Belmont_2015,0.35,-2.77,786,0.567,0.515,0.303,0.304,0.29,0.704,0.225,0.203
343,Boise State_2015,10.01,1.38,821,0.537,0.472,0.27,0.303,0.284,0.746,0.236,0.222
344,Brigham Young_2015,13.53,5.02,928,0.539,0.489,0.242,0.267,0.341,0.715,0.325,0.27
345,Buffalo_2015,7.93,1.6,840,0.487,0.485,0.24,0.291,0.345,0.696,0.306,0.228
346,Butler_2015,16.64,8.62,831,0.484,0.467,0.247,0.296,0.347,0.747,0.279,0.227
347,UC-Irvine_2015,3.63,0.45,869,0.52,0.442,0.297,0.271,0.302,0.695,0.2,0.24
348,Cincinnati_2015,10.72,4.4,795,0.495,0.441,0.288,0.317,0.373,0.677,0.249,0.17
349,Coastal Carolina_2015,-1.02,-6.18,891,0.5,0.461,0.253,0.283,0.375,0.738,0.283,0.235
350,Davidson_2015,11.97,3.19,809,0.556,0.492,0.261,0.267,0.3,0.697,0.203,0.224
351,Dayton_2015,10.98,4.06,866,0.53,0.472,0.248,0.313,0.233,0.716,0.33,0.207
352,Duke_2015,24.97,9.87,991,0.566,0.465,0.245,0.318,0.358,0.698,0.278,0.166
353,Eastern Washington_2015,0.79,-3.84,832,0.562,0.52,0.256,0.274,0.299,0.696,0.255,0.253
354,Georgetown_2015,15.48,9.81,785,0.513,0.471,0.259,0.268,0.343,0.69,0.309,0.313
355,Georgia State_2015,5.47,-2.03,794,0.527,0.457,0.252,0.299,0.3,0.656,0.277,0.282
356,Georgia_2015,12.42,8.6,900,0.485,0.444,0.252,0.265,0.322,0.715,0.331,0.24
357,Gonzaga_2015,21.12,5.12,1050,0.584,0.441,0.248,0.281,0.341,0.723,0.267,0.206
358,Hampton_2015,-8.25,-7.08,876,0.456,0.464,0.267,0.264,0.318,0.691,0.286,0.312
359,Harvard_2015,4.47,-0.25,709,0.481,0.458,0.267,0.304,0.327,0.717,0.283,0.221
360,Indiana_2015,12.94,7.2,817,0.544,0.503,0.273,0.264,0.352,0.686,0.235,0.223
361,Iowa State_2015,17.94,9.15,898,0.543,0.476,0.255,0.319,0.283,0.704,0.254,0.176
362,Iowa_2015,15.83,8.39,852,0.481,0.456,0.255,0.301,0.356,0.697,0.282,0.202
363,Kansas_2015,18.47,12.13,938,0.494,0.446,0.262,0.272,0.349,0.684,0.309,0.227
364,Kentucky_2015,28.72,8.67,991,0.515,0.396,0.232,0.307,0.395,0.682,0.319,0.209
365,Lafayette_2015,-3.37,-3.12,735,0.557,0.533,0.286,0.291,0.284,0.66,0.234,0.189
366,Louisiana State_2015,11.39,5.63,893,0.503,0.447,0.296,0.299,0.339,0.671,0.229,0.195
367,Louisville_2015,18.12,8.98,897,0.477,0.44,0.254,0.304,0.347,0.692,0.258,0.22
368,Manhattan_2015,-1.34,-3.34,720,0.494,0.481,0.268,0.277,0.309,0.669,0.328,0.365
369,Maryland_2015,13.32,7.63,909,0.512,0.455,0.261,0.289,0.289,0.695,0.336,0.186
370,Michigan State_2015,17.46,10.0,1022,0.532,0.449,0.276,0.252,0.334,0.73,0.207,0.281
371,Mississippi_2015,11.39,7.01,854,0.478,0.476,0.256,0.263,0.348,0.686,0.279,0.282
372,New Mexico State_2015,3.71,-3.67,771,0.509,0.461,0.275,0.305,0.399,0.695,0.306,0.223
373,North Carolina State_2015,14.11,9.72,934,0.493,0.455,0.254,0.247,0.34,0.699,0.243,0.244
374,North Carolina_2015,20.63,11.76,1015,0.516,0.454,0.271,0.263,0.4,0.688,0.247,0.265
375,North Dakota State_2015,-1.72,-3.63,824,0.501,0.483,0.257,0.285,0.256,0.769,0.248,0.225
376,North Florida_2015,-0.82,-5.94,880,0.553,0.476,0.269,0.28,0.301,0.688,0.283,0.222
377,Northeastern_2015,2.03,-1.34,863,0.545,0.498,0.288,0.294,0.301,0.748,0.3,0.172
378,Northern Iowa_2015,12.54,2.0,816,0.559,0.456,0.265,0.313,0.27,0.731,0.292,0.192
379,Notre Dame_2015,19.23,7.02,918,0.583,0.479,0.243,0.307,0.279,0.678,0.272,0.172
380,Ohio State_2015,19.68,7.37,854,0.542,0.464,0.267,0.324,0.335,0.68,0.236,0.196
381,Oklahoma State_2015,12.95,9.63,752,0.507,0.458,0.274,0.278,0.278,0.681,0.281,0.286
382,Oklahoma_2015,18.65,9.94,943,0.493,0.441,0.278,0.308,0.315,0.686,0.243,0.186
383,Oregon_2015,11.43,7.65,926,0.524,0.477,0.289,0.264,0.308,0.689,0.217,0.241
384,Providence_2015,13.71,9.5,817,0.484,0.482,0.257,0.277,0.351,0.71,0.287,0.271
385,Purdue_2015,12.93,7.64,840,0.502,0.454,0.268,0.262,0.365,0.691,0.285,0.266
386,Robert Morris_2015,-3.02,-3.5,795,0.501,0.493,0.289,0.292,0.31,0.641,0.252,0.248
387,San Diego State_2015,11.81,4.24,831,0.467,0.433,0.271,0.333,0.354,0.703,0.228,0.175
388,Southern Methodist_2015,12.94,3.57,856,0.517,0.455,0.263,0.305,0.371,0.706,0.309,0.21
389,St. John's (NY)_2015,11.85,9.04,828,0.494,0.466,0.253,0.287,0.284,0.651,0.251,0.218
390,Stephen F. Austin_2015,8.61,-4.2,763,0.557,0.485,0.272,0.294,0.379,0.707,0.314,0.343
391,Texas Southern_2015,-5.98,-6.09,799,0.495,0.493,0.257,0.284,0.338,0.654,0.309,0.216
392,Texas_2015,16.16,9.07,929,0.491,0.421,0.282,0.238,0.379,0.714,0.265,0.231
393,UCLA_2015,12.07,8.27,927,0.496,0.485,0.267,0.284,0.338,0.714,0.242,0.225
394,Utah_2015,20.98,7.42,882,0.557,0.43,0.259,0.285,0.316,0.721,0.303,0.23
395,Valparaiso_2015,6.29,-2.0,879,0.52,0.446,0.278,0.292,0.356,0.731,0.248,0.23
396,Villanova_2015,23.13,7.55,864,0.553,0.455,0.242,0.315,0.325,0.688,0.305,0.207
397,Virginia Commonwealth_2015,12.79,6.1,833,0.487,0.495,0.245,0.308,0.318,0.694,0.245,0.262
398,Virginia_2015,21.73,7.81,874,0.506,0.423,0.254,0.298,0.342,0.757,0.254,0.185
399,West Virginia_2015,15.12,9.29,697,0.461,0.527,0.256,0.3,0.402,0.691,0.267,0.383
400,Wichita State_2015,15.56,3.68,830,0.507,0.456,0.239,0.297,0.349,0.732,0.259,0.255
401,Wisconsin_2015,24.61,10.29,955,0.548,0.477,0.218,0.308,0.321,0.763,0.276,0.159
402,Wofford_2015,2.56,-2.98,815,0.516,0.467,0.262,0.293,0.291,0.731,0.262,0.251
403,Wyoming_2015,3.81,-0.04,831,0.526,0.465,0.276,0.31,0.223,0.736,0.277,0.183
404,Xavier_2015,15.42,9.48,918,0.534,0.5,0.268,0.289,0.313,0.727,0.281,0.226
405,Arizona_2016,18.79,7.23,974,0.536,0.462,0.253,0.281,0.349,0.753,0.316,0.209
406,Little Rock_2016,7.12,-1.76,871,0.52,0.456,0.268,0.295,0.279,0.712,0.229,0.254
407,Austin Peay_2016,-6.04,-2.98,904,0.516,0.531,0.259,0.294,0.33,0.705,0.306,0.218
408,Baylor_2016,16.13,9.76,800,0.518,0.51,0.267,0.286,0.401,0.718,0.272,0.263
409,Buffalo_2016,1.34,0.9,938,0.499,0.493,0.261,0.27,0.322,0.713,0.294,0.27
410,Butler_2016,16.46,7.55,822,0.526,0.497,0.232,0.281,0.321,0.727,0.287,0.254
411,Cal State Bakersfield_2016,2.58,-5.15,849,0.497,0.451,0.264,0.286,0.346,0.71,0.245,0.291
412,University of California_2016,15.39,7.87,963,0.522,0.443,0.255,0.234,0.326,0.747,0.274,0.265
413,Chattanooga_2016,3.24,-3.46,860,0.524,0.5,0.259,0.314,0.326,0.714,0.304,0.202
414,Cincinnati_2016,15.19,5.25,850,0.493,0.456,0.262,0.317,0.366,0.695,0.234,0.184
415,Colorado_2016,12.04,7.64,988,0.488,0.47,0.265,0.254,0.353,0.754,0.293,0.241
416,Connecticut_2016,15.89,6.28,962,0.516,0.445,0.278,0.273,0.285,0.71,0.235,0.234
417,Dayton_2016,11.34,4.76,938,0.516,0.469,0.266,0.286,0.287,0.758,0.272,0.219
418,Duke_2016,19.23,10.59,870,0.537,0.495,0.225,0.3,0.33,0.656,0.293,0.172
419,Fairleigh Dickinson_2016,-10.9,-8.31,760,0.517,0.522,0.28,0.267,0.286,0.646,0.228,0.325
420,Florida Gulf Coast_2016,-0.79,-3.82,1005,0.523,0.467,0.265,0.271,0.329,0.723,0.238,0.229
421,Fresno State_2016,5.27,2.24,884,0.487,0.486,0.242,0.276,0.311,0.706,0.263,0.311
422,Gonzaga_2016,16.92,4.23,1044,0.553,0.446,0.271,0.274,0.323,0.744,0.258,0.198
423,Green Bay_2016,1.16,-0.67,927,0.5,0.511,0.233,0.301,0.309,0.682,0.282,0.255
424,Hampton_2016,-8.74,-8.45,875,0.464,0.483,0.26,0.265,0.346,0.73,0.273,0.26
425,Hawaii_2016,9.03,-1.04,908,0.52,0.453,0.252,0.285,0.311,0.739,0.307,0.281
426,Holy Cross_2016,-11.2,-6.11,773,0.479,0.532,0.266,0.295,0.231,0.705,0.248,0.242
427,Indiana_2016,19.59,6.9,874,0.587,0.498,0.29,0.299,0.37,0.711,0.248,0.206
428,Iona_2016,3.59,-1.78,870,0.538,0.488,0.282,0.28,0.292,0.69,0.23,0.254
429,Iowa State_2016,16.93,10.16,940,0.571,0.498,0.293,0.301,0.261,0.701,0.183,0.171
430,Iowa_2016,17.01,8.71,865,0.513,0.48,0.252,0.315,0.318,0.689,0.237,0.171
431,Kansas_2016,23.87,11.22,1041,0.564,0.45,0.266,0.273,0.323,0.726,0.272,0.269
432,Kentucky_2016,20.23,8.84,933,0.535,0.445,0.244,0.254,0.373,0.683,0.261,0.286
433,Maryland_2016,16.71,8.31,969,0.555,0.463,0.276,0.292,0.286,0.709,0.295,0.192
434,Miami (FL)_2016,18.52,10.69,877,0.542,0.483,0.249,0.29,0.299,0.711,0.305,0.209
435,Michigan State_2016,22.59,6.94,1027,0.563,0.433,0.283,0.245,0.37,0.757,0.218,0.243
436,Michigan_2016,13.75,7.92,862,0.546,0.511,0.275,0.309,0.247,0.737,0.205,0.194
437,Middle Tennessee_2016,2.66,-0.7,914,0.518,0.494,0.269,0.271,0.291,0.746,0.218,0.279
438,North Carolina-Asheville_2016,1.1,-3.25,882,0.505,0.48,0.262,0.314,0.319,0.711,0.284,0.224
439,North Carolina-Wilmington_2016,6.25,0.35,840,0.512,0.469,0.248,0.251,0.322,0.692,0.262,0.382
440,North Carolina_2016,23.44,10.69,1056,0.526,0.481,0.255,0.292,0.403,0.705,0.241,0.212
441,Northern Iowa_2016,8.78,4.44,896,0.535,0.486,0.265,0.317,0.176,0.733,0.257,0.173
442,Notre Dame_2016,14.1,9.57,884,0.54,0.495,0.258,0.276,0.323,0.683,0.244,0.189
443,Oklahoma_2016,19.76,11.14,1011,0.543,0.472,0.284,0.294,0.31,0.7,0.238,0.192
444,Oregon State_2016,10.39,9.26,765,0.499,0.492,0.256,0.276,0.292,0.678,0.25,0.272
445,Oregon_2016,18.05,8.64,940,0.525,0.485,0.244,0.303,0.342,0.697,0.291,0.218
446,Pittsburgh_2016,15.47,8.75,840,0.511,0.493,0.264,0.277,0.369,0.73,0.269,0.218
447,Providence_2016,11.94,8.46,861,0.48,0.493,0.252,0.319,0.303,0.699,0.27,0.201
448,Purdue_2016,20.17,7.46,1036,0.536,0.443,0.268,0.262,0.349,0.767,0.263,0.197
449,Saint Joseph's_2016,12.1,4.93,1014,0.512,0.481,0.234,0.298,0.282,0.743,0.268,0.175
450,Seton Hall_2016,14.66,8.28,917,0.498,0.454,0.269,0.289,0.347,0.692,0.266,0.229
451,South Dakota State_2016,5.44,-1.22,898,0.515,0.473,0.252,0.264,0.325,0.743,0.298,0.281
452,Southern California_2016,13.52,7.64,936,0.522,0.473,0.263,0.284,0.321,0.685,0.237,0.199
453,Southern_2016,-7.68,-9.37,893,0.496,0.474,0.254,0.279,0.289,0.684,0.247,0.254
454,Stephen F. Austin_2016,9.23,-5.47,783,0.545,0.488,0.27,0.325,0.346,0.7,0.253,0.258
455,Stony Brook_2016,3.75,-5.28,886,0.524,0.464,0.272,0.311,0.36,0.746,0.215,0.192
456,Syracuse_2016,14.62,9.75,874,0.501,0.473,0.272,0.311,0.334,0.65,0.243,0.186
457,Temple_2016,7.69,6.57,854,0.47,0.465,0.266,0.279,0.291,0.705,0.182,0.213
458,Texas A&M_2016,18.45,8.45,984,0.512,0.474,0.254,0.305,0.346,0.713,0.256,0.213
459,Texas Tech_2016,12.41,10.25,760,0.5,0.496,0.255,0.286,0.312,0.679,0.314,0.232
460,Texas_2016,14.8,11.71,776,0.494,0.477,0.239,0.268,0.307,0.682,0.263,0.268
461,Tulsa_2016,9.79,5.76,800,0.503,0.482,0.243,0.294,0.278,0.697,0.268,0.259
462,Utah_2016,15.5,8.79,988,0.557,0.48,0.271,0.299,0.302,0.727,0.276,0.165
463,Vanderbilt_2016,17.2,8.68,960,0.529,0.431,0.254,0.24,0.272,0.708,0.276,0.233
464,Villanova_2016,24.08,9.71,1034,0.561,0.467,0.267,0.31,0.28,0.712,0.267,0.198
465,Virginia Commonwealth_2016,13.83,4.35,900,0.51,0.491,0.264,0.297,0.332,0.725,0.223,0.249
466,Virginia_2016,22.04,11.12,866,0.548,0.484,0.261,0.29,0.298,0.751,0.241,0.234
467,Weber State_2016,0.18,-5.13,996,0.559,0.464,0.265,0.286,0.265,0.748,0.294,0.181
468,West Virginia_2016,21.61,9.78,822,0.498,0.484,0.253,0.284,0.419,0.729,0.311,0.395
469,Wichita State_2016,17.39,4.24,897,0.49,0.446,0.237,0.292,0.317,0.765,0.272,0.32
470,Wisconsin_2016,13.4,9.4,830,0.485,0.48,0.257,0.286,0.33,0.726,0.267,0.238
471,Xavier_2016,18.58,8.43,951,0.514,0.478,0.25,0.292,0.352,0.74,0.305,0.234
472,Yale_2016,9.08,-1.03,801,0.526,0.465,0.266,0.288,0.394,0.758,0.276,0.227
473,Arizona_2017,18.25,7.63,978,0.537,0.477,0.249,0.294,0.331,0.743,0.31,0.196
474,Arkansas_2017,14.04,8.6,897,0.514,0.478,0.255,0.265,0.317,0.661,0.29,0.275
475,Baylor_2017,19.75,11.87,878,0.53,0.462,0.293,0.288,0.402,0.714,0.244,0.213
476,Bucknell_2017,5.89,-2.48,901,0.553,0.48,0.28,0.297,0.267,0.722,0.253,0.218
477,Butler_2017,17.7,10.23,804,0.546,0.508,0.248,0.285,0.271,0.733,0.275,0.258
478,UC-Davis_2017,-5.21,-4.68,916,0.49,0.487,0.277,0.301,0.289,0.725,0.278,0.228
479,Cincinnati_2017,18.43,5.49,891,0.52,0.452,0.256,0.311,0.355,0.708,0.223,0.214
480,Creighton_2017,17.27,8.95,934,0.576,0.498,0.297,0.307,0.248,0.711,0.189,0.199
481,Dayton_2017,12.98,4.27,820,0.538,0.477,0.247,0.304,0.258,0.724,0.301,0.247
482,Duke_2017,21.56,10.91,951,0.548,0.475,0.25,0.282,0.316,0.704,0.299,0.222
483,East Tennessee State_2017,7.31,-2.11,912,0.555,0.487,0.275,0.3,0.313,0.728,0.304,0.268
484,Florida Gulf Coast_2017,2.26,-3.42,890,0.554,0.484,0.279,0.282,0.339,0.719,0.231,0.238
485,Florida State_2017,18.87,8.87,915,0.537,0.479,0.251,0.281,0.336,0.705,0.265,0.267
486,Florida_2017,22.4,11.01,915,0.516,0.458,0.252,0.301,0.318,0.709,0.293,0.241
487,Gonzaga_2017,25.26,4.13,1209,0.567,0.411,0.251,0.298,0.298,0.742,0.28,0.177
488,Iona_2017,1.08,-2.47,913,0.534,0.5,0.279,0.279,0.269,0.68,0.238,0.232
489,Iowa State_2017,20.51,11.94,901,0.55,0.49,0.27,0.319,0.256,0.684,0.194,0.18
490,Jacksonville State_2017,-2.85,-3.24,889,0.528,0.486,0.298,0.267,0.315,0.722,0.247,0.245
491,Kansas State_2017,14.8,10.48,802,0.527,0.496,0.269,0.31,0.295,0.677,0.286,0.244
492,Kansas_2017,23.53,12.23,965,0.561,0.481,0.268,0.297,0.339,0.706,0.244,0.215
493,Kent State_2017,0.88,-1.63,915,0.484,0.497,0.276,0.292,0.387,0.704,0.236,0.234
494,Kentucky_2017,23.88,10.49,1042,0.529,0.475,0.237,0.292,0.332,0.729,0.288,0.227
495,Louisville_2017,22.47,11.15,886,0.514,0.457,0.257,0.278,0.366,0.718,0.233,0.269
496,Marquette_2017,15.26,8.6,778,0.576,0.522,0.287,0.278,0.27,0.709,0.242,0.249
497,Maryland_2017,12.79,8.29,822,0.523,0.471,0.269,0.286,0.311,0.682,0.278,0.23
498,Miami (FL)_2017,14.48,9.57,813,0.51,0.476,0.287,0.3,0.334,0.719,0.246,0.212
499,Michigan State_2017,13.67,10.5,947,0.54,0.467,0.301,0.259,0.291,0.731,0.224,0.252
500,Michigan_2017,18.8,10.17,831,0.57,0.519,0.264,0.315,0.245,0.705,0.234,0.186
501,Middle Tennessee_2017,9.8,-0.48,918,0.543,0.478,0.271,0.288,0.307,0.762,0.212,0.265
502,Minnesota_2017,14.56,8.82,963,0.487,0.451,0.247,0.289,0.296,0.699,0.281,0.199
503,Mount St. Mary's_2017,-4.29,-3.51,806,0.51,0.499,0.298,0.308,0.23,0.654,0.218,0.215
504,Nevada_2017,10.49,2.03,965,0.525,0.483,0.237,0.283,0.303,0.739,0.291,0.195
505,New Mexico State_2017,4.66,-3.82,903,0.531,0.467,0.262,0.288,0.367,0.709,0.307,0.237
506,New Orleans_2017,-4.1,-5.34,754,0.513,0.5,0.294,0.315,0.367,0.684,0.303,0.235
507,North Carolina Central_2017,-3.18,-12.12,916,0.517,0.445,0.271,0.311,0.329,0.688,0.233,0.186
508,North Carolina-Wilmington_2017,8.06,-0.55,839,0.555,0.526,0.253,0.282,0.328,0.724,0.219,0.283
509,North Carolina_2017,24.84,11.76,1118,0.519,0.48,0.254,0.297,0.413,0.755,0.244,0.228
510,North Dakota_2017,-1.83,-5.45,849,0.542,0.501,0.273,0.286,0.268,0.733,0.26,0.266
511,Northern Kentucky_2017,-0.17,-2.84,928,0.529,0.494,0.279,0.288,0.317,0.742,0.247,0.213
512,Northwestern_2017,14.02,8.43,918,0.497,0.461,0.273,0.27,0.307,0.694,0.228,0.242
513,Notre Dame_2017,17.81,9.78,878,0.536,0.491,0.264,0.309,0.273,0.694,0.229,0.196
514,Oklahoma State_2017,19.19,12.22,761,0.539,0.535,0.262,0.27,0.381,0.688,0.302,0.325
515,Oregon_2017,20.8,8.38,1019,0.554,0.462,0.268,0.317,0.322,0.714,0.247,0.185
516,Princeton_2017,6.57,-1.84,756,0.537,0.478,0.294,0.306,0.244,0.761,0.179,0.219
517,Providence_2017,11.24,7.84,807,0.514,0.496,0.273,0.309,0.264,0.715,0.263,0.207
518,Purdue_2017,20.13,8.79,978,0.557,0.477,0.286,0.313,0.307,0.758,0.252,0.162
519,Rhode Island_2017,12.88,4.62,892,0.507,0.451,0.248,0.26,0.328,0.705,0.262,0.319
520,Saint Mary's (CA)_2017,16.75,2.19,881,0.578,0.453,0.297,0.286,0.33,0.782,0.207,0.184
521,Seton Hall_2017,12.1,9.25,872,0.499,0.49,0.275,0.272,0.357,0.747,0.242,0.26
522,South Carolina_2017,17.52,10.16,882,0.477,0.454,0.262,0.296,0.335,0.698,0.278,0.319
523,South Dakota State_2017,-2.3,-0.66,913,0.537,0.536,0.268,0.295,0.274,0.719,0.311,0.188
524,Southern California_2017,11.48,6.4,899,0.522,0.501,0.251,0.313,0.309,0.688,0.273,0.172
525,Southern Methodist_2017,18.71,4.45,919,0.547,0.46,0.26,0.316,0.371,0.736,0.251,0.17
526,Texas Southern_2017,-6.41,-7.81,827,0.48,0.491,0.239,0.29,0.316,0.652,0.325,0.221
527,Troy_2017,-0.47,-3.36,953,0.528,0.495,0.261,0.284,0.316,0.715,0.285,0.232
528,UCLA_2017,20.67,6.39,1043,0.598,0.487,0.282,0.292,0.289,0.716,0.198,0.173
529,Vanderbilt_2017,13.69,10.72,922,0.521,0.481,0.283,0.275,0.247,0.731,0.271,0.214
530,Vermont_2017,6.67,-3.27,866,0.554,0.475,0.273,0.323,0.303,0.733,0.239,0.183
531,Villanova_2017,23.8,9.28,892,0.575,0.481,0.271,0.34,0.3,0.726,0.276,0.155
532,Virginia Commonwealth_2017,11.57,3.77,889,0.51,0.475,0.269,0.285,0.312,0.727,0.257,0.285
533,Virginia Tech_2017,12.77,8.38,828,0.569,0.51,0.259,0.29,0.234,0.698,0.301,0.196
534,Virginia_2017,20.63,10.93,822,0.524,0.461,0.289,0.303,0.282,0.757,0.184,0.237
535,Wake Forest_2017,14.19,9.8,850,0.541,0.527,0.247,0.255,0.307,0.725,0.317,0.275
536,West Virginia_2017,24.45,9.67,853,0.513,0.488,0.25,0.321,0.377,0.685,0.266,0.29
537,Wichita State_2017,21.24,2.96,1038,0.543,0.437,0.245,0.288,0.343,0.764,0.294,0.248
538,Winthrop_2017,1.34,-6.12,908,0.535,0.463,0.271,0.29,0.271,0.719,0.266,0.242
539,Wisconsin_2017,19.4,9.4,917,0.521,0.476,0.269,0.314,0.357,0.746,0.212,0.207
540,Xavier_2017,14.8,11.51,965,0.519,0.516,0.26,0.279,0.345,0.745,0.283,0.233
541,Alabama_2018,12.34,10.64,930,0.519,0.478,0.277,0.276,0.294,0.692,0.281,0.25
542,Arizona State_2018,14.37,6.56,811,0.538,0.507,0.232,0.301,0.279,0.694,0.303,0.235
543,Arizona_2018,15.67,6.84,924,0.563,0.499,0.267,0.28,0.333,0.749,0.281,0.229
544,Arkansas_2018,14.76,9.85,857,0.538,0.504,0.245,0.271,0.287,0.685,0.255,0.297
545,Auburn_2018,15.97,7.29,883,0.508,0.497,0.248,0.29,0.32,0.721,0.308,0.275
546,Bucknell_2018,4.48,-3.46,956,0.539,0.478,0.25,0.271,0.27,0.726,0.306,0.24
547,Buffalo_2018,7.99,0.25,958,0.549,0.484,0.281,0.268,0.318,0.711,0.208,0.29
548,Butler_2018,16.92,10.55,874,0.54,0.519,0.291,0.292,0.274,0.759,0.202,0.262
549,Cal State Fullerton_2018,-0.92,-1.02,843,0.516,0.472,0.275,0.28,0.271,0.725,0.316,0.263
550,Cincinnati_2018,20.25,3.53,934,0.512,0.433,0.258,0.33,0.385,0.721,0.249,0.183
551,Clemson_2018,17.17,9.25,943,0.529,0.472,0.278,0.3,0.271,0.74,0.253,0.19
552,College of Charleston_2018,1.83,-3.29,843,0.527,0.495,0.246,0.286,0.257,0.724,0.277,0.233
553,Creighton_2018,16.35,8.1,957,0.575,0.496,0.291,0.301,0.225,0.76,0.194,0.176
554,Davidson_2018,11.02,2.57,849,0.574,0.512,0.289,0.283,0.226,0.767,0.196,0.203
555,Duke_2018,24.44,9.71,1023,0.559,0.464,0.269,0.316,0.388,0.703,0.246,0.162
556,Florida State_2018,15.79,8.5,924,0.532,0.484,0.268,0.294,0.32,0.707,0.256,0.231
557,Florida_2018,16.67,10.08,831,0.507,0.486,0.249,0.299,0.287,0.697,0.234,0.236
558,Georgia State_2018,3.23,-2.78,873,0.54,0.471,0.281,0.29,0.26,0.677,0.205,0.258
559,Gonzaga_2018,18.43,2.59,1064,0.57,0.471,0.268,0.295,0.329,0.771,0.227,0.208
560,Houston_2018,15.99,4.16,944,0.533,0.455,0.277,0.269,0.336,0.747,0.234,0.293
561,Iona_2018,0.76,-2.19,855,0.539,0.525,0.279,0.303,0.244,0.693,0.223,0.189
562,Kansas State_2018,12.84,8.74,832,0.525,0.491,0.276,0.297,0.258,0.683,0.248,0.269
563,Kansas_2018,21.39,11.87,1007,0.575,0.491,0.294,0.314,0.293,0.69,0.191,0.175
564,Kentucky_2018,17.24,10.73,990,0.518,0.468,0.254,0.273,0.355,0.694,0.307,0.224
565,Lipscomb_2018,-2.1,-3.8,930,0.518,0.511,0.272,0.288,0.283,0.761,0.291,0.259
566,Long Island University_2018,-8.61,-8.19,957,0.523,0.495,0.279,0.273,0.297,0.705,0.266,0.22
567,Loyola (IL)_2018,10.38,1.81,984,0.577,0.474,0.301,0.325,0.224,0.746,0.231,0.174
568,Marshall_2018,4.21,0.44,994,0.548,0.497,0.28,0.3,0.225,0.685,0.256,0.194
569,Maryland-Baltimore County_2018,-2.02,-3.84,897,0.531,0.509,0.289,0.316,0.268,0.726,0.198,0.208
570,Miami (FL)_2018,12.83,6.96,795,0.531,0.49,0.286,0.307,0.291,0.717,0.192,0.2
571,Michigan State_2018,22.41,7.1,1034,0.569,0.427,0.281,0.259,0.37,0.737,0.268,0.223
572,Michigan_2018,19.03,9.41,1022,0.545,0.476,0.257,0.308,0.254,0.75,0.203,0.215
573,Missouri_2018,13.81,9.19,892,0.537,0.467,0.288,0.277,0.312,0.722,0.286,0.218
574,Montana_2018,6.28,-2.25,856,0.513,0.487,0.26,0.289,0.333,0.744,0.273,0.302
575,Murray State_2018,6.87,-3.53,845,0.558,0.467,0.264,0.297,0.33,0.729,0.28,0.215
576,Nevada_2018,14.44,4.93,974,0.548,0.494,0.234,0.292,0.264,0.713,0.269,0.214
577,New Mexico State_2018,9.06,-1.1,975,0.519,0.455,0.294,0.301,0.342,0.776,0.184,0.227
578,North Carolina Central_2018,-13.19,-12.31,921,0.512,0.481,0.312,0.28,0.339,0.72,0.199,0.233
579,North Carolina-Greensboro_2018,4.54,-3.87,889,0.525,0.47,0.318,0.302,0.342,0.771,0.185,0.28
580,North Carolina State_2018,12.91,6.7,775,0.534,0.516,0.266,0.299,0.334,0.681,0.238,0.237
581,North Carolina_2018,20.08,11.78,1059,0.52,0.501,0.284,0.296,0.374,0.745,0.208,0.178
582,Ohio State_2018,17.67,9.03,911,0.541,0.487,0.282,0.296,0.301,0.751,0.227,0.207
583,Oklahoma_2018,13.81,10.56,890,0.535,0.51,0.278,0.299,0.284,0.699,0.247,0.18
584,Pennsylvania_2018,2.24,-3.17,956,0.533,0.463,0.273,0.285,0.236,0.777,0.22,0.228
585,Providence_2018,11.12,10.23,878,0.496,0.503,0.261,0.295,0.288,0.711,0.272,0.233
586,Purdue_2018,23.41,8.74,976,0.577,0.47,0.258,0.314,0.278,0.722,0.265,0.167
587,Radford_2018,-2.61,-4.08,829,0.494,0.501,0.295,0.308,0.337,0.723,0.222,0.23
588,Rhode Island_2018,11.81,4.61,781,0.511,0.503,0.267,0.298,0.31,0.72,0.209,0.298
589,San Diego State_2018,12.23,3.91,884,0.519,0.482,0.264,0.309,0.319,0.749,0.255,0.209
590,Seton Hall_2018,15.67,10.11,886,0.529,0.503,0.271,0.292,0.342,0.719,0.246,0.216
591,South Dakota State_2018,6.84,-0.38,1050,0.554,0.492,0.241,0.286,0.248,0.775,0.269,0.178
592,St. Bonaventure_2018,8.87,2.61,864,0.516,0.49,0.248,0.285,0.292,0.71,0.305,0.275
593,Stephen F. Austin_2018,2.67,-6.46,846,0.544,0.496,0.284,0.306,0.335,0.722,0.28,0.336
594,Syracuse_2018,12.89,10.02,933,0.469,0.462,0.266,0.297,0.346,0.7,0.298,0.229
595,Tennessee_2018,18.2,10.12,858,0.508,0.467,0.271,0.287,0.333,0.691,0.269,0.267
596,Texas A&M_2018,15.3,10.62,1018,0.514,0.469,0.292,0.278,0.339,0.729,0.212,0.19
597,Texas Christian_2018,16.38,9.68,833,0.566,0.523,0.277,0.289,0.341,0.741,0.241,0.223
598,Texas Southern_2018,-7.53,-5.53,929,0.505,0.512,0.25,0.27,0.284,0.678,0.311,0.208
599,Texas Tech_2018,19.38,9.6,925,0.52,0.463,0.262,0.296,0.329,0.715,0.276,0.267
600,Texas_2018,13.96,10.67,856,0.5,0.483,0.273,0.307,0.295,0.708,0.219,0.187
601,UCLA_2018,12.07,6.86,946,0.537,0.491,0.264,0.264,0.284,0.732,0.256,0.208
602,Villanova_2018,26.64,10.24,1051,0.595,0.485,0.271,0.307,0.293,0.735,0.229,0.2
603,Virginia Tech_2018,14.35,6.72,832,0.577,0.504,0.268,0.3,0.239,0.706,0.259,0.205
604,Virginia_2018,22.21,9.07,817,0.527,0.443,0.281,0.329,0.269,0.745,0.184,0.192
605,West Virginia_2018,19.88,9.36,880,0.504,0.499,0.265,0.293,0.368,0.701,0.24,0.314
606,Wichita State_2018,16.58,5.46,931,0.551,0.494,0.262,0.271,0.356,0.775,0.257,0.241
607,Wright State_2018,0.58,-3.64,910,0.491,0.483,0.28,0.325,0.289,0.75,0.256,0.207
608,Xavier_2018,19.08,9.45,997,0.559,0.499,0.256,0.294,0.302,0.771,0.32,0.195
609,Abilene Christian_2019,-1.91,-7.34,785,0.535,0.488,0.279,0.318,0.288,0.727,0.239,0.267
610,Arizona State_2019,10.28,6.04,952,0.506,0.485,0.257,0.276,0.313,0.735,0.298,0.272
611,Auburn_2019,20.84,10.92,912,0.543,0.512,0.275,0.319,0.316,0.683,0.221,0.254
612,Baylor_2019,13.38,9.26,831,0.512,0.491,0.292,0.276,0.376,0.711,0.219,0.249
613,Belmont_2019,9.12,-2.6,989,0.58,0.484,0.278,0.293,0.251,0.759,0.211,0.188
614,Bradley_2019,-0.08,-0.9,882,0.497,0.477,0.283,0.283,0.269,0.738,0.248,0.254
615,Buffalo_2019,15.56,2.62,1018,0.535,0.474,0.265,0.308,0.318,0.737,0.225,0.221
616,UC-Irvine_2019,5.7,-2.3,1042,0.516,0.439,0.29,0.273,0.34,0.733,0.208,0.233
617,Central Florida_2019,13.37,5.58,900,0.529,0.454,0.248,0.293,0.29,0.708,0.294,0.189
618,Cincinnati_2019,14.53,5.5,822,0.49,0.486,0.245,0.313,0.369,0.712,0.265,0.202
619,Colgate_2019,1.23,-3.83,918,0.559,0.503,0.309,0.296,0.291,0.737,0.21,0.203
620,Duke_2019,26.9,11.98,1072,0.536,0.45,0.274,0.325,0.353,0.709,0.228,0.167
621,Fairleigh Dickinson_2019,-6.09,-7.24,832,0.544,0.513,0.288,0.313,0.288,0.681,0.263,0.207
622,Florida State_2019,17.99,10.26,973,0.505,0.472,0.279,0.295,0.323,0.737,0.267,0.257
623,Florida_2019,15.42,11.22,826,0.498,0.481,0.291,0.31,0.306,0.679,0.216,0.233
624,Gardner-Webb_2019,-2.61,-4.43,919,0.558,0.488,0.262,0.309,0.245,0.7,0.269,0.198
625,Georgia State_2019,2.44,0.65,837,0.543,0.499,0.265,0.309,0.231,0.662,0.235,0.216
626,Gonzaga_2019,27.79,5.01,1089,0.59,0.442,0.249,0.316,0.304,0.74,0.269,0.18
627,Houston_2019,18.91,4.61,1054,0.521,0.425,0.27,0.272,0.338,0.745,0.222,0.259
628,Iona_2019,-4.78,-5.5,869,0.53,0.523,0.269,0.301,0.243,0.702,0.275,0.195
629,Iowa State_2019,18.07,9.3,903,0.548,0.484,0.276,0.32,0.284,0.699,0.22,0.169
630,Iowa_2019,14.27,9.84,889,0.527,0.515,0.251,0.301,0.295,0.71,0.313,0.199
631,Kansas State_2019,15.39,9.18,812,0.493,0.482,0.286,0.327,0.284,0.744,0.204,0.207
632,Kansas_2019,18.35,12.79,1002,0.526,0.478,0.289,0.299,0.299,0.722,0.229,0.191
633,Kentucky_2019,21.43,10.29,1001,0.53,0.466,0.26,0.305,0.364,0.748,0.31,0.189
634,Liberty_2019,5.27,-3.88,904,0.569,0.478,0.301,0.31,0.251,0.751,0.205,0.21
635,Louisiana State_2019,16.5,9.16,895,0.512,0.499,0.265,0.298,0.362,0.698,0.279,0.229
636,Louisville_2019,17.28,11.04,952,0.509,0.468,0.273,0.271,0.29,0.743,0.271,0.223
637,Marquette_2019,14.78,6.96,961,0.535,0.463,0.287,0.263,0.291,0.738,0.266,0.244
638,Maryland_2019,16.01,10.09,958,0.514,0.459,0.291,0.272,0.34,0.753,0.244,0.193
639,Michigan State_2019,24.93,12.34,1165,0.552,0.439,0.284,0.274,0.332,0.743,0.253,0.187
640,Michigan_2019,21.82,10.55,1008,0.516,0.441,0.268,0.317,0.239,0.759,0.193,0.16
641,Minnesota_2019,12.52,11.27,912,0.482,0.495,0.248,0.29,0.309,0.721,0.283,0.195
642,Mississippi State_2019,15.96,9.07,822,0.546,0.503,0.291,0.298,0.346,0.706,0.234,0.23
643,Mississippi_2019,12.32,8.13,806,0.531,0.51,0.293,0.3,0.301,0.708,0.242,0.236
644,Montana_2019,1.5,-5.05,883,0.564,0.494,0.286,0.289,0.266,0.755,0.216,0.27
645,Murray State_2019,8.96,-3.11,896,0.557,0.461,0.272,0.313,0.313,0.704,0.246,0.197
646,Nevada_2019,16.0,2.68,949,0.537,0.477,0.232,0.312,0.271,0.753,0.289,0.189
647,New Mexico State_2019,10.05,-2.38,898,0.538,0.486,0.27,0.3,0.367,0.792,0.231,0.228
648,North Carolina Central_2019,-11.53,-11.24,866,0.512,0.491,0.308,0.304,0.351,0.738,0.239,0.205
649,North Carolina_2019,23.94,11.35,1112,0.529,0.489,0.282,0.305,0.348,0.776,0.224,0.193
650,North Dakota State_2019,-4.01,-2.07,876,0.54,0.525,0.273,0.282,0.206,0.755,0.247,0.194
651,Northeastern_2019,3.95,-0.7,838,0.565,0.521,0.273,0.294,0.225,0.755,0.258,0.204
652,Northern Kentucky_2019,4.67,-2.39,934,0.553,0.481,0.274,0.287,0.306,0.747,0.236,0.251
653,Ohio State_2019,13.89,11.0,887,0.503,0.483,0.287,0.29,0.276,0.742,0.247,0.235
654,Oklahoma_2019,15.3,12.21,958,0.504,0.475,0.282,0.313,0.256,0.722,0.218,0.156
655,Old Dominion_2019,3.74,-1.18,947,0.471,0.456,0.291,0.29,0.318,0.756,0.192,0.216
656,Oregon_2019,13.95,6.13,946,0.52,0.464,0.293,0.302,0.291,0.718,0.212,0.238
657,Prairie View_2019,-7.29,-9.17,759,0.493,0.514,0.252,0.296,0.298,0.659,0.289,0.321
658,Purdue_2019,21.4,11.99,920,0.536,0.49,0.271,0.293,0.338,0.735,0.215,0.232
659,Saint Louis_2019,5.06,2.23,936,0.467,0.469,0.267,0.294,0.357,0.754,0.236,0.242
660,Saint Mary's (CA)_2019,12.58,4.4,851,0.538,0.489,0.281,0.286,0.308,0.772,0.216,0.214
661,Seton Hall_2019,10.25,8.34,852,0.499,0.496,0.274,0.298,0.296,0.708,0.243,0.244
662,St. John's (NY)_2019,7.88,5.5,856,0.518,0.507,0.268,0.288,0.214,0.708,0.212,0.282
663,Syracuse_2019,13.73,10.09,811,0.496,0.48,0.273,0.312,0.3,0.667,0.252,0.247
664,Temple_2019,8.17,4.93,820,0.499,0.506,0.266,0.301,0.261,0.716,0.236,0.23
665,Tennessee_2019,21.55,10.16,1012,0.554,0.475,0.263,0.278,0.309,0.706,0.251,0.224
666,Texas Tech_2019,22.79,9.53,982,0.535,0.43,0.284,0.306,0.263,0.725,0.241,0.255
667,Utah State_2019,11.98,0.89,1028,0.538,0.464,0.273,0.279,0.319,0.778,0.274,0.243
668,Vermont_2019,4.88,-4.18,890,0.53,0.484,0.263,0.318,0.273,0.787,0.269,0.2
669,Villanova_2019,14.33,7.97,885,0.532,0.504,0.264,0.297,0.301,0.726,0.251,0.197
670,Virginia Commonwealth_2019,11.96,2.87,850,0.501,0.435,0.289,0.308,0.31,0.694,0.251,0.252
671,Virginia Tech_2019,19.28,7.79,832,0.556,0.49,0.282,0.334,0.292,0.73,0.243,0.19
672,Virginia_2019,25.46,10.15,984,0.552,0.447,0.267,0.304,0.297,0.753,0.216,0.175
673,Washington_2019,12.01,7.01,795,0.521,0.475,0.293,0.319,0.288,0.655,0.241,0.241
674,Wisconsin_2019,17.9,11.01,914,0.511,0.452,0.276,0.303,0.243,0.737,0.177,0.172
675,Wofford_2019,13.92,0.8,867,0.58,0.49,0.283,0.311,0.325,0.762,0.19,0.214
676,Yale_2019,5.52,-1.24,898,0.556,0.471,0.292,0.27,0.258,0.759,0.227,0.223
