,School,SOS,efg%,def_efg%,tov%,def_tov%,tov%%,orb%,drb%,ft%,def_ft%
0,Abilene Christian 2019,-7.34,0.535,0.488,0.137,0.19,0.137,0.293,1.208,0.239,0.722
1,Arizona State 2019,6.04,0.506,0.485,0.139,0.146,0.139,0.295,1.193,0.298,0.705
2,Auburn 2019,10.92,0.543,0.512,0.127,0.189,0.127,0.334,0.998,0.221,0.707
3,Baylor 2019,9.26,0.512,0.491,0.146,0.142,0.146,0.348,0.936,0.219,0.683
4,Belmont 2019,-2.6,0.58,0.484,0.123,0.131,0.123,0.224,1.729,0.211,0.696
5,Bradley 2019,-0.9,0.497,0.477,0.147,0.145,0.147,0.262,1.409,0.248,0.724
6,Buffalo 2019,2.62,0.535,0.474,0.122,0.162,0.122,0.307,1.126,0.225,0.702
7,UC-Irvine 2019,-2.3,0.516,0.439,0.136,0.13,0.136,0.292,1.214,0.208,0.708
8,Central Florida 2019,5.58,0.529,0.454,0.133,0.138,0.133,0.259,1.429,0.294,0.65
9,Cincinnati 2019,5.5,0.49,0.486,0.116,0.163,0.116,0.35,0.93,0.265,0.663
10,Colgate 2019,-3.83,0.559,0.503,0.151,0.139,0.151,0.26,1.425,0.21,0.712
11,Duke 2019,11.98,0.536,0.45,0.132,0.153,0.132,0.316,1.083,0.228,0.696
12,Fairleigh Dickinson 2019,-7.24,0.544,0.513,0.153,0.161,0.153,0.28,1.288,0.263,0.694
13,Florida State 2019,10.26,0.505,0.472,0.143,0.159,0.143,0.301,1.164,0.267,0.722
14,Florida 2019,11.22,0.498,0.481,0.138,0.171,0.138,0.312,1.101,0.216,0.693
15,Gardner-Webb 2019,-4.43,0.558,0.488,0.131,0.149,0.131,0.228,1.696,0.269,0.718
16,Georgia State 2019,0.65,0.543,0.499,0.128,0.16,0.128,0.246,1.533,0.235,0.702
17,Gonzaga 2019,5.01,0.59,0.442,0.115,0.15,0.115,0.245,1.538,0.269,0.697
18,Houston 2019,4.61,0.521,0.425,0.124,0.139,0.124,0.298,1.176,0.222,0.694
19,Iona 2019,-5.5,0.53,0.523,0.135,0.144,0.135,0.246,1.535,0.275,0.684
20,Iowa State 2019,9.3,0.548,0.484,0.125,0.145,0.125,0.266,1.381,0.22,0.717
21,Iowa 2019,9.84,0.527,0.515,0.13,0.144,0.13,0.287,1.245,0.313,0.69
22,Kansas State 2019,9.18,0.493,0.482,0.136,0.182,0.136,0.281,1.277,0.204,0.674
23,Kansas 2019,12.79,0.526,0.478,0.143,0.139,0.143,0.272,1.34,0.229,0.686
24,Kentucky 2019,10.29,0.53,0.466,0.138,0.142,0.138,0.299,1.172,0.31,0.705
25,Liberty 2019,-3.88,0.569,0.478,0.136,0.163,0.136,0.23,1.674,0.205,0.677
26,Louisiana State 2019,9.16,0.512,0.499,0.132,0.155,0.132,0.339,0.973,0.279,0.69
27,Louisville 2019,11.04,0.509,0.468,0.134,0.125,0.134,0.266,1.38,0.271,0.695
28,Marquette 2019,6.96,0.535,0.463,0.149,0.128,0.149,0.256,1.452,0.266,0.679
29,Maryland 2019,10.09,0.514,0.459,0.147,0.111,0.147,0.283,1.267,0.244,0.723
30,Michigan State 2019,12.34,0.552,0.439,0.142,0.116,0.142,0.262,1.407,0.253,0.679
31,Michigan 2019,10.55,0.516,0.441,0.111,0.144,0.111,0.229,1.686,0.193,0.663
32,Minnesota 2019,11.27,0.482,0.495,0.126,0.132,0.126,0.306,1.134,0.283,0.692
33,Mississippi State 2019,9.07,0.546,0.503,0.146,0.152,0.146,0.323,1.046,0.234,0.715
34,Mississippi 2019,8.13,0.531,0.51,0.143,0.159,0.143,0.285,1.252,0.242,0.705
35,Montana 2019,-5.05,0.564,0.494,0.138,0.154,0.138,0.249,1.507,0.216,0.75
36,Murray State 2019,-3.11,0.557,0.461,0.13,0.153,0.13,0.281,1.276,0.246,0.719
37,Nevada 2019,2.68,0.537,0.477,0.111,0.154,0.111,0.255,1.46,0.289,0.676
38,New Mexico State 2019,-2.38,0.538,0.486,0.13,0.156,0.13,0.331,1.009,0.231,0.702
39,North Carolina Central 2019,-11.24,0.512,0.491,0.167,0.153,0.167,0.315,1.085,0.239,0.672
40,North Carolina 2019,11.35,0.529,0.489,0.131,0.148,0.131,0.3,1.166,0.224,0.679
41,North Dakota State 2019,-2.07,0.54,0.525,0.127,0.118,0.127,0.207,1.913,0.247,0.749
42,Northeastern 2019,-0.7,0.565,0.521,0.133,0.134,0.133,0.22,1.768,0.258,0.735
43,Northern Kentucky 2019,-2.39,0.553,0.481,0.137,0.148,0.137,0.28,1.283,0.236,0.72
44,Ohio State 2019,11.0,0.503,0.483,0.145,0.143,0.145,0.27,1.352,0.247,0.741
45,Oklahoma 2019,12.21,0.504,0.475,0.134,0.136,0.134,0.241,1.57,0.218,0.672
46,Old Dominion 2019,-1.18,0.471,0.456,0.135,0.145,0.135,0.306,1.133,0.192,0.667
47,Oregon 2019,6.13,0.52,0.464,0.138,0.161,0.138,0.276,1.31,0.212,0.702
48,Prairie View 2019,-9.17,0.493,0.514,0.132,0.187,0.132,0.341,0.968,0.289,0.693
49,Purdue 2019,11.99,0.536,0.49,0.12,0.145,0.12,0.314,1.093,0.215,0.732
50,Saint Louis 2019,2.23,0.467,0.469,0.14,0.152,0.14,0.345,0.951,0.236,0.722
51,Saint Mary's (CA) 2019,4.4,0.538,0.489,0.126,0.131,0.126,0.279,1.293,0.216,0.736
52,Seton Hall 2019,8.34,0.499,0.496,0.135,0.154,0.135,0.298,1.18,0.243,0.742
53,St. John's (NY) 2019,5.5,0.518,0.507,0.116,0.162,0.116,0.236,1.621,0.212,0.71
54,Syracuse 2019,10.09,0.496,0.48,0.14,0.175,0.14,0.309,1.117,0.252,0.722
55,Temple 2019,4.93,0.499,0.506,0.122,0.16,0.122,0.278,1.297,0.236,0.68
56,Tennessee 2019,10.16,0.554,0.475,0.122,0.138,0.122,0.272,1.335,0.251,0.653
57,Texas Tech 2019,9.53,0.535,0.43,0.14,0.175,0.14,0.243,1.559,0.241,0.694
58,Utah State 2019,0.89,0.538,0.464,0.139,0.138,0.139,0.268,1.363,0.274,0.714
59,Vermont 2019,-4.18,0.53,0.484,0.128,0.158,0.128,0.255,1.464,0.269,0.73
60,Villanova 2019,7.97,0.532,0.504,0.125,0.138,0.125,0.294,1.202,0.251,0.7
61,Virginia Commonwealth 2019,2.87,0.501,0.435,0.153,0.177,0.153,0.296,1.187,0.251,0.69
62,Virginia Tech 2019,7.79,0.556,0.49,0.135,0.173,0.135,0.271,1.342,0.243,0.722
63,Virginia 2019,10.15,0.552,0.447,0.114,0.139,0.114,0.258,1.439,0.216,0.666
64,Washington 2019,7.01,0.521,0.475,0.154,0.183,0.154,0.296,1.19,0.241,0.71
65,Wisconsin 2019,11.01,0.511,0.452,0.117,0.136,0.117,0.236,1.615,0.177,0.668
66,Wofford 2019,0.8,0.58,0.49,0.122,0.161,0.122,0.296,1.188,0.19,0.703
67,Yale 2019,-1.24,0.556,0.471,0.142,0.12,0.142,0.224,1.734,0.227,0.73
68,Arizona 2016,7.23,0.536,0.462,0.135,0.127,0.135,0.288,1.236,0.316,0.713
69,Little Rock 2016,-1.76,0.52,0.456,0.121,0.163,0.121,0.264,1.397,0.229,0.684
70,Austin Peay 2016,-2.98,0.516,0.531,0.144,0.145,0.144,0.318,1.071,0.306,0.706
71,Baylor 2016,9.76,0.518,0.51,0.136,0.154,0.136,0.369,0.857,0.272,0.7
72,Buffalo 2016,0.9,0.499,0.493,0.138,0.138,0.138,0.312,1.104,0.294,0.716
73,Butler 2016,7.55,0.526,0.497,0.109,0.145,0.109,0.308,1.123,0.287,0.71
74,Cal State Bakersfield 2016,-5.15,0.497,0.451,0.132,0.166,0.132,0.328,1.025,0.245,0.688
75,University of California 2016,7.87,0.522,0.443,0.133,0.107,0.133,0.286,1.247,0.274,0.709
76,Chattanooga 2016,-3.46,0.524,0.5,0.136,0.162,0.136,0.307,1.129,0.304,0.68
77,Cincinnati 2016,5.25,0.493,0.456,0.121,0.155,0.121,0.342,0.964,0.234,0.68
78,Colorado 2016,7.64,0.488,0.47,0.138,0.119,0.138,0.311,1.108,0.293,0.686
79,Connecticut 2016,6.28,0.516,0.445,0.125,0.135,0.125,0.258,1.44,0.235,0.661
80,Dayton 2016,4.76,0.516,0.469,0.142,0.141,0.142,0.258,1.434,0.272,0.667
81,Duke 2016,10.59,0.537,0.495,0.105,0.132,0.105,0.329,1.021,0.293,0.681
82,Fairleigh Dickinson 2016,-8.31,0.517,0.522,0.136,0.155,0.136,0.313,1.097,0.228,0.695
83,Florida Gulf Coast 2016,-3.82,0.523,0.467,0.132,0.129,0.132,0.293,1.205,0.238,0.683
84,Fresno State 2016,2.24,0.487,0.486,0.114,0.159,0.114,0.316,1.081,0.263,0.697
85,Gonzaga 2016,4.23,0.553,0.446,0.13,0.118,0.13,0.268,1.366,0.258,0.702
86,Green Bay 2016,-0.67,0.5,0.511,0.116,0.166,0.116,0.331,1.012,0.282,0.714
87,Hampton 2016,-8.45,0.464,0.483,0.137,0.13,0.137,0.338,0.979,0.273,0.723
88,Hawaii 2016,-1.04,0.52,0.453,0.136,0.158,0.136,0.283,1.264,0.307,0.717
89,Holy Cross 2016,-6.11,0.479,0.532,0.131,0.153,0.131,0.265,1.385,0.248,0.725
90,Indiana 2016,6.9,0.587,0.498,0.148,0.147,0.148,0.321,1.056,0.248,0.681
91,Iona 2016,-1.78,0.538,0.488,0.137,0.145,0.137,0.286,1.25,0.23,0.699
92,Iowa State 2016,10.16,0.571,0.498,0.128,0.131,0.128,0.244,1.546,0.183,0.688
93,Iowa 2016,8.71,0.513,0.48,0.112,0.146,0.112,0.312,1.103,0.237,0.683
94,Kansas 2016,11.22,0.564,0.45,0.135,0.14,0.135,0.279,1.295,0.272,0.724
95,Kentucky 2016,8.84,0.535,0.445,0.116,0.13,0.116,0.323,1.047,0.261,0.703
96,Maryland 2016,8.31,0.555,0.463,0.146,0.13,0.146,0.248,1.519,0.295,0.712
97,Miami (FL) 2016,10.69,0.542,0.483,0.126,0.135,0.126,0.273,1.329,0.305,0.717
98,Michigan State 2016,6.94,0.563,0.433,0.131,0.109,0.131,0.285,1.252,0.218,0.714
99,Michigan 2016,7.92,0.546,0.511,0.117,0.146,0.117,0.252,1.486,0.205,0.725
100,Middle Tennessee 2016,-0.7,0.518,0.494,0.132,0.148,0.132,0.288,1.238,0.218,0.668
101,North Carolina-Asheville 2016,-3.25,0.505,0.48,0.138,0.17,0.138,0.31,1.114,0.284,0.699
102,North Carolina-Wilmington 2016,0.35,0.512,0.469,0.118,0.151,0.118,0.321,1.058,0.262,0.705
103,North Carolina 2016,10.69,0.526,0.481,0.113,0.141,0.113,0.35,0.93,0.241,0.697
104,Northern Iowa 2016,4.44,0.535,0.486,0.125,0.144,0.125,0.179,2.297,0.257,0.72
105,Notre Dame 2016,9.57,0.54,0.495,0.117,0.113,0.117,0.301,1.16,0.244,0.728
106,Oklahoma 2016,11.14,0.543,0.472,0.141,0.136,0.141,0.287,1.242,0.238,0.678
107,Oregon State 2016,9.26,0.499,0.492,0.125,0.147,0.125,0.306,1.135,0.25,0.695
108,Oregon 2016,8.64,0.525,0.485,0.121,0.156,0.121,0.32,1.063,0.291,0.696
109,Pittsburgh 2016,8.75,0.511,0.493,0.128,0.134,0.128,0.332,1.007,0.269,0.661
110,Providence 2016,8.46,0.48,0.493,0.121,0.161,0.121,0.318,1.071,0.27,0.72
111,Purdue 2016,7.46,0.536,0.443,0.132,0.108,0.132,0.277,1.304,0.263,0.701
112,Saint Joseph's 2016,4.93,0.512,0.481,0.107,0.129,0.107,0.261,1.419,0.268,0.699
113,Seton Hall 2016,8.28,0.498,0.454,0.143,0.147,0.143,0.323,1.047,0.266,0.679
114,South Dakota State 2016,-1.22,0.515,0.473,0.127,0.135,0.127,0.298,1.178,0.298,0.721
115,Southern California 2016,7.64,0.522,0.473,0.126,0.127,0.126,0.3,1.167,0.237,0.703
116,Southern 2016,-9.37,0.496,0.474,0.123,0.148,0.123,0.29,1.223,0.247,0.665
117,Stephen F. Austin 2016,-5.47,0.545,0.488,0.131,0.206,0.131,0.341,0.967,0.253,0.663
118,Stony Brook 2016,-5.28,0.524,0.464,0.126,0.149,0.126,0.324,1.044,0.215,0.717
119,Syracuse 2016,9.75,0.501,0.473,0.135,0.153,0.135,0.337,0.982,0.243,0.666
120,Temple 2016,6.57,0.47,0.465,0.106,0.124,0.106,0.303,1.151,0.182,0.742
121,Texas A&M 2016,8.45,0.512,0.474,0.125,0.16,0.125,0.315,1.088,0.256,0.658
122,Texas Tech 2016,10.25,0.5,0.496,0.134,0.142,0.134,0.3,1.166,0.314,0.705
123,Texas 2016,11.71,0.494,0.477,0.115,0.138,0.115,0.319,1.069,0.263,0.699
124,Tulsa 2016,5.76,0.503,0.482,0.118,0.155,0.118,0.288,1.238,0.268,0.75
125,Utah 2016,8.79,0.557,0.48,0.14,0.122,0.14,0.26,1.424,0.276,0.725
126,Vanderbilt 2016,8.68,0.529,0.431,0.128,0.106,0.128,0.246,1.534,0.276,0.677
127,Villanova 2016,9.71,0.561,0.467,0.127,0.159,0.127,0.253,1.473,0.267,0.662
128,Virginia Commonwealth 2016,4.35,0.51,0.491,0.12,0.165,0.12,0.323,1.048,0.223,0.679
129,Virginia 2016,11.12,0.548,0.484,0.117,0.148,0.117,0.272,1.341,0.241,0.702
130,Weber State 2016,-5.13,0.559,0.464,0.146,0.125,0.146,0.231,1.66,0.294,0.669
131,West Virginia 2016,9.78,0.498,0.484,0.139,0.19,0.139,0.404,0.737,0.311,0.714
132,Wichita State 2016,4.24,0.49,0.446,0.11,0.179,0.11,0.312,1.103,0.272,0.709
133,Wisconsin 2016,9.4,0.485,0.48,0.127,0.144,0.127,0.324,1.043,0.267,0.708
134,Xavier 2016,8.43,0.514,0.478,0.128,0.15,0.128,0.314,1.091,0.305,0.698
135,Yale 2016,-1.03,0.526,0.465,0.143,0.142,0.143,0.337,0.984,0.276,0.698
136,Alabama-Birmingham 2015,1.62,0.477,0.476,0.149,0.147,0.149,0.328,1.023,0.259,0.685
137,Albany (NY) 2015,-5.18,0.499,0.496,0.141,0.159,0.141,0.301,1.163,0.296,0.701
138,Arizona 2015,7.41,0.535,0.451,0.121,0.163,0.121,0.294,1.202,0.338,0.698
139,Arkansas 2015,6.79,0.5,0.483,0.125,0.167,0.125,0.364,0.872,0.27,0.715
140,Baylor 2015,9.33,0.497,0.455,0.143,0.145,0.143,0.373,0.841,0.26,0.645
141,Belmont 2015,-2.77,0.567,0.515,0.159,0.147,0.159,0.281,1.28,0.225,0.712
142,Boise State 2015,1.38,0.537,0.472,0.126,0.157,0.126,0.266,1.378,0.236,0.699
143,Brigham Young 2015,5.02,0.539,0.489,0.123,0.138,0.123,0.312,1.102,0.325,0.7
144,Buffalo 2015,1.6,0.487,0.485,0.121,0.151,0.121,0.333,1.0,0.306,0.664
145,Butler 2015,8.62,0.484,0.467,0.124,0.153,0.124,0.329,1.018,0.279,0.682
146,UC-Irvine 2015,0.45,0.52,0.442,0.142,0.132,0.142,0.275,1.321,0.2,0.694
147,Cincinnati 2015,4.4,0.495,0.441,0.156,0.152,0.156,0.325,1.038,0.249,0.651
148,Coastal Carolina 2015,-6.18,0.5,0.461,0.13,0.141,0.13,0.334,0.997,0.283,0.7
149,Davidson 2015,3.19,0.556,0.492,0.109,0.13,0.109,0.293,1.207,0.203,0.638
150,Dayton 2015,4.06,0.53,0.472,0.138,0.165,0.138,0.227,1.698,0.33,0.677
151,Duke 2015,9.87,0.566,0.465,0.121,0.145,0.121,0.31,1.113,0.278,0.692
152,Eastern Washington 2015,-3.84,0.562,0.52,0.12,0.137,0.12,0.297,1.185,0.255,0.716
153,Georgetown 2015,9.81,0.513,0.471,0.141,0.15,0.141,0.319,1.069,0.309,0.71
154,Georgia State 2015,-2.03,0.527,0.457,0.124,0.174,0.124,0.289,1.233,0.277,0.714
155,Georgia 2015,8.6,0.485,0.444,0.141,0.126,0.141,0.286,1.25,0.331,0.699
156,Gonzaga 2015,5.12,0.584,0.441,0.121,0.132,0.121,0.271,1.343,0.267,0.666
157,Hampton 2015,-7.08,0.456,0.464,0.149,0.149,0.149,0.322,1.053,0.286,0.685
158,Harvard 2015,-0.25,0.481,0.458,0.139,0.161,0.139,0.308,1.122,0.283,0.674
159,Indiana 2015,7.2,0.544,0.503,0.129,0.121,0.129,0.333,1.004,0.235,0.679
160,Iowa State 2015,9.15,0.543,0.476,0.122,0.146,0.122,0.265,1.39,0.254,0.733
161,Iowa 2015,8.39,0.481,0.456,0.125,0.145,0.125,0.331,1.009,0.282,0.694
162,Kansas 2015,12.13,0.494,0.446,0.141,0.131,0.141,0.312,1.101,0.309,0.672
163,Kentucky 2015,8.67,0.515,0.396,0.117,0.16,0.117,0.331,1.009,0.319,0.659
164,Lafayette 2015,-3.12,0.557,0.533,0.135,0.129,0.135,0.277,1.303,0.234,0.697
165,Louisiana State 2015,5.63,0.503,0.447,0.154,0.145,0.154,0.31,1.113,0.229,0.662
166,Louisville 2015,8.98,0.477,0.44,0.126,0.162,0.126,0.336,0.988,0.258,0.661
167,Manhattan 2015,-3.34,0.494,0.481,0.157,0.175,0.157,0.324,1.043,0.328,0.698
168,Maryland 2015,7.63,0.512,0.455,0.144,0.131,0.144,0.257,1.447,0.336,0.66
169,Michigan State 2015,10.0,0.532,0.449,0.132,0.125,0.132,0.299,1.172,0.207,0.722
170,Mississippi 2015,7.01,0.478,0.476,0.122,0.139,0.122,0.335,0.993,0.279,0.685
171,New Mexico State 2015,-3.67,0.509,0.461,0.157,0.16,0.157,0.357,0.901,0.306,0.692
172,North Carolina State 2015,9.72,0.493,0.455,0.119,0.112,0.119,0.318,1.074,0.243,0.704
173,North Carolina 2015,11.76,0.516,0.454,0.133,0.132,0.133,0.341,0.965,0.247,0.701
174,North Dakota State 2015,-3.63,0.501,0.483,0.123,0.134,0.123,0.25,1.504,0.248,0.739
175,North Florida 2015,-5.94,0.553,0.476,0.141,0.136,0.141,0.278,1.298,0.283,0.677
176,Northeastern 2015,-1.34,0.545,0.498,0.165,0.125,0.165,0.256,1.453,0.3,0.689
177,Northern Iowa 2015,2.0,0.559,0.456,0.138,0.151,0.138,0.238,1.6,0.292,0.712
178,Notre Dame 2015,7.02,0.583,0.479,0.112,0.134,0.112,0.254,1.466,0.272,0.713
179,Ohio State 2015,7.37,0.542,0.464,0.128,0.167,0.128,0.312,1.103,0.236,0.705
180,Oklahoma State 2015,9.63,0.507,0.458,0.145,0.156,0.145,0.276,1.31,0.281,0.686
181,Oklahoma 2015,9.94,0.493,0.441,0.134,0.15,0.134,0.292,1.212,0.243,0.655
182,Oregon 2015,7.65,0.524,0.477,0.132,0.126,0.132,0.287,1.245,0.217,0.696
183,Providence 2015,9.5,0.484,0.482,0.133,0.15,0.133,0.335,0.994,0.287,0.69
184,Purdue 2015,7.64,0.502,0.454,0.146,0.132,0.146,0.327,1.027,0.285,0.693
185,Robert Morris 2015,-3.5,0.501,0.493,0.152,0.161,0.152,0.316,1.083,0.252,0.66
186,San Diego State 2015,4.24,0.467,0.433,0.136,0.168,0.136,0.346,0.946,0.228,0.695
187,Southern Methodist 2015,3.57,0.517,0.455,0.145,0.156,0.145,0.312,1.103,0.309,0.68
188,St. John's (NY) 2015,9.04,0.494,0.466,0.12,0.144,0.12,0.289,1.232,0.251,0.653
189,Stephen F. Austin 2015,-4.2,0.557,0.485,0.151,0.191,0.151,0.351,0.924,0.314,0.695
190,Texas Southern 2015,-6.09,0.495,0.493,0.144,0.14,0.144,0.33,1.014,0.309,0.654
191,Texas 2015,9.07,0.491,0.421,0.148,0.105,0.148,0.312,1.101,0.265,0.663
192,UCLA 2015,8.27,0.496,0.485,0.131,0.139,0.131,0.322,1.053,0.242,0.696
193,Utah 2015,7.42,0.557,0.43,0.139,0.143,0.139,0.267,1.37,0.303,0.684
194,Valparaiso 2015,-2.0,0.52,0.446,0.144,0.148,0.144,0.311,1.107,0.248,0.705
195,Villanova 2015,7.55,0.553,0.455,0.121,0.166,0.121,0.3,1.164,0.305,0.68
196,Virginia Commonwealth 2015,6.1,0.487,0.495,0.115,0.181,0.115,0.348,0.938,0.245,0.691
197,Virginia 2015,7.81,0.506,0.423,0.118,0.141,0.118,0.291,1.221,0.254,0.646
198,West Virginia 2015,9.29,0.461,0.527,0.131,0.211,0.131,0.452,0.606,0.267,0.69
199,Wichita State 2015,3.68,0.507,0.456,0.11,0.165,0.11,0.333,1.0,0.259,0.692
200,Wisconsin 2015,10.29,0.548,0.477,0.093,0.129,0.093,0.286,1.247,0.276,0.71
201,Wofford 2015,-2.98,0.516,0.467,0.132,0.157,0.132,0.284,1.258,0.262,0.703
202,Wyoming 2015,-0.04,0.526,0.465,0.148,0.144,0.148,0.206,1.924,0.277,0.703
203,Xavier 2015,9.48,0.534,0.5,0.138,0.146,0.138,0.284,1.261,0.281,0.677
204,Alabama 2018,10.64,0.519,0.478,0.155,0.141,0.155,0.278,1.302,0.281,0.685
205,Arizona State 2018,6.56,0.538,0.507,0.112,0.157,0.112,0.28,1.287,0.303,0.718
206,Arizona 2018,6.84,0.563,0.499,0.134,0.131,0.134,0.276,1.314,0.281,0.734
207,Arkansas 2018,9.85,0.538,0.504,0.116,0.146,0.116,0.29,1.226,0.255,0.727
208,Auburn 2018,7.29,0.508,0.497,0.123,0.16,0.123,0.312,1.1,0.308,0.722
209,Bucknell 2018,-3.46,0.539,0.478,0.13,0.132,0.13,0.253,1.477,0.306,0.695
210,Buffalo 2018,0.25,0.549,0.484,0.128,0.14,0.128,0.307,1.129,0.208,0.734
211,Butler 2018,10.55,0.54,0.519,0.126,0.155,0.126,0.266,1.378,0.202,0.743
212,Cal State Fullerton 2018,-1.02,0.516,0.472,0.156,0.141,0.156,0.246,1.534,0.316,0.756
213,Cincinnati 2018,3.53,0.512,0.433,0.124,0.17,0.124,0.338,0.981,0.249,0.684
214,Clemson 2018,9.25,0.529,0.472,0.136,0.138,0.136,0.247,1.526,0.253,0.701
215,College of Charleston 2018,-3.29,0.527,0.495,0.115,0.138,0.115,0.252,1.481,0.277,0.738
216,Creighton 2018,8.1,0.575,0.496,0.126,0.129,0.126,0.204,1.951,0.194,0.721
217,Davidson 2018,2.57,0.574,0.512,0.119,0.129,0.119,0.209,1.896,0.196,0.685
218,Duke 2018,9.71,0.559,0.464,0.13,0.135,0.13,0.324,1.044,0.246,0.728
219,Florida State 2018,8.5,0.532,0.484,0.135,0.149,0.135,0.297,1.182,0.256,0.714
220,Florida 2018,10.08,0.507,0.486,0.109,0.154,0.109,0.306,1.137,0.234,0.731
221,Georgia State 2018,-2.78,0.54,0.471,0.13,0.157,0.13,0.256,1.45,0.205,0.697
222,Gonzaga 2018,2.59,0.57,0.471,0.123,0.139,0.123,0.274,1.323,0.227,0.716
223,Houston 2018,4.16,0.533,0.455,0.132,0.146,0.132,0.299,1.173,0.234,0.703
224,Iona 2018,-2.19,0.539,0.525,0.128,0.146,0.128,0.253,1.476,0.223,0.659
225,Kansas State 2018,8.74,0.525,0.491,0.135,0.164,0.135,0.263,1.4,0.248,0.732
226,Kansas 2018,11.87,0.575,0.491,0.132,0.143,0.132,0.268,1.366,0.191,0.713
227,Kentucky 2018,10.73,0.518,0.468,0.136,0.128,0.136,0.307,1.13,0.307,0.692
228,Lipscomb 2018,-3.8,0.518,0.511,0.147,0.157,0.147,0.271,1.344,0.291,0.691
229,Long Island University 2018,-8.19,0.523,0.495,0.149,0.127,0.149,0.277,1.308,0.266,0.692
230,Loyola (IL) 2018,1.81,0.577,0.474,0.154,0.155,0.154,0.187,2.168,0.231,0.706
231,Marshall 2018,0.44,0.548,0.497,0.138,0.143,0.138,0.224,1.734,0.256,0.681
232,Maryland-Baltimore County 2018,-3.84,0.531,0.509,0.139,0.167,0.139,0.279,1.294,0.198,0.676
233,Miami (FL) 2018,6.96,0.531,0.49,0.131,0.149,0.131,0.285,1.256,0.192,0.712
234,Michigan State 2018,7.1,0.569,0.427,0.145,0.112,0.145,0.279,1.294,0.268,0.728
235,Michigan 2018,9.41,0.545,0.476,0.11,0.155,0.11,0.246,1.534,0.203,0.721
236,Missouri 2018,9.19,0.537,0.467,0.16,0.126,0.16,0.271,1.345,0.286,0.725
237,Montana 2018,-2.25,0.513,0.487,0.131,0.168,0.131,0.318,1.072,0.273,0.723
238,Murray State 2018,-3.53,0.558,0.467,0.134,0.144,0.134,0.287,1.244,0.28,0.724
239,Nevada 2018,4.93,0.548,0.494,0.105,0.139,0.105,0.258,1.441,0.269,0.709
240,New Mexico State 2018,-1.1,0.519,0.455,0.137,0.155,0.137,0.305,1.142,0.184,0.711
241,North Carolina Central 2018,-12.31,0.512,0.481,0.157,0.136,0.157,0.307,1.129,0.199,0.715
242,North Carolina-Greensboro 2018,-3.87,0.525,0.47,0.155,0.175,0.155,0.319,1.067,0.185,0.725
243,North Carolina State 2018,6.7,0.534,0.516,0.127,0.157,0.127,0.34,0.97,0.238,0.703
244,North Carolina 2018,11.78,0.52,0.501,0.126,0.13,0.126,0.325,1.036,0.208,0.687
245,Ohio State 2018,9.03,0.541,0.487,0.133,0.142,0.133,0.265,1.386,0.227,0.702
246,Oklahoma 2018,10.56,0.535,0.51,0.135,0.132,0.135,0.274,1.323,0.247,0.703
247,Pennsylvania 2018,-3.17,0.533,0.463,0.131,0.136,0.131,0.228,1.689,0.22,0.734
248,Providence 2018,10.23,0.496,0.503,0.132,0.148,0.132,0.294,1.199,0.272,0.731
249,Purdue 2018,8.74,0.577,0.47,0.123,0.141,0.123,0.24,1.582,0.265,0.689
250,Radford 2018,-4.08,0.494,0.501,0.144,0.159,0.144,0.333,1.002,0.222,0.751
251,Rhode Island 2018,4.61,0.511,0.503,0.117,0.175,0.117,0.33,1.016,0.209,0.734
252,San Diego State 2018,3.91,0.519,0.482,0.129,0.153,0.129,0.291,1.217,0.255,0.727
253,Seton Hall 2018,10.11,0.529,0.503,0.134,0.139,0.134,0.318,1.072,0.246,0.724
254,South Dakota State 2018,-0.38,0.554,0.492,0.108,0.117,0.108,0.226,1.708,0.269,0.718
255,St. Bonaventure 2018,2.61,0.516,0.49,0.124,0.155,0.124,0.285,1.256,0.305,0.715
256,Stephen F. Austin 2018,-6.46,0.544,0.496,0.158,0.205,0.158,0.32,1.064,0.28,0.688
257,Syracuse 2018,10.02,0.469,0.462,0.141,0.149,0.141,0.315,1.088,0.298,0.731
258,Tennessee 2018,10.12,0.508,0.467,0.134,0.155,0.134,0.32,1.062,0.269,0.71
259,Texas A&M 2018,10.62,0.514,0.469,0.145,0.12,0.145,0.296,1.19,0.212,0.688
260,Texas Christian 2018,9.68,0.566,0.523,0.137,0.138,0.137,0.304,1.145,0.241,0.731
261,Texas Southern 2018,-5.53,0.505,0.512,0.131,0.123,0.131,0.283,1.268,0.311,0.667
262,Texas Tech 2018,9.6,0.52,0.463,0.135,0.167,0.135,0.297,1.182,0.276,0.703
263,Texas 2018,10.67,0.5,0.483,0.13,0.142,0.13,0.294,1.2,0.219,0.712
264,UCLA 2018,6.86,0.537,0.491,0.128,0.114,0.128,0.261,1.415,0.256,0.701
265,Villanova 2018,10.24,0.595,0.485,0.119,0.144,0.119,0.265,1.389,0.229,0.747
266,Virginia Tech 2018,6.72,0.577,0.504,0.134,0.146,0.134,0.226,1.709,0.259,0.697
267,Virginia 2018,9.07,0.527,0.443,0.112,0.167,0.112,0.257,1.449,0.184,0.732
268,West Virginia 2018,9.36,0.504,0.499,0.119,0.178,0.119,0.366,0.865,0.24,0.712
269,Wichita State 2018,5.46,0.551,0.494,0.124,0.129,0.124,0.302,1.153,0.257,0.726
270,Wright State 2018,-3.64,0.491,0.483,0.143,0.173,0.143,0.28,1.288,0.256,0.71
271,Xavier 2018,9.45,0.559,0.499,0.132,0.127,0.132,0.253,1.474,0.32,0.76
272,Alabama 2012,7.18,0.491,0.437,0.153,0.157,0.153,0.33,1.014,0.257,0.645
273,Baylor 2012,8.03,0.528,0.473,0.152,0.159,0.152,0.367,0.862,0.266,0.687
274,Belmont 2012,-1.22,0.558,0.481,0.133,0.159,0.133,0.348,0.935,0.282,0.657
275,Brigham Young 2012,1.55,0.521,0.471,0.141,0.17,0.141,0.312,1.105,0.257,0.666
276,University of California 2012,4.53,0.517,0.464,0.14,0.154,0.14,0.311,1.106,0.254,0.685
277,Cincinnati 2012,6.28,0.48,0.462,0.124,0.166,0.124,0.399,0.753,0.189,0.685
278,Colorado State 2012,5.23,0.53,0.503,0.15,0.139,0.15,0.283,1.265,0.324,0.704
279,Colorado 2012,5.73,0.499,0.461,0.148,0.143,0.148,0.294,1.198,0.299,0.648
280,Connecticut 2012,8.07,0.5,0.446,0.14,0.127,0.14,0.361,0.887,0.229,0.735
281,Creighton 2012,3.41,0.578,0.496,0.136,0.12,0.136,0.284,1.262,0.276,0.675
282,Davidson 2012,-1.68,0.511,0.473,0.126,0.136,0.126,0.356,0.906,0.283,0.668
283,Detroit Mercy 2012,-0.01,0.491,0.503,0.136,0.171,0.136,0.386,0.795,0.312,0.701
284,Duke 2012,8.4,0.528,0.471,0.13,0.141,0.13,0.352,0.919,0.316,0.689
285,Florida State 2012,7.62,0.512,0.437,0.175,0.167,0.175,0.34,0.969,0.246,0.715
286,Florida 2012,7.33,0.548,0.478,0.127,0.147,0.127,0.353,0.918,0.237,0.693
287,Georgetown 2012,7.69,0.519,0.433,0.147,0.15,0.147,0.331,1.01,0.27,0.68
288,Gonzaga 2012,3.25,0.535,0.466,0.145,0.152,0.145,0.328,1.025,0.33,0.673
289,Harvard 2012,-1.56,0.529,0.456,0.153,0.161,0.153,0.284,1.261,0.307,0.657
290,Indiana 2012,7.8,0.552,0.481,0.142,0.153,0.142,0.339,0.975,0.34,0.702
291,Iona 2012,-1.82,0.565,0.511,0.135,0.173,0.135,0.339,0.976,0.216,0.696
292,Iowa State 2012,7.32,0.526,0.486,0.138,0.136,0.138,0.316,1.081,0.266,0.698
293,Kansas State 2012,7.53,0.489,0.46,0.152,0.175,0.152,0.417,0.699,0.29,0.689
294,Kansas 2012,9.93,0.523,0.434,0.143,0.155,0.143,0.328,1.023,0.275,0.72
295,Kentucky 2012,7.93,0.538,0.42,0.123,0.134,0.123,0.327,1.031,0.302,0.694
296,Lamar 2012,-3.77,0.469,0.466,0.124,0.157,0.124,0.386,0.796,0.295,0.672
297,Lehigh 2012,-5.14,0.507,0.467,0.123,0.162,0.123,0.35,0.93,0.291,0.705
298,Long Beach State 2012,0.87,0.527,0.475,0.141,0.174,0.141,0.343,0.959,0.281,0.694
299,Long Island University 2012,-5.1,0.532,0.494,0.158,0.142,0.158,0.339,0.973,0.363,0.694
300,Louisville 2012,9.02,0.473,0.433,0.153,0.172,0.153,0.364,0.874,0.249,0.663
301,Loyola (MD) 2012,-2.72,0.472,0.478,0.149,0.164,0.149,0.412,0.714,0.309,0.689
302,Marquette 2012,7.5,0.501,0.454,0.139,0.176,0.139,0.36,0.888,0.295,0.685
303,Memphis 2012,5.26,0.54,0.434,0.142,0.155,0.142,0.304,1.146,0.296,0.695
304,Michigan State 2012,9.82,0.527,0.433,0.146,0.149,0.146,0.323,1.05,0.264,0.703
305,Michigan 2012,8.98,0.532,0.485,0.14,0.156,0.14,0.301,1.162,0.204,0.713
306,Mississippi Valley State 2012,-7.65,0.463,0.496,0.158,0.177,0.158,0.398,0.757,0.225,0.654
307,Missouri 2012,5.68,0.58,0.501,0.118,0.167,0.118,0.311,1.107,0.287,0.676
308,Montana 2012,-3.39,0.52,0.454,0.145,0.17,0.145,0.301,1.159,0.285,0.7
309,Murray State 2012,-2.6,0.537,0.457,0.155,0.188,0.155,0.353,0.915,0.318,0.661
310,Nevada-Las Vegas 2012,4.37,0.527,0.465,0.143,0.168,0.143,0.333,1.004,0.241,0.673
311,New Mexico State 2012,0.08,0.515,0.481,0.147,0.16,0.147,0.383,0.805,0.346,0.675
312,New Mexico 2012,3.34,0.531,0.44,0.15,0.167,0.15,0.325,1.039,0.279,0.675
313,Norfolk State 2012,-5.39,0.49,0.463,0.161,0.152,0.161,0.355,0.909,0.275,0.671
314,North Carolina-Asheville 2012,-2.72,0.541,0.504,0.14,0.169,0.14,0.345,0.95,0.358,0.665
315,North Carolina State 2012,6.8,0.504,0.471,0.139,0.14,0.139,0.356,0.905,0.255,0.709
316,North Carolina 2012,7.07,0.498,0.45,0.116,0.146,0.116,0.358,0.896,0.254,0.681
317,Notre Dame 2012,6.47,0.495,0.458,0.121,0.133,0.121,0.329,1.022,0.263,0.706
318,Ohio State 2012,9.07,0.521,0.464,0.128,0.178,0.128,0.332,1.004,0.27,0.699
319,Ohio 2012,0.17,0.494,0.465,0.144,0.194,0.144,0.397,0.759,0.245,0.715
320,Purdue 2012,8.05,0.511,0.499,0.102,0.15,0.102,0.376,0.829,0.224,0.699
321,Saint Louis 2012,4.06,0.515,0.454,0.134,0.179,0.134,0.348,0.936,0.259,0.718
322,Saint Mary's (CA) 2012,0.78,0.541,0.477,0.132,0.145,0.132,0.328,1.024,0.281,0.669
323,San Diego State 2012,3.79,0.505,0.466,0.14,0.15,0.14,0.312,1.101,0.259,0.69
324,South Dakota State 2012,-1.87,0.54,0.5,0.119,0.154,0.119,0.337,0.985,0.29,0.688
325,South Florida 2012,7.29,0.485,0.434,0.17,0.139,0.17,0.335,0.991,0.239,0.706
326,Southern Mississippi 2012,3.61,0.469,0.495,0.12,0.167,0.12,0.416,0.703,0.29,0.727
327,St. Bonaventure 2012,2.84,0.508,0.471,0.155,0.145,0.155,0.339,0.974,0.32,0.713
328,Syracuse 2012,8.02,0.521,0.442,0.12,0.179,0.12,0.389,0.786,0.23,0.676
329,Temple 2012,4.94,0.531,0.483,0.14,0.148,0.14,0.327,1.03,0.246,0.702
330,Texas 2012,8.12,0.485,0.469,0.134,0.149,0.134,0.405,0.734,0.312,0.677
331,Vanderbilt 2012,8.04,0.541,0.469,0.147,0.146,0.147,0.321,1.058,0.28,0.7
332,Vermont 2012,-5.19,0.493,0.455,0.145,0.149,0.145,0.344,0.954,0.276,0.678
333,Virginia Commonwealth 2012,0.63,0.476,0.473,0.129,0.208,0.129,0.394,0.77,0.249,0.691
334,Virginia 2012,4.23,0.507,0.447,0.147,0.165,0.147,0.268,1.366,0.256,0.634
335,West Virginia 2012,7.53,0.483,0.498,0.137,0.157,0.137,0.434,0.651,0.259,0.679
336,Western Kentucky 2012,0.51,0.444,0.474,0.163,0.159,0.163,0.383,0.806,0.276,0.718
337,Wichita State 2012,3.8,0.543,0.443,0.137,0.146,0.137,0.31,1.111,0.26,0.69
338,Wisconsin 2012,8.24,0.501,0.425,0.116,0.141,0.116,0.314,1.093,0.227,0.683
339,Xavier 2012,6.22,0.497,0.456,0.138,0.139,0.138,0.32,1.065,0.287,0.74
340,Arizona 2017,7.63,0.537,0.477,0.125,0.137,0.125,0.28,1.287,0.31,0.684
341,Arkansas 2017,8.6,0.514,0.478,0.125,0.137,0.125,0.309,1.118,0.29,0.705
342,Baylor 2017,11.87,0.53,0.462,0.152,0.135,0.152,0.339,0.973,0.244,0.713
343,Bucknell 2017,-2.48,0.553,0.48,0.148,0.154,0.148,0.251,1.492,0.253,0.66
344,Butler 2017,10.23,0.546,0.508,0.117,0.152,0.117,0.263,1.401,0.275,0.697
345,UC-Davis 2017,-4.68,0.49,0.487,0.153,0.155,0.153,0.284,1.258,0.278,0.713
346,Cincinnati 2017,5.49,0.52,0.452,0.114,0.157,0.114,0.329,1.019,0.223,0.736
347,Creighton 2017,8.95,0.576,0.498,0.137,0.151,0.137,0.236,1.616,0.189,0.689
348,Dayton 2017,4.27,0.538,0.477,0.129,0.167,0.129,0.253,1.48,0.301,0.707
349,Duke 2017,10.91,0.548,0.475,0.124,0.133,0.124,0.291,1.219,0.299,0.71
350,East Tennessee State 2017,-2.11,0.555,0.487,0.156,0.169,0.156,0.281,1.277,0.304,0.722
351,Florida Gulf Coast 2017,-3.42,0.554,0.484,0.136,0.143,0.136,0.299,1.174,0.231,0.68
352,Florida State 2017,8.87,0.537,0.479,0.123,0.149,0.123,0.309,1.119,0.265,0.715
353,Florida 2017,11.01,0.516,0.458,0.127,0.161,0.127,0.313,1.1,0.293,0.706
354,Gonzaga 2017,4.13,0.567,0.411,0.124,0.135,0.124,0.238,1.599,0.28,0.658
355,Iona 2017,-2.47,0.534,0.5,0.13,0.137,0.13,0.27,1.349,0.238,0.695
356,Iowa State 2017,11.94,0.55,0.49,0.113,0.152,0.113,0.261,1.417,0.194,0.704
357,Jacksonville State 2017,-3.24,0.528,0.486,0.159,0.127,0.159,0.285,1.252,0.247,0.721
358,Kansas State 2017,10.48,0.527,0.496,0.146,0.17,0.146,0.292,1.215,0.286,0.729
359,Kansas 2017,12.23,0.561,0.481,0.133,0.144,0.133,0.307,1.127,0.244,0.715
360,Kent State 2017,-1.63,0.484,0.497,0.132,0.15,0.132,0.371,0.849,0.236,0.703
361,Kentucky 2017,10.49,0.529,0.475,0.116,0.15,0.116,0.311,1.109,0.288,0.676
362,Louisville 2017,11.15,0.514,0.457,0.118,0.149,0.118,0.34,0.969,0.233,0.695
363,Marquette 2017,8.6,0.576,0.522,0.138,0.141,0.138,0.265,1.389,0.242,0.697
364,Maryland 2017,8.29,0.523,0.471,0.142,0.141,0.142,0.299,1.171,0.278,0.703
365,Miami (FL) 2017,9.57,0.51,0.476,0.147,0.144,0.147,0.309,1.12,0.246,0.739
366,Michigan State 2017,10.5,0.54,0.467,0.16,0.122,0.16,0.257,1.444,0.224,0.726
367,Michigan 2017,10.17,0.57,0.519,0.114,0.154,0.114,0.252,1.484,0.234,0.684
368,Middle Tennessee 2017,-0.48,0.543,0.478,0.121,0.156,0.121,0.279,1.293,0.212,0.711
369,Minnesota 2017,8.82,0.487,0.451,0.121,0.134,0.121,0.282,1.274,0.281,0.682
370,Mount St. Mary's 2017,-3.51,0.51,0.499,0.153,0.165,0.153,0.255,1.46,0.218,0.66
371,Nevada 2017,2.03,0.525,0.483,0.116,0.126,0.116,0.286,1.25,0.291,0.692
372,New Mexico State 2017,-3.82,0.531,0.467,0.142,0.149,0.142,0.326,1.036,0.307,0.682
373,New Orleans 2017,-5.34,0.513,0.5,0.176,0.178,0.176,0.339,0.977,0.303,0.687
374,North Carolina Central 2017,-12.12,0.517,0.445,0.131,0.155,0.131,0.302,1.154,0.233,0.648
375,North Carolina-Wilmington 2017,-0.55,0.555,0.526,0.11,0.155,0.11,0.335,0.994,0.219,0.716
376,North Carolina 2017,11.76,0.519,0.48,0.118,0.148,0.118,0.36,0.887,0.244,0.725
377,North Dakota 2017,-5.45,0.542,0.501,0.138,0.157,0.138,0.259,1.429,0.26,0.691
378,Northern Kentucky 2017,-2.84,0.529,0.494,0.144,0.136,0.144,0.296,1.187,0.247,0.707
379,Northwestern 2017,8.43,0.497,0.461,0.123,0.135,0.123,0.296,1.189,0.227,0.669
380,Notre Dame 2017,9.78,0.536,0.491,0.11,0.145,0.11,0.276,1.314,0.229,0.736
381,Oklahoma State 2017,12.22,0.539,0.535,0.132,0.154,0.132,0.374,0.838,0.302,0.724
382,Oregon 2017,8.38,0.554,0.462,0.129,0.151,0.129,0.288,1.237,0.247,0.719
383,Princeton 2017,-1.84,0.537,0.478,0.123,0.16,0.123,0.246,1.53,0.179,0.689
384,Providence 2017,7.84,0.514,0.496,0.143,0.159,0.143,0.267,1.372,0.263,0.676
385,Purdue 2017,8.79,0.557,0.477,0.143,0.135,0.143,0.26,1.422,0.252,0.707
386,Rhode Island 2017,4.62,0.507,0.451,0.122,0.144,0.122,0.314,1.09,0.262,0.708
387,Saint Mary's (CA) 2017,2.19,0.578,0.453,0.137,0.123,0.137,0.269,1.36,0.207,0.691
388,Seton Hall 2017,9.25,0.499,0.49,0.143,0.136,0.143,0.335,0.993,0.242,0.719
389,South Carolina 2017,10.16,0.477,0.454,0.135,0.182,0.135,0.345,0.95,0.278,0.724
390,South Dakota State 2017,-0.66,0.537,0.536,0.143,0.129,0.143,0.257,1.445,0.311,0.722
391,Southern California 2017,6.4,0.522,0.501,0.12,0.14,0.12,0.301,1.161,0.273,0.717
392,Southern Methodist 2017,4.45,0.547,0.46,0.125,0.145,0.125,0.312,1.105,0.251,0.692
393,Texas Southern 2017,-7.81,0.481,0.491,0.123,0.145,0.123,0.327,1.031,0.326,0.683
394,Troy 2017,-3.36,0.528,0.495,0.133,0.138,0.133,0.3,1.165,0.285,0.72
395,UCLA 2017,6.39,0.598,0.487,0.121,0.125,0.121,0.247,1.52,0.198,0.679
396,Vanderbilt 2017,10.72,0.521,0.481,0.144,0.125,0.144,0.237,1.612,0.271,0.699
397,Vermont 2017,-3.27,0.554,0.475,0.133,0.158,0.133,0.273,1.328,0.239,0.705
398,Villanova 2017,9.28,0.575,0.481,0.133,0.162,0.133,0.262,1.411,0.276,0.703
399,Virginia Commonwealth 2017,3.77,0.51,0.475,0.135,0.162,0.135,0.303,1.152,0.257,0.697
400,Virginia Tech 2017,8.38,0.569,0.51,0.135,0.129,0.135,0.225,1.725,0.301,0.717
401,Virginia 2017,10.93,0.524,0.461,0.124,0.163,0.124,0.265,1.384,0.184,0.699
402,Wake Forest 2017,9.8,0.541,0.527,0.124,0.125,0.124,0.291,1.218,0.317,0.724
403,West Virginia 2017,9.67,0.513,0.488,0.123,0.21,0.123,0.385,0.799,0.266,0.683
404,Wichita State 2017,2.96,0.543,0.437,0.121,0.152,0.121,0.294,1.2,0.294,0.692
405,Winthrop 2017,-6.12,0.535,0.463,0.138,0.148,0.138,0.258,1.437,0.266,0.722
406,Wisconsin 2017,9.4,0.521,0.476,0.126,0.156,0.126,0.334,0.997,0.212,0.739
407,Xavier 2017,11.51,0.519,0.516,0.136,0.137,0.136,0.318,1.071,0.283,0.698
408,Akron 2013,0.18,0.516,0.443,0.152,0.154,0.152,0.371,0.847,0.233,0.714
409,Albany (NY) 2013,-4.53,0.496,0.483,0.16,0.156,0.16,0.338,0.981,0.295,0.656
410,Arizona 2013,7.47,0.525,0.466,0.147,0.155,0.147,0.335,0.991,0.28,0.711
411,Belmont 2013,-0.96,0.567,0.477,0.152,0.192,0.152,0.317,1.078,0.24,0.708
412,Boise State 2013,5.27,0.53,0.502,0.139,0.158,0.139,0.327,1.029,0.249,0.706
413,Bucknell 2013,-1.96,0.496,0.425,0.115,0.113,0.115,0.27,1.354,0.268,0.705
414,Butler 2013,6.08,0.512,0.468,0.151,0.134,0.151,0.345,0.947,0.268,0.703
415,University of California 2013,7.77,0.48,0.443,0.145,0.127,0.145,0.318,1.071,0.223,0.688
416,Cincinnati 2013,6.93,0.462,0.433,0.14,0.155,0.14,0.4,0.749,0.229,0.665
417,Colorado State 2013,5.89,0.495,0.477,0.121,0.131,0.121,0.38,0.815,0.312,0.685
418,Colorado 2013,7.95,0.483,0.459,0.148,0.151,0.148,0.335,0.992,0.281,0.693
419,Creighton 2013,5.16,0.582,0.459,0.149,0.126,0.149,0.256,1.453,0.26,0.681
420,Davidson 2013,-3.45,0.532,0.452,0.128,0.144,0.128,0.292,1.212,0.309,0.717
421,Duke 2013,9.54,0.539,0.455,0.119,0.156,0.119,0.301,1.16,0.289,0.724
422,Florida Gulf Coast 2013,-2.07,0.521,0.465,0.161,0.17,0.161,0.336,0.988,0.235,0.688
423,Florida 2013,6.83,0.552,0.433,0.132,0.175,0.132,0.323,1.047,0.21,0.651
424,Georgetown 2013,7.59,0.511,0.43,0.155,0.169,0.155,0.31,1.114,0.25,0.667
425,Gonzaga 2013,4.18,0.555,0.449,0.127,0.163,0.127,0.342,0.961,0.283,0.679
426,Harvard 2013,0.16,0.542,0.488,0.158,0.163,0.158,0.275,1.317,0.354,0.726
427,Illinois 2013,10.08,0.479,0.485,0.131,0.164,0.131,0.389,0.786,0.225,0.702
428,Indiana 2013,8.38,0.548,0.44,0.14,0.161,0.14,0.346,0.946,0.341,0.707
429,Iona 2013,-0.02,0.521,0.516,0.131,0.147,0.131,0.361,0.885,0.255,0.668
430,Iowa State 2013,6.13,0.538,0.48,0.141,0.144,0.141,0.341,0.967,0.241,0.723
431,James Madison 2013,-2.28,0.476,0.487,0.131,0.159,0.131,0.343,0.958,0.257,0.695
432,Kansas State 2013,6.53,0.495,0.466,0.133,0.168,0.133,0.41,0.718,0.216,0.687
433,Kansas 2013,7.54,0.533,0.415,0.153,0.14,0.153,0.295,1.197,0.291,0.687
434,La Salle 2013,4.46,0.519,0.493,0.133,0.165,0.133,0.347,0.943,0.231,0.682
435,Liberty 2013,-5.8,0.493,0.473,0.149,0.118,0.149,0.315,1.086,0.288,0.685
436,Long Island University 2013,-5.8,0.544,0.526,0.149,0.141,0.149,0.373,0.84,0.315,0.677
437,Louisville 2013,9.13,0.506,0.448,0.133,0.206,0.133,0.383,0.804,0.283,0.658
438,Marquette 2013,8.58,0.496,0.462,0.153,0.148,0.153,0.375,0.835,0.299,0.682
439,Memphis 2013,2.7,0.524,0.455,0.155,0.168,0.155,0.352,0.919,0.246,0.677
440,Miami (FL) 2013,7.88,0.519,0.457,0.125,0.143,0.125,0.303,1.151,0.236,0.649
441,Michigan State 2013,10.55,0.505,0.441,0.157,0.148,0.157,0.339,0.974,0.264,0.667
442,Michigan 2013,10.05,0.549,0.478,0.113,0.147,0.113,0.334,0.998,0.199,0.682
443,Middle Tennessee 2013,-1.52,0.511,0.444,0.152,0.179,0.152,0.355,0.909,0.288,0.634
444,Minnesota 2013,10.31,0.493,0.456,0.152,0.15,0.152,0.422,0.684,0.285,0.694
445,Mississippi 2013,4.14,0.491,0.464,0.113,0.166,0.113,0.373,0.842,0.263,0.664
446,Missouri 2013,6.0,0.512,0.461,0.14,0.136,0.14,0.359,0.894,0.261,0.686
447,Montana 2013,-4.21,0.532,0.481,0.146,0.142,0.146,0.274,1.325,0.305,0.71
448,Nevada-Las Vegas 2013,5.71,0.492,0.439,0.15,0.147,0.15,0.326,1.032,0.262,0.693
449,New Mexico State 2013,0.7,0.493,0.45,0.159,0.145,0.159,0.347,0.939,0.303,0.715
450,New Mexico 2013,6.63,0.484,0.459,0.132,0.154,0.132,0.298,1.176,0.329,0.674
451,North Carolina A&T 2013,-6.3,0.458,0.449,0.171,0.175,0.171,0.332,1.006,0.276,0.653
452,North Carolina State 2013,7.17,0.542,0.468,0.134,0.126,0.134,0.334,0.997,0.279,0.726
453,North Carolina 2013,8.01,0.499,0.48,0.127,0.169,0.127,0.381,0.812,0.19,0.702
454,Northwestern State 2013,-3.77,0.505,0.469,0.139,0.166,0.139,0.384,0.802,0.265,0.627
455,Notre Dame 2013,7.22,0.522,0.468,0.134,0.125,0.134,0.338,0.981,0.227,0.69
456,Ohio State 2013,9.32,0.506,0.454,0.119,0.162,0.119,0.31,1.112,0.251,0.716
457,Oklahoma State 2013,6.73,0.488,0.445,0.136,0.165,0.136,0.319,1.068,0.302,0.687
458,Oklahoma 2013,7.09,0.478,0.474,0.131,0.15,0.131,0.354,0.914,0.268,0.694
459,Oregon 2013,5.77,0.493,0.464,0.16,0.173,0.16,0.351,0.925,0.27,0.676
460,Pacific 2013,1.05,0.509,0.49,0.134,0.154,0.134,0.321,1.057,0.256,0.712
461,Pittsburgh 2013,5.63,0.517,0.446,0.13,0.169,0.13,0.398,0.755,0.251,0.723
462,Saint Louis 2013,4.28,0.504,0.455,0.128,0.182,0.128,0.297,1.186,0.31,0.654
463,Saint Mary's (CA) 2013,3.31,0.54,0.473,0.136,0.141,0.136,0.352,0.921,0.267,0.72
464,San Diego State 2013,6.19,0.491,0.446,0.136,0.149,0.136,0.329,1.021,0.248,0.678
465,South Dakota State 2013,-3.27,0.539,0.506,0.125,0.138,0.125,0.294,1.199,0.247,0.695
466,Southern 2013,-10.31,0.497,0.411,0.128,0.156,0.128,0.278,1.297,0.27,0.673
467,Syracuse 2013,8.57,0.49,0.426,0.136,0.174,0.136,0.406,0.732,0.248,0.673
468,Temple 2013,5.2,0.49,0.49,0.12,0.155,0.12,0.36,0.887,0.257,0.724
469,UCLA 2013,7.82,0.491,0.475,0.121,0.153,0.121,0.332,1.005,0.24,0.665
470,Valparaiso 2013,-1.13,0.559,0.459,0.168,0.153,0.168,0.301,1.163,0.307,0.721
471,Villanova 2013,8.53,0.474,0.472,0.167,0.169,0.167,0.343,0.957,0.363,0.68
472,Virginia Commonwealth 2013,4.47,0.513,0.499,0.123,0.217,0.123,0.415,0.706,0.209,0.683
473,Western Kentucky 2013,-1.14,0.485,0.475,0.165,0.158,0.165,0.366,0.865,0.26,0.695
474,Wichita State 2013,6.09,0.5,0.453,0.143,0.153,0.143,0.378,0.823,0.255,0.714
475,Wisconsin 2013,9.73,0.486,0.43,0.116,0.142,0.116,0.334,0.999,0.188,0.689
476,Albany (NY) 2014,-5.22,0.488,0.483,0.148,0.143,0.148,0.292,1.213,0.315,0.723
477,American 2014,-3.25,0.558,0.464,0.184,0.148,0.184,0.235,1.625,0.248,0.679
478,Arizona State 2014,7.41,0.524,0.463,0.125,0.128,0.125,0.24,1.585,0.295,0.648
479,Arizona 2014,9.04,0.517,0.423,0.114,0.147,0.114,0.321,1.058,0.27,0.716
480,Baylor 2014,10.11,0.521,0.485,0.126,0.121,0.126,0.361,0.887,0.306,0.676
481,Brigham Young 2014,5.72,0.503,0.489,0.109,0.129,0.109,0.323,1.046,0.334,0.712
482,Cal Poly 2014,1.69,0.466,0.488,0.11,0.138,0.11,0.344,0.954,0.224,0.723
483,Cincinnati 2014,5.28,0.477,0.448,0.126,0.17,0.126,0.373,0.839,0.274,0.675
484,Coastal Carolina 2014,-6.31,0.491,0.471,0.148,0.142,0.148,0.325,1.039,0.266,0.693
485,Colorado 2014,8.8,0.483,0.494,0.144,0.14,0.144,0.307,1.127,0.346,0.703
486,Connecticut 2014,8.63,0.515,0.446,0.132,0.145,0.132,0.279,1.295,0.298,0.664
487,Creighton 2014,7.17,0.589,0.485,0.117,0.114,0.117,0.246,1.534,0.252,0.694
488,Dayton 2014,5.34,0.524,0.488,0.135,0.142,0.135,0.321,1.057,0.277,0.708
489,Delaware 2014,-1.1,0.504,0.494,0.099,0.125,0.099,0.305,1.142,0.312,0.694
490,Duke 2014,8.48,0.538,0.493,0.105,0.14,0.105,0.34,0.972,0.283,0.693
491,Eastern Kentucky 2014,-4.34,0.574,0.549,0.121,0.186,0.121,0.275,1.319,0.331,0.706
492,Florida 2014,8.54,0.522,0.454,0.125,0.167,0.125,0.316,1.085,0.283,0.693
493,George Washington 2014,4.42,0.515,0.472,0.139,0.149,0.139,0.321,1.06,0.304,0.666
494,Gonzaga 2014,5.36,0.56,0.448,0.132,0.131,0.132,0.266,1.382,0.286,0.71
495,Harvard 2014,-0.47,0.519,0.458,0.127,0.168,0.127,0.307,1.13,0.347,0.71
496,Iowa State 2014,9.88,0.542,0.477,0.111,0.123,0.111,0.27,1.349,0.252,0.732
497,Iowa 2014,7.43,0.511,0.474,0.114,0.143,0.114,0.336,0.99,0.333,0.706
498,Kansas State 2014,8.47,0.488,0.453,0.135,0.139,0.135,0.344,0.953,0.264,0.684
499,Kansas 2014,11.4,0.542,0.471,0.139,0.122,0.139,0.311,1.106,0.343,0.678
500,Kentucky 2014,9.9,0.5,0.46,0.123,0.121,0.123,0.35,0.93,0.353,0.69
501,Louisiana 2014,-0.28,0.522,0.497,0.131,0.142,0.131,0.349,0.932,0.288,0.694
502,Louisville 2014,4.8,0.535,0.439,0.11,0.189,0.11,0.36,0.888,0.272,0.681
503,Manhattan 2014,-0.9,0.507,0.454,0.141,0.157,0.141,0.336,0.987,0.368,0.7
504,Massachusetts 2014,6.0,0.504,0.466,0.14,0.14,0.14,0.319,1.068,0.268,0.675
505,Memphis 2014,7.14,0.522,0.482,0.138,0.153,0.138,0.337,0.985,0.257,0.648
506,Mercer 2014,-3.42,0.547,0.459,0.128,0.139,0.128,0.304,1.144,0.282,0.699
507,Michigan State 2014,9.38,0.545,0.458,0.13,0.135,0.13,0.282,1.272,0.239,0.73
508,Michigan 2014,9.65,0.557,0.494,0.112,0.134,0.112,0.272,1.335,0.266,0.731
509,Milwaukee 2014,-0.44,0.493,0.488,0.147,0.142,0.147,0.29,1.223,0.32,0.745
510,Mount St. Mary's 2014,-4.44,0.515,0.535,0.129,0.144,0.129,0.311,1.105,0.271,0.734
511,Nebraska 2014,8.5,0.483,0.476,0.127,0.142,0.127,0.263,1.405,0.303,0.681
512,New Mexico State 2014,-2.58,0.539,0.438,0.134,0.121,0.134,0.318,1.072,0.368,0.732
513,New Mexico 2014,4.84,0.511,0.45,0.117,0.114,0.117,0.278,1.3,0.338,0.725
514,North Carolina Central 2014,-8.03,0.513,0.435,0.126,0.177,0.126,0.337,0.985,0.347,0.692
515,North Carolina State 2014,7.44,0.5,0.475,0.117,0.127,0.117,0.341,0.968,0.243,0.712
516,North Carolina 2014,8.42,0.499,0.47,0.121,0.144,0.121,0.358,0.898,0.268,0.67
517,North Dakota State 2014,-0.02,0.555,0.487,0.116,0.138,0.116,0.284,1.261,0.307,0.75
518,Ohio State 2014,8.12,0.503,0.452,0.129,0.171,0.129,0.291,1.215,0.291,0.711
519,Oklahoma State 2014,8.34,0.524,0.463,0.109,0.149,0.109,0.276,1.312,0.357,0.687
520,Oklahoma 2014,8.97,0.517,0.497,0.117,0.135,0.117,0.32,1.06,0.295,0.715
521,Oregon 2014,8.05,0.535,0.491,0.12,0.14,0.12,0.307,1.128,0.338,0.709
522,Pittsburgh 2014,7.54,0.507,0.467,0.117,0.147,0.117,0.335,0.994,0.315,0.707
523,Providence 2014,7.85,0.483,0.489,0.126,0.124,0.126,0.338,0.979,0.328,0.689
524,Saint Joseph's 2014,5.08,0.539,0.478,0.137,0.118,0.137,0.262,1.409,0.281,0.693
525,Saint Louis 2014,4.24,0.494,0.44,0.141,0.16,0.141,0.28,1.284,0.281,0.686
526,San Diego State 2014,4.86,0.481,0.431,0.109,0.163,0.109,0.345,0.951,0.298,0.675
527,Stanford 2014,9.0,0.513,0.48,0.126,0.131,0.126,0.276,1.311,0.316,0.716
528,Stephen F. Austin 2014,-6.76,0.525,0.499,0.123,0.183,0.123,0.38,0.815,0.286,0.689
529,Syracuse 2014,7.25,0.482,0.48,0.106,0.166,0.106,0.372,0.845,0.27,0.668
530,Tennessee 2014,7.84,0.503,0.462,0.118,0.132,0.118,0.352,0.921,0.299,0.705
531,Texas Southern 2014,-10.07,0.521,0.505,0.141,0.122,0.141,0.31,1.114,0.352,0.689
532,Texas 2014,9.15,0.474,0.465,0.124,0.121,0.124,0.364,0.872,0.291,0.692
533,Tulsa 2014,1.17,0.492,0.464,0.124,0.15,0.124,0.299,1.173,0.318,0.689
534,UCLA 2014,7.62,0.541,0.499,0.111,0.156,0.111,0.281,1.277,0.286,0.676
535,Villanova 2014,7.5,0.536,0.463,0.128,0.152,0.128,0.3,1.166,0.318,0.707
536,Virginia Commonwealth 2014,4.78,0.479,0.478,0.125,0.196,0.125,0.364,0.875,0.237,0.668
537,Virginia 2014,7.86,0.508,0.442,0.119,0.143,0.119,0.289,1.231,0.283,0.662
538,Weber State 2014,-4.23,0.547,0.465,0.142,0.11,0.142,0.249,1.509,0.369,0.703
539,Western Michigan 2014,-1.45,0.52,0.47,0.154,0.141,0.154,0.283,1.269,0.368,0.713
540,Wichita State 2014,1.74,0.526,0.446,0.116,0.144,0.116,0.303,1.148,0.342,0.65
541,Wisconsin 2014,10.19,0.533,0.472,0.096,0.12,0.096,0.266,1.378,0.318,0.722
542,Wofford 2014,-5.95,0.502,0.489,0.128,0.156,0.128,0.323,1.048,0.218,0.678
543,Xavier 2014,8.14,0.517,0.494,0.138,0.129,0.138,0.312,1.1,0.286,0.668
544,Akron 2011,-1.02,0.499,0.464,0.137,0.156,0.137,0.293,1.205,0.22,0.66
545,Alabama-Birmingham 2011,2.78,0.508,0.459,0.147,0.147,0.147,0.317,1.075,0.213,0.703
546,Alabama State 2011,-10.31,0.44,0.454,0.169,0.169,0.169,0.362,0.882,0.285,0.683
547,Arizona 2011,7.99,0.541,0.486,0.14,0.141,0.14,0.309,1.116,0.325,0.678
548,Little Rock 2011,-2.97,0.488,0.494,0.134,0.156,0.134,0.313,1.097,0.292,0.711
549,Belmont 2011,-4.42,0.542,0.461,0.145,0.205,0.145,0.359,0.895,0.281,0.679
550,Boston University 2011,-3.85,0.473,0.46,0.14,0.134,0.14,0.331,1.008,0.272,0.704
551,Brigham Young 2011,5.76,0.518,0.465,0.114,0.156,0.114,0.295,1.196,0.292,0.689
552,Bucknell 2011,-3.87,0.509,0.454,0.132,0.136,0.132,0.235,1.628,0.269,0.697
553,Butler 2011,5.02,0.501,0.481,0.125,0.146,0.125,0.322,1.051,0.273,0.672
554,UC-Santa Barbara 2011,0.12,0.523,0.473,0.169,0.151,0.169,0.267,1.374,0.281,0.701
555,Cincinnati 2011,6.1,0.494,0.458,0.13,0.169,0.13,0.367,0.862,0.256,0.703
556,Clemson 2011,6.58,0.503,0.456,0.151,0.175,0.151,0.326,1.033,0.27,0.71
557,Connecticut 2011,10.44,0.482,0.445,0.125,0.131,0.125,0.351,0.926,0.258,0.68
558,Duke 2011,8.32,0.537,0.445,0.128,0.16,0.128,0.319,1.068,0.282,0.65
559,Florida State 2011,6.45,0.49,0.424,0.171,0.165,0.171,0.317,1.078,0.253,0.695
560,Florida 2011,7.57,0.521,0.472,0.138,0.148,0.138,0.337,0.982,0.239,0.672
561,George Mason 2011,1.37,0.532,0.466,0.127,0.157,0.127,0.306,1.132,0.266,0.679
562,Georgetown 2011,10.39,0.541,0.468,0.16,0.13,0.16,0.3,1.168,0.245,0.707
563,Georgia 2011,6.13,0.495,0.448,0.151,0.136,0.151,0.327,1.027,0.255,0.699
564,Gonzaga 2011,4.01,0.531,0.469,0.147,0.16,0.147,0.303,1.151,0.317,0.704
565,Hampton 2011,-8.77,0.463,0.432,0.137,0.169,0.137,0.314,1.094,0.267,0.674
566,Illinois 2011,11.11,0.529,0.457,0.151,0.139,0.151,0.29,1.222,0.206,0.723
567,Indiana State 2011,2.9,0.494,0.462,0.162,0.149,0.162,0.3,1.165,0.268,0.719
568,Kansas State 2011,8.41,0.499,0.471,0.153,0.169,0.153,0.383,0.806,0.28,0.709
569,Kansas 2011,7.62,0.57,0.445,0.142,0.156,0.142,0.304,1.143,0.267,0.73
570,Kentucky 2011,8.91,0.523,0.442,0.12,0.138,0.12,0.313,1.096,0.257,0.723
571,Long Island University 2011,-5.77,0.519,0.483,0.144,0.154,0.144,0.348,0.938,0.321,0.66
572,Louisville 2011,8.2,0.526,0.445,0.144,0.173,0.144,0.341,0.965,0.198,0.696
573,Marquette 2011,8.51,0.51,0.499,0.131,0.157,0.131,0.344,0.954,0.308,0.66
574,Memphis 2011,3.14,0.504,0.468,0.162,0.158,0.162,0.338,0.98,0.269,0.683
575,Michigan State 2011,11.67,0.489,0.481,0.149,0.138,0.149,0.324,1.043,0.256,0.662
576,Michigan 2011,10.68,0.523,0.489,0.128,0.145,0.128,0.259,1.429,0.186,0.678
577,Missouri 2011,6.5,0.515,0.489,0.13,0.184,0.13,0.355,0.908,0.25,0.692
578,Morehead State 2011,-3.13,0.509,0.488,0.167,0.179,0.167,0.369,0.854,0.27,0.693
579,Nevada-Las Vegas 2011,6.0,0.509,0.46,0.139,0.18,0.139,0.32,1.064,0.27,0.697
580,North Carolina-Asheville 2011,-2.89,0.495,0.474,0.155,0.181,0.155,0.33,1.016,0.295,0.681
581,North Carolina 2011,10.15,0.492,0.462,0.134,0.153,0.134,0.333,1.003,0.255,0.659
582,Northern Colorado 2011,-2.24,0.502,0.483,0.156,0.157,0.156,0.327,1.029,0.334,0.707
583,Notre Dame 2011,8.43,0.535,0.467,0.12,0.123,0.12,0.294,1.199,0.327,0.71
584,Oakland 2011,0.1,0.559,0.496,0.137,0.127,0.137,0.33,1.014,0.281,0.721
585,Ohio State 2011,8.38,0.563,0.483,0.117,0.188,0.117,0.328,1.024,0.26,0.737
586,Old Dominion 2011,1.76,0.485,0.473,0.144,0.148,0.144,0.387,0.793,0.251,0.625
587,Penn State 2011,11.45,0.501,0.507,0.135,0.139,0.135,0.316,1.085,0.225,0.697
588,Pittsburgh 2011,7.85,0.529,0.451,0.129,0.134,0.129,0.356,0.904,0.289,0.676
589,Princeton 2011,-1.61,0.522,0.467,0.144,0.143,0.144,0.285,1.254,0.263,0.715
590,Purdue 2011,8.69,0.507,0.46,0.119,0.165,0.119,0.315,1.088,0.246,0.697
591,Richmond 2011,2.79,0.531,0.451,0.126,0.146,0.126,0.282,1.276,0.222,0.687
592,Saint Peter's 2011,-1.08,0.455,0.424,0.171,0.158,0.171,0.318,1.074,0.25,0.655
593,San Diego State 2011,6.36,0.515,0.444,0.126,0.152,0.126,0.338,0.979,0.213,0.72
594,Southern California 2011,7.97,0.499,0.462,0.136,0.141,0.136,0.295,1.196,0.23,0.701
595,St. John's (NY) 2011,10.01,0.495,0.508,0.138,0.182,0.138,0.331,1.008,0.314,0.702
596,Syracuse 2011,8.79,0.528,0.455,0.138,0.159,0.138,0.328,1.024,0.239,0.667
597,Temple 2011,4.23,0.5,0.463,0.124,0.156,0.124,0.307,1.128,0.236,0.708
598,Tennessee 2011,8.73,0.476,0.479,0.143,0.156,0.143,0.363,0.878,0.272,0.705
599,Texas A&M 2011,5.94,0.494,0.465,0.145,0.16,0.145,0.345,0.948,0.324,0.688
600,Texas-San Antonio 2011,-4.93,0.491,0.484,0.148,0.154,0.148,0.305,1.138,0.292,0.695
601,Texas 2011,7.96,0.502,0.426,0.124,0.143,0.124,0.34,0.97,0.282,0.685
602,UCLA 2011,7.93,0.502,0.463,0.16,0.136,0.16,0.32,1.062,0.301,0.673
603,Utah State 2011,0.5,0.527,0.435,0.136,0.145,0.136,0.287,1.244,0.315,0.677
604,Vanderbilt 2011,6.86,0.529,0.46,0.141,0.133,0.141,0.295,1.196,0.336,0.697
605,Villanova 2011,8.23,0.495,0.463,0.132,0.137,0.132,0.329,1.021,0.32,0.708
606,Virginia Commonwealth 2011,3.78,0.511,0.492,0.129,0.165,0.129,0.331,1.009,0.264,0.678
607,Washington 2011,7.74,0.537,0.464,0.125,0.151,0.125,0.357,0.901,0.212,0.68
608,West Virginia 2011,11.03,0.485,0.459,0.134,0.137,0.134,0.382,0.808,0.291,0.696
609,Wisconsin 2011,9.42,0.518,0.482,0.099,0.131,0.099,0.326,1.032,0.241,0.744
610,Wofford 2011,-1.21,0.53,0.498,0.133,0.152,0.133,0.336,0.989,0.291,0.718
611,Xavier 2011,4.41,0.512,0.465,0.136,0.146,0.136,0.29,1.223,0.332,0.73
612,Arkansas-Pine Bluff 2010,-7.68,0.447,0.455,0.177,0.151,0.177,0.328,1.024,0.323,0.662
613,Baylor 2010,8.03,0.549,0.44,0.151,0.133,0.151,0.315,1.089,0.26,0.679
614,Brigham Young 2010,3.0,0.552,0.462,0.124,0.169,0.124,0.276,1.315,0.307,0.682
615,Butler 2010,5.08,0.51,0.466,0.14,0.169,0.14,0.284,1.258,0.346,0.679
616,UC-Santa Barbara 2010,-1.09,0.51,0.478,0.172,0.169,0.172,0.272,1.336,0.312,0.668
617,University of California 2010,8.26,0.533,0.483,0.133,0.144,0.133,0.318,1.071,0.268,0.694
618,Clemson 2010,7.9,0.511,0.464,0.159,0.187,0.159,0.357,0.902,0.23,0.679
619,Cornell 2010,-0.91,0.568,0.475,0.145,0.16,0.145,0.304,1.146,0.207,0.71
620,Duke 2010,9.21,0.505,0.437,0.116,0.161,0.116,0.365,0.871,0.287,0.687
621,East Tennessee State 2010,-1.47,0.477,0.486,0.157,0.179,0.157,0.348,0.935,0.271,0.661
622,Florida State 2010,6.79,0.505,0.435,0.18,0.179,0.18,0.335,0.991,0.249,0.672
623,Florida 2010,7.16,0.494,0.484,0.136,0.157,0.136,0.36,0.89,0.235,0.68
624,Georgetown 2010,9.56,0.557,0.474,0.16,0.15,0.16,0.294,1.2,0.263,0.718
625,Georgia Tech 2010,9.02,0.511,0.441,0.168,0.16,0.168,0.324,1.041,0.248,0.666
626,Gonzaga 2010,3.83,0.54,0.462,0.138,0.141,0.138,0.278,1.296,0.328,0.648
627,Houston 2010,3.48,0.483,0.51,0.094,0.172,0.094,0.371,0.847,0.239,0.714
628,Kansas State 2010,10.28,0.508,0.47,0.139,0.173,0.139,0.389,0.785,0.336,0.701
629,Kansas 2010,8.25,0.551,0.432,0.136,0.151,0.136,0.321,1.057,0.288,0.686
630,Kentucky 2010,6.82,0.53,0.431,0.144,0.15,0.144,0.34,0.972,0.291,0.688
631,Lehigh 2010,-7.79,0.514,0.487,0.139,0.15,0.139,0.282,1.271,0.31,0.708
632,Louisville 2010,7.99,0.514,0.485,0.145,0.163,0.145,0.393,0.773,0.251,0.702
633,Marquette 2010,8.23,0.528,0.497,0.122,0.17,0.122,0.32,1.061,0.259,0.681
634,Maryland 2010,7.95,0.518,0.448,0.123,0.158,0.123,0.331,1.008,0.245,0.693
635,Michigan State 2010,8.17,0.516,0.466,0.154,0.146,0.154,0.342,0.964,0.253,0.709
636,Minnesota 2010,7.32,0.531,0.465,0.141,0.161,0.141,0.303,1.149,0.238,0.68
637,Missouri 2010,6.36,0.501,0.459,0.133,0.201,0.133,0.368,0.861,0.246,0.702
638,Montana 2010,-2.35,0.548,0.472,0.148,0.151,0.148,0.27,1.352,0.267,0.655
639,Morgan State 2010,-6.15,0.475,0.465,0.134,0.148,0.134,0.382,0.81,0.307,0.675
640,Murray State 2010,-3.89,0.556,0.436,0.159,0.187,0.159,0.333,1.002,0.291,0.694
641,Nevada-Las Vegas 2010,4.82,0.52,0.455,0.132,0.173,0.132,0.293,1.205,0.234,0.707
642,New Mexico State 2010,1.66,0.532,0.51,0.137,0.139,0.137,0.295,1.193,0.269,0.69
643,New Mexico 2010,3.84,0.506,0.495,0.117,0.155,0.117,0.34,0.971,0.301,0.67
644,North Texas 2010,-4.72,0.508,0.476,0.154,0.14,0.154,0.298,1.176,0.379,0.705
645,Northern Iowa 2010,4.27,0.496,0.466,0.135,0.162,0.135,0.295,1.197,0.281,0.69
646,Notre Dame 2010,6.22,0.537,0.493,0.118,0.123,0.118,0.322,1.055,0.275,0.742
647,Oakland 2010,-2.96,0.498,0.499,0.142,0.145,0.142,0.355,0.909,0.307,0.672
648,Ohio State 2010,7.37,0.561,0.471,0.132,0.172,0.132,0.263,1.398,0.249,0.71
649,Ohio 2010,-0.03,0.494,0.469,0.135,0.162,0.135,0.323,1.047,0.295,0.7
650,Oklahoma State 2010,6.97,0.524,0.481,0.141,0.149,0.141,0.28,1.287,0.261,0.698
651,Old Dominion 2010,1.78,0.488,0.455,0.145,0.174,0.145,0.387,0.791,0.197,0.665
652,Pittsburgh 2010,7.39,0.497,0.446,0.14,0.127,0.14,0.331,1.011,0.297,0.661
653,Purdue 2010,8.81,0.491,0.448,0.123,0.178,0.123,0.3,1.167,0.279,0.715
654,Richmond 2010,3.43,0.511,0.442,0.13,0.167,0.13,0.267,1.373,0.227,0.706
655,Robert Morris 2010,-6.15,0.489,0.469,0.16,0.171,0.16,0.336,0.989,0.306,0.719
656,Saint Mary's (CA) 2010,2.2,0.557,0.459,0.131,0.123,0.131,0.297,1.181,0.254,0.663
657,Sam Houston State 2010,-3.37,0.536,0.486,0.141,0.166,0.141,0.329,1.021,0.26,0.681
658,San Diego State 2010,4.21,0.522,0.465,0.149,0.159,0.149,0.353,0.916,0.249,0.693
659,Siena 2010,-1.17,0.493,0.48,0.128,0.173,0.128,0.337,0.982,0.261,0.638
660,Syracuse 2010,7.21,0.576,0.459,0.161,0.168,0.161,0.312,1.103,0.249,0.637
661,Temple 2010,4.27,0.491,0.43,0.126,0.141,0.126,0.294,1.199,0.189,0.699
662,Tennessee 2010,7.75,0.506,0.452,0.142,0.173,0.142,0.326,1.034,0.239,0.695
663,Texas A&M 2010,9.8,0.497,0.466,0.132,0.158,0.132,0.319,1.065,0.32,0.703
664,Texas-El Paso 2010,1.96,0.528,0.446,0.142,0.167,0.142,0.271,1.347,0.267,0.668
665,Texas 2010,7.38,0.511,0.449,0.133,0.154,0.133,0.353,0.917,0.258,0.684
666,Utah State 2010,1.23,0.551,0.458,0.125,0.14,0.125,0.292,1.21,0.226,0.709
667,Vanderbilt 2010,7.86,0.525,0.464,0.143,0.143,0.143,0.302,1.158,0.337,0.63
668,Vermont 2010,-6.69,0.482,0.45,0.148,0.152,0.148,0.335,0.991,0.339,0.69
669,Villanova 2010,7.75,0.522,0.474,0.138,0.154,0.138,0.347,0.942,0.331,0.71
670,Wake Forest 2010,8.85,0.47,0.438,0.152,0.14,0.152,0.355,0.91,0.268,0.687
671,Washington 2010,7.49,0.497,0.465,0.129,0.164,0.129,0.349,0.933,0.295,0.682
672,West Virginia 2010,10.26,0.489,0.469,0.129,0.154,0.129,0.399,0.754,0.279,0.679
673,Winthrop 2010,-7.31,0.412,0.449,0.133,0.173,0.133,0.353,0.918,0.232,0.672
674,Wisconsin 2010,7.66,0.514,0.468,0.111,0.155,0.111,0.303,1.15,0.238,0.689
675,Wofford 2010,-2.57,0.495,0.463,0.133,0.165,0.133,0.323,1.046,0.296,0.673
676,Xavier 2010,5.94,0.522,0.456,0.133,0.135,0.133,0.314,1.093,0.298,0.654
