Team,Team_1,win,SOS,SOS-1,efg%,def_efg%,tov%,def_tov%,orb%,drb%,ft%,def_ft%,efg%-1,def_efg%-1,tov%-1,def_tov%-1,orb%-1,drb%-1,ft%-1,def_ft%-1
Purdue_2016,Little_Rock_2016,0,7.46,-1.76,0.536,0.443,0.132,0.108,0.277,1.304,0.263,0.701,0.52,0.456,0.121,0.163,0.264,1.397,0.229,0.684
Iowa_State_2016,Little_Rock_2016,1,10.16,-1.76,0.571,0.498,0.128,0.131,0.244,1.546,0.183,0.688,0.52,0.456,0.121,0.163,0.264,1.397,0.229,0.684
Kansas_2016,Austin_Peay_2016,1,11.22,-2.98,0.564,0.45,0.135,0.14,0.279,1.295,0.272,0.724,0.516,0.531,0.144,0.145,0.318,1.071,0.306,0.706
Miami_(FL)_2016,Buffalo_2016,1,10.69,0.9,0.542,0.483,0.126,0.135,0.273,1.329,0.305,0.717,0.499,0.493,0.138,0.138,0.312,1.104,0.294,0.716
Virginia_2016,Butler_2016,1,11.12,7.55,0.548,0.484,0.117,0.148,0.272,1.341,0.241,0.702,0.526,0.497,0.109,0.145,0.308,1.123,0.287,0.71
Texas_Tech_2016,Butler_2016,0,10.25,7.55,0.5,0.496,0.134,0.142,0.3,1.166,0.314,0.705,0.526,0.497,0.109,0.145,0.308,1.123,0.287,0.71
Oklahoma_2016,Cal_State_Bakersfield_2016,1,11.14,-5.15,0.543,0.472,0.141,0.136,0.287,1.242,0.238,0.678,0.497,0.451,0.132,0.166,0.328,1.025,0.245,0.688
Indiana_2016,Chattanooga_2016,1,6.9,-3.46,0.587,0.498,0.148,0.147,0.321,1.056,0.248,0.681,0.524,0.5,0.136,0.162,0.307,1.129,0.304,0.68
Saint_Joseph's_2016,Cincinnati_2016,1,4.93,5.25,0.512,0.481,0.107,0.129,0.261,1.419,0.268,0.699,0.493,0.456,0.121,0.155,0.342,0.964,0.234,0.68
Kansas_2016,Connecticut_2016,1,11.22,6.28,0.564,0.45,0.135,0.14,0.279,1.295,0.272,0.724,0.516,0.445,0.125,0.135,0.258,1.44,0.235,0.661
Colorado_2016,Connecticut_2016,0,7.64,6.28,0.488,0.47,0.138,0.119,0.311,1.108,0.293,0.686,0.516,0.445,0.125,0.135,0.258,1.44,0.235,0.661
Oregon_2016,Duke_2016,1,8.64,10.59,0.525,0.485,0.121,0.156,0.32,1.063,0.291,0.696,0.537,0.495,0.105,0.132,0.329,1.021,0.293,0.681
North_Carolina_2016,Florida_Gulf_Coast_2016,1,10.69,-3.82,0.526,0.481,0.113,0.141,0.35,0.93,0.241,0.697,0.523,0.467,0.132,0.129,0.293,1.205,0.238,0.683
Utah_2016,Fresno_State_2016,1,8.79,2.24,0.557,0.48,0.14,0.122,0.26,1.424,0.276,0.725,0.487,0.486,0.114,0.159,0.316,1.081,0.263,0.697
Utah_2016,Gonzaga_2016,0,8.79,4.23,0.557,0.48,0.14,0.122,0.26,1.424,0.276,0.725,0.553,0.446,0.13,0.118,0.268,1.366,0.258,0.702
Syracuse_2016,Gonzaga_2016,1,9.75,4.23,0.501,0.473,0.135,0.153,0.337,0.982,0.243,0.666,0.553,0.446,0.13,0.118,0.268,1.366,0.258,0.702
Seton_Hall_2016,Gonzaga_2016,0,8.28,4.23,0.498,0.454,0.143,0.147,0.323,1.047,0.266,0.679,0.553,0.446,0.13,0.118,0.268,1.366,0.258,0.702
Texas_A&M_2016,Green_Bay_2016,1,8.45,-0.67,0.512,0.474,0.125,0.16,0.315,1.088,0.256,0.658,0.5,0.511,0.116,0.166,0.331,1.012,0.282,0.714
Virginia_2016,Hampton_2016,1,11.12,-8.45,0.548,0.484,0.117,0.148,0.272,1.341,0.241,0.702,0.464,0.483,0.137,0.13,0.338,0.979,0.273,0.723
University_of_California_2016,Hawaii_2016,0,7.87,-1.04,0.522,0.443,0.133,0.107,0.286,1.247,0.274,0.709,0.52,0.453,0.136,0.158,0.283,1.264,0.307,0.717
Oregon_2016,Holy_Cross_2016,1,8.64,-6.11,0.525,0.485,0.121,0.156,0.32,1.063,0.291,0.696,0.479,0.532,0.131,0.153,0.265,1.385,0.248,0.725
North_Carolina_2016,Indiana_2016,1,10.69,6.9,0.526,0.481,0.113,0.141,0.35,0.93,0.241,0.697,0.587,0.498,0.148,0.147,0.321,1.056,0.248,0.681
Kentucky_2016,Indiana_2016,0,8.84,6.9,0.535,0.445,0.116,0.13,0.323,1.047,0.261,0.703,0.587,0.498,0.148,0.147,0.321,1.056,0.248,0.681
Iowa_State_2016,Iona_2016,1,10.16,-1.78,0.571,0.498,0.128,0.131,0.244,1.546,0.183,0.688,0.538,0.488,0.137,0.145,0.286,1.25,0.23,0.699
Virginia_2016,Iowa_State_2016,1,11.12,10.16,0.548,0.484,0.117,0.148,0.272,1.341,0.241,0.702,0.571,0.498,0.128,0.131,0.244,1.546,0.183,0.688
Villanova_2016,Iowa_2016,1,9.71,8.71,0.561,0.467,0.127,0.159,0.253,1.473,0.267,0.662,0.513,0.48,0.112,0.146,0.312,1.103,0.237,0.683
Kansas_2016,Maryland_2016,1,11.22,8.31,0.564,0.45,0.135,0.14,0.279,1.295,0.272,0.724,0.555,0.463,0.146,0.13,0.248,1.519,0.295,0.712
Hawaii_2016,Maryland_2016,0,-1.04,8.31,0.52,0.453,0.136,0.158,0.283,1.264,0.307,0.717,0.555,0.463,0.146,0.13,0.248,1.519,0.295,0.712
Villanova_2016,Miami_(FL)_2016,1,9.71,10.69,0.561,0.467,0.127,0.159,0.253,1.473,0.267,0.662,0.542,0.483,0.126,0.135,0.273,1.329,0.305,0.717
Notre_Dame_2016,Michigan_2016,1,9.57,7.92,0.54,0.495,0.117,0.113,0.301,1.16,0.244,0.728,0.546,0.511,0.117,0.146,0.252,1.486,0.205,0.725
Michigan_State_2016,Middle_Tennessee_2016,0,6.94,-0.7,0.563,0.433,0.131,0.109,0.285,1.252,0.218,0.714,0.518,0.494,0.132,0.148,0.288,1.238,0.218,0.668
Villanova_2016,North_Carolina-Asheville_2016,1,9.71,-3.25,0.561,0.467,0.127,0.159,0.253,1.473,0.267,0.662,0.505,0.48,0.138,0.17,0.31,1.114,0.284,0.699
Duke_2016,North_Carolina-Wilmington_2016,1,10.59,0.35,0.537,0.495,0.105,0.132,0.329,1.021,0.293,0.681,0.512,0.469,0.118,0.151,0.321,1.058,0.262,0.705
Villanova_2016,North_Carolina_2016,1,9.71,10.69,0.561,0.467,0.127,0.159,0.253,1.473,0.267,0.662,0.526,0.481,0.113,0.141,0.35,0.93,0.241,0.697
Texas_2016,Northern_Iowa_2016,0,11.71,4.44,0.494,0.477,0.115,0.138,0.319,1.069,0.263,0.699,0.535,0.486,0.125,0.144,0.179,2.297,0.257,0.72
Texas_A&M_2016,Northern_Iowa_2016,1,8.45,4.44,0.512,0.474,0.125,0.16,0.315,1.088,0.256,0.658,0.535,0.486,0.125,0.144,0.179,2.297,0.257,0.72
Wisconsin_2016,Notre_Dame_2016,0,9.4,9.57,0.485,0.48,0.127,0.144,0.324,1.043,0.267,0.708,0.54,0.495,0.117,0.113,0.301,1.16,0.244,0.728
Stephen_F._Austin_2016,Notre_Dame_2016,0,-5.47,9.57,0.545,0.488,0.131,0.206,0.341,0.967,0.253,0.663,0.54,0.495,0.117,0.113,0.301,1.16,0.244,0.728
North_Carolina_2016,Notre_Dame_2016,1,10.69,9.57,0.526,0.481,0.113,0.141,0.35,0.93,0.241,0.697,0.54,0.495,0.117,0.113,0.301,1.16,0.244,0.728
Villanova_2016,Oklahoma_2016,1,9.71,11.14,0.561,0.467,0.127,0.159,0.253,1.473,0.267,0.662,0.543,0.472,0.141,0.136,0.287,1.242,0.238,0.678
Oregon_2016,Oklahoma_2016,0,8.64,11.14,0.525,0.485,0.121,0.156,0.32,1.063,0.291,0.696,0.543,0.472,0.141,0.136,0.287,1.242,0.238,0.678
Wisconsin_2016,Pittsburgh_2016,1,9.4,8.75,0.485,0.48,0.127,0.144,0.324,1.043,0.267,0.708,0.511,0.493,0.128,0.134,0.332,1.007,0.269,0.661
Southern_California_2016,Providence_2016,0,7.64,8.46,0.522,0.473,0.126,0.127,0.3,1.167,0.237,0.703,0.48,0.493,0.121,0.161,0.318,1.071,0.27,0.72
North_Carolina_2016,Providence_2016,1,10.69,8.46,0.526,0.481,0.113,0.141,0.35,0.93,0.241,0.697,0.48,0.493,0.121,0.161,0.318,1.071,0.27,0.72
Oregon_2016,Saint_Joseph's_2016,1,8.64,4.93,0.525,0.485,0.121,0.156,0.32,1.063,0.291,0.696,0.512,0.481,0.107,0.129,0.261,1.419,0.268,0.699
Maryland_2016,South_Dakota_State_2016,1,8.31,-1.22,0.555,0.463,0.146,0.13,0.248,1.519,0.295,0.712,0.515,0.473,0.127,0.135,0.298,1.178,0.298,0.721
West_Virginia_2016,Stephen_F._Austin_2016,0,9.78,-5.47,0.498,0.484,0.139,0.19,0.404,0.737,0.311,0.714,0.545,0.488,0.131,0.206,0.341,0.967,0.253,0.663
Kentucky_2016,Stony_Brook_2016,1,8.84,-5.28,0.535,0.445,0.116,0.13,0.323,1.047,0.261,0.703,0.524,0.464,0.126,0.149,0.324,1.044,0.215,0.717
Virginia_2016,Syracuse_2016,0,11.12,9.75,0.548,0.484,0.117,0.148,0.272,1.341,0.241,0.702,0.501,0.473,0.135,0.153,0.337,0.982,0.243,0.666
North_Carolina_2016,Syracuse_2016,1,10.69,9.75,0.526,0.481,0.113,0.141,0.35,0.93,0.241,0.697,0.501,0.473,0.135,0.153,0.337,0.982,0.243,0.666
Middle_Tennessee_2016,Syracuse_2016,0,-0.7,9.75,0.518,0.494,0.132,0.148,0.288,1.238,0.218,0.668,0.501,0.473,0.135,0.153,0.337,0.982,0.243,0.666
Dayton_2016,Syracuse_2016,0,4.76,9.75,0.516,0.469,0.142,0.141,0.258,1.434,0.272,0.667,0.501,0.473,0.135,0.153,0.337,0.982,0.243,0.666
Iowa_2016,Temple_2016,1,8.71,6.57,0.513,0.48,0.112,0.146,0.312,1.103,0.237,0.683,0.47,0.465,0.106,0.124,0.303,1.151,0.182,0.742
Oklahoma_2016,Texas_A&M_2016,1,11.14,8.45,0.543,0.472,0.141,0.136,0.287,1.242,0.238,0.678,0.512,0.474,0.125,0.16,0.315,1.088,0.256,0.658
Kansas_2016,Villanova_2016,0,11.22,9.71,0.564,0.45,0.135,0.14,0.279,1.295,0.272,0.724,0.561,0.467,0.127,0.159,0.253,1.473,0.267,0.662
Oregon_State_2016,Virginia_Commonwealth_2016,0,9.26,4.35,0.499,0.492,0.125,0.147,0.306,1.135,0.25,0.695,0.51,0.491,0.12,0.165,0.323,1.048,0.223,0.679
Oklahoma_2016,Virginia_Commonwealth_2016,1,11.14,4.35,0.543,0.472,0.141,0.136,0.287,1.242,0.238,0.678,0.51,0.491,0.12,0.165,0.323,1.048,0.223,0.679
Xavier_2016,Weber_State_2016,1,8.43,-5.13,0.514,0.478,0.128,0.15,0.314,1.091,0.305,0.698,0.559,0.464,0.146,0.125,0.231,1.66,0.294,0.669
Miami_(FL)_2016,Wichita_State_2016,1,10.69,4.24,0.542,0.483,0.126,0.135,0.273,1.329,0.305,0.717,0.49,0.446,0.11,0.179,0.312,1.103,0.272,0.709
Arizona_2016,Wichita_State_2016,0,7.23,4.24,0.536,0.462,0.135,0.127,0.288,1.236,0.316,0.713,0.49,0.446,0.11,0.179,0.312,1.103,0.272,0.709
Xavier_2016,Wisconsin_2016,0,8.43,9.4,0.514,0.478,0.128,0.15,0.314,1.091,0.305,0.698,0.485,0.48,0.127,0.144,0.324,1.043,0.267,0.708
Duke_2016,Yale_2016,1,10.59,-1.03,0.537,0.495,0.105,0.132,0.329,1.021,0.293,0.681,0.526,0.465,0.143,0.142,0.337,0.984,0.276,0.698
Baylor_2016,Yale_2016,0,9.76,-1.03,0.518,0.51,0.136,0.154,0.369,0.857,0.272,0.7,0.526,0.465,0.143,0.142,0.337,0.984,0.276,0.698
Iowa_State_2015,Alabama-Birmingham_2015,0,9.15,1.62,0.543,0.476,0.122,0.146,0.265,1.39,0.254,0.733,0.477,0.476,0.149,0.147,0.328,1.023,0.259,0.685
Oklahoma_2015,Albany_(NY)_2015,1,9.94,-5.18,0.493,0.441,0.134,0.15,0.292,1.212,0.243,0.655,0.499,0.496,0.141,0.159,0.301,1.163,0.296,0.701
Wisconsin_2015,Arizona_2015,1,10.29,7.41,0.548,0.477,0.093,0.129,0.286,1.247,0.276,0.71,0.535,0.451,0.121,0.163,0.294,1.202,0.338,0.698
North_Carolina_2015,Arkansas_2015,1,11.76,6.79,0.516,0.454,0.133,0.132,0.341,0.965,0.247,0.701,0.5,0.483,0.125,0.167,0.364,0.872,0.27,0.715
Virginia_2015,Belmont_2015,1,7.81,-2.77,0.506,0.423,0.118,0.141,0.291,1.221,0.254,0.646,0.567,0.515,0.159,0.147,0.281,1.28,0.225,0.712
West_Virginia_2015,Buffalo_2015,1,9.29,1.6,0.461,0.527,0.131,0.211,0.452,0.606,0.267,0.69,0.487,0.485,0.121,0.151,0.333,1,0.306,0.664
Notre_Dame_2015,Butler_2015,1,7.02,8.62,0.583,0.479,0.112,0.134,0.254,1.466,0.272,0.713,0.484,0.467,0.124,0.153,0.329,1.018,0.279,0.682
Louisville_2015,UC-Irvine_2015,1,8.98,0.45,0.477,0.44,0.126,0.162,0.336,0.988,0.258,0.661,0.52,0.442,0.142,0.132,0.275,1.321,0.2,0.694
Kentucky_2015,Cincinnati_2015,1,8.67,4.4,0.515,0.396,0.117,0.16,0.331,1.009,0.319,0.659,0.495,0.441,0.156,0.152,0.325,1.038,0.249,0.651
Wisconsin_2015,Coastal_Carolina_2015,1,10.29,-6.18,0.548,0.477,0.093,0.129,0.286,1.247,0.276,0.71,0.5,0.461,0.13,0.141,0.334,0.997,0.283,0.7
Iowa_2015,Davidson_2015,1,8.39,3.19,0.481,0.456,0.125,0.145,0.331,1.009,0.282,0.694,0.556,0.492,0.109,0.13,0.293,1.207,0.203,0.638
Providence_2015,Dayton_2015,0,9.5,4.06,0.484,0.482,0.133,0.15,0.335,0.994,0.287,0.69,0.53,0.472,0.138,0.165,0.227,1.698,0.33,0.677
Oklahoma_2015,Dayton_2015,1,9.94,4.06,0.493,0.441,0.134,0.15,0.292,1.212,0.243,0.655,0.53,0.472,0.138,0.165,0.227,1.698,0.33,0.677
Wisconsin_2015,Duke_2015,0,10.29,9.87,0.548,0.477,0.093,0.129,0.286,1.247,0.276,0.71,0.566,0.465,0.121,0.145,0.31,1.113,0.278,0.692
Michigan_State_2015,Duke_2015,0,10,9.87,0.532,0.449,0.132,0.125,0.299,1.172,0.207,0.722,0.566,0.465,0.121,0.145,0.31,1.113,0.278,0.692
Georgetown_2015,Eastern_Washington_2015,1,9.81,-3.84,0.513,0.471,0.141,0.15,0.319,1.069,0.309,0.71,0.562,0.52,0.12,0.137,0.297,1.185,0.255,0.716
Baylor_2015,Georgia_State_2015,0,9.33,-2.03,0.497,0.455,0.143,0.145,0.373,0.841,0.26,0.645,0.527,0.457,0.124,0.174,0.289,1.233,0.277,0.714
Michigan_State_2015,Georgia_2015,1,10,8.6,0.532,0.449,0.132,0.125,0.299,1.172,0.207,0.722,0.485,0.444,0.141,0.126,0.286,1.25,0.331,0.699
Duke_2015,Gonzaga_2015,1,9.87,5.12,0.566,0.465,0.121,0.145,0.31,1.113,0.278,0.692,0.584,0.441,0.121,0.132,0.271,1.343,0.267,0.666
Kentucky_2015,Hampton_2015,1,8.67,-7.08,0.515,0.396,0.117,0.16,0.331,1.009,0.319,0.659,0.456,0.464,0.149,0.149,0.322,1.053,0.286,0.685
North_Carolina_2015,Harvard_2015,1,11.76,-0.25,0.516,0.454,0.133,0.132,0.341,0.965,0.247,0.701,0.481,0.458,0.139,0.161,0.308,1.122,0.283,0.674
Wichita_State_2015,Indiana_2015,1,3.68,7.2,0.507,0.456,0.11,0.165,0.333,1,0.259,0.692,0.544,0.503,0.129,0.121,0.333,1.004,0.235,0.679
Gonzaga_2015,Iowa_2015,1,5.12,8.39,0.584,0.441,0.121,0.132,0.271,1.343,0.267,0.666,0.481,0.456,0.125,0.145,0.331,1.009,0.282,0.694
Villanova_2015,Lafayette_2015,1,7.55,-3.12,0.553,0.455,0.121,0.166,0.3,1.164,0.305,0.68,0.557,0.533,0.135,0.129,0.277,1.303,0.234,0.697
North_Carolina_2015,Louisiana_State_2015,1,11.76,5.63,0.516,0.454,0.133,0.132,0.341,0.965,0.247,0.701,0.503,0.447,0.154,0.145,0.31,1.113,0.229,0.662
North_Carolina_2015,Louisville_2015,0,11.76,8.98,0.516,0.454,0.133,0.132,0.341,0.965,0.247,0.701,0.477,0.44,0.126,0.162,0.336,0.988,0.258,0.661
Virginia_2015,Michigan_State_2015,0,7.81,10,0.506,0.423,0.118,0.141,0.291,1.221,0.254,0.646,0.532,0.449,0.132,0.125,0.299,1.172,0.207,0.722
Louisville_2015,Michigan_State_2015,0,8.98,10,0.477,0.44,0.126,0.162,0.336,0.988,0.258,0.661,0.532,0.449,0.132,0.125,0.299,1.172,0.207,0.722
Xavier_2015,Mississippi_2015,1,9.48,7.01,0.534,0.5,0.138,0.146,0.284,1.261,0.281,0.677,0.478,0.476,0.122,0.139,0.335,0.993,0.279,0.685
Kansas_2015,New_Mexico_State_2015,1,12.13,-3.67,0.494,0.446,0.141,0.131,0.312,1.101,0.309,0.672,0.509,0.461,0.157,0.16,0.357,0.901,0.306,0.692
Wisconsin_2015,North_Carolina_2015,1,10.29,11.76,0.548,0.477,0.093,0.129,0.286,1.247,0.276,0.71,0.516,0.454,0.133,0.132,0.341,0.965,0.247,0.701
Villanova_2015,North_Carolina_2015,0,7.55,11.76,0.553,0.455,0.121,0.166,0.3,1.164,0.305,0.68,0.516,0.454,0.133,0.132,0.341,0.965,0.247,0.701
Gonzaga_2015,North_Dakota_State_2015,1,5.12,-3.63,0.584,0.441,0.121,0.132,0.271,1.343,0.267,0.666,0.501,0.483,0.123,0.134,0.25,1.504,0.248,0.739
Notre_Dame_2015,Northeastern_2015,1,7.02,-1.34,0.583,0.479,0.112,0.134,0.254,1.466,0.272,0.713,0.545,0.498,0.165,0.125,0.256,1.453,0.3,0.689
Louisville_2015,Northern_Iowa_2015,1,8.98,2,0.477,0.44,0.126,0.162,0.336,0.988,0.258,0.661,0.559,0.456,0.138,0.151,0.238,1.6,0.292,0.712
Wichita_State_2015,Notre_Dame_2015,0,3.68,7.02,0.507,0.456,0.11,0.165,0.333,1,0.259,0.692,0.583,0.479,0.112,0.134,0.254,1.466,0.272,0.713
Kentucky_2015,Notre_Dame_2015,1,8.67,7.02,0.515,0.396,0.117,0.16,0.331,1.009,0.319,0.659,0.583,0.479,0.112,0.134,0.254,1.466,0.272,0.713
Virginia_Commonwealth_2015,Ohio_State_2015,0,6.1,7.37,0.487,0.495,0.115,0.181,0.348,0.938,0.245,0.691,0.542,0.464,0.128,0.167,0.312,1.103,0.236,0.705
Arizona_2015,Ohio_State_2015,1,7.41,7.37,0.535,0.451,0.121,0.163,0.294,1.202,0.338,0.698,0.542,0.464,0.128,0.167,0.312,1.103,0.236,0.705
Oregon_2015,Oklahoma_State_2015,1,7.65,9.63,0.524,0.477,0.132,0.126,0.287,1.245,0.217,0.696,0.507,0.458,0.145,0.156,0.276,1.31,0.281,0.686
Michigan_State_2015,Oklahoma_2015,1,10,9.94,0.532,0.449,0.132,0.125,0.299,1.172,0.207,0.722,0.493,0.441,0.134,0.15,0.292,1.212,0.243,0.655
Wisconsin_2015,Oregon_2015,1,10.29,7.65,0.548,0.477,0.093,0.129,0.286,1.247,0.276,0.71,0.524,0.477,0.132,0.126,0.287,1.245,0.217,0.696
Cincinnati_2015,Purdue_2015,1,4.4,7.64,0.495,0.441,0.156,0.152,0.325,1.038,0.249,0.651,0.502,0.454,0.146,0.132,0.327,1.027,0.285,0.693
Duke_2015,Robert_Morris_2015,1,9.87,-3.5,0.566,0.465,0.121,0.145,0.31,1.113,0.278,0.692,0.501,0.493,0.152,0.161,0.316,1.083,0.252,0.66
Duke_2015,San_Diego_State_2015,1,9.87,4.24,0.566,0.465,0.121,0.145,0.31,1.113,0.278,0.692,0.467,0.433,0.136,0.168,0.346,0.946,0.228,0.695
San_Diego_State_2015,St._John's_(NY)_2015,1,4.24,9.04,0.467,0.433,0.136,0.168,0.346,0.946,0.228,0.695,0.494,0.466,0.12,0.144,0.289,1.232,0.251,0.653
Utah_2015,Stephen_F._Austin_2015,1,7.42,-4.2,0.557,0.43,0.139,0.143,0.267,1.37,0.303,0.684,0.557,0.485,0.151,0.191,0.351,0.924,0.314,0.695
Arizona_2015,Texas_Southern_2015,1,7.41,-6.09,0.535,0.451,0.121,0.163,0.294,1.202,0.338,0.698,0.495,0.493,0.144,0.14,0.33,1.014,0.309,0.654
Butler_2015,Texas_2015,1,8.62,9.07,0.484,0.467,0.124,0.153,0.329,1.018,0.279,0.682,0.491,0.421,0.148,0.105,0.312,1.101,0.265,0.663
Southern_Methodist_2015,UCLA_2015,0,3.57,8.27,0.517,0.455,0.145,0.156,0.312,1.103,0.309,0.68,0.496,0.485,0.131,0.139,0.322,1.053,0.242,0.696
Gonzaga_2015,UCLA_2015,1,5.12,8.27,0.584,0.441,0.121,0.132,0.271,1.343,0.267,0.666,0.496,0.485,0.131,0.139,0.322,1.053,0.242,0.696
Alabama-Birmingham_2015,UCLA_2015,0,1.62,8.27,0.477,0.476,0.149,0.147,0.328,1.023,0.259,0.685,0.496,0.485,0.131,0.139,0.322,1.053,0.242,0.696
Georgetown_2015,Utah_2015,0,9.81,7.42,0.513,0.471,0.141,0.15,0.319,1.069,0.309,0.71,0.557,0.43,0.139,0.143,0.267,1.37,0.303,0.684
Duke_2015,Utah_2015,1,9.87,7.42,0.566,0.465,0.121,0.145,0.31,1.113,0.278,0.692,0.557,0.43,0.139,0.143,0.267,1.37,0.303,0.684
Maryland_2015,Valparaiso_2015,1,7.63,-2,0.512,0.455,0.144,0.131,0.257,1.447,0.336,0.66,0.52,0.446,0.144,0.148,0.311,1.107,0.248,0.705
Maryland_2015,West_Virginia_2015,0,7.63,9.29,0.512,0.455,0.144,0.131,0.257,1.447,0.336,0.66,0.461,0.527,0.131,0.211,0.452,0.606,0.267,0.69
Kentucky_2015,West_Virginia_2015,1,8.67,9.29,0.515,0.396,0.117,0.16,0.331,1.009,0.319,0.659,0.461,0.527,0.131,0.211,0.452,0.606,0.267,0.69
Kansas_2015,Wichita_State_2015,0,12.13,3.68,0.494,0.446,0.141,0.131,0.312,1.101,0.309,0.672,0.507,0.456,0.11,0.165,0.333,1,0.259,0.692
Kentucky_2015,Wisconsin_2015,0,8.67,10.29,0.515,0.396,0.117,0.16,0.331,1.009,0.319,0.659,0.548,0.477,0.093,0.129,0.286,1.247,0.276,0.71
Arkansas_2015,Wofford_2015,1,6.79,-2.98,0.5,0.483,0.125,0.167,0.364,0.872,0.27,0.715,0.516,0.467,0.132,0.157,0.284,1.258,0.262,0.703
Northern_Iowa_2015,Wyoming_2015,1,2,-0.04,0.559,0.456,0.138,0.151,0.238,1.6,0.292,0.712,0.526,0.465,0.148,0.144,0.206,1.924,0.277,0.703
Georgia_State_2015,Xavier_2015,0,-2.03,9.48,0.527,0.457,0.124,0.174,0.289,1.233,0.277,0.714,0.534,0.5,0.138,0.146,0.284,1.261,0.281,0.677
Arizona_2015,Xavier_2015,1,7.41,9.48,0.535,0.451,0.121,0.163,0.294,1.202,0.338,0.698,0.534,0.5,0.138,0.146,0.284,1.261,0.281,0.677
Virginia_Tech_2018,Alabama_2018,0,6.72,10.64,0.577,0.504,0.134,0.146,0.226,1.709,0.259,0.697,0.519,0.478,0.155,0.141,0.278,1.302,0.281,0.685
Villanova_2018,Alabama_2018,1,10.24,10.64,0.595,0.485,0.119,0.144,0.265,1.389,0.229,0.747,0.519,0.478,0.155,0.141,0.278,1.302,0.281,0.685
Michigan_State_2018,Bucknell_2018,1,7.1,-3.46,0.569,0.427,0.145,0.112,0.279,1.294,0.268,0.728,0.539,0.478,0.13,0.132,0.253,1.477,0.306,0.695
Arizona_2018,Buffalo_2018,0,6.84,0.25,0.563,0.499,0.134,0.131,0.276,1.314,0.281,0.734,0.549,0.484,0.128,0.14,0.307,1.129,0.208,0.734
Purdue_2018,Butler_2018,1,8.74,10.55,0.577,0.47,0.123,0.141,0.24,1.582,0.265,0.689,0.54,0.519,0.126,0.155,0.266,1.378,0.202,0.743
Arkansas_2018,Butler_2018,0,9.85,10.55,0.538,0.504,0.116,0.146,0.29,1.226,0.255,0.727,0.54,0.519,0.126,0.155,0.266,1.378,0.202,0.743
Purdue_2018,Cal_State_Fullerton_2018,1,8.74,-1.02,0.577,0.47,0.123,0.141,0.24,1.582,0.265,0.689,0.516,0.472,0.156,0.141,0.246,1.534,0.316,0.756
Kansas_2018,Clemson_2018,1,11.87,9.25,0.575,0.491,0.132,0.143,0.268,1.366,0.191,0.713,0.529,0.472,0.136,0.138,0.247,1.526,0.253,0.701
Auburn_2018,Clemson_2018,0,7.29,9.25,0.508,0.497,0.123,0.16,0.312,1.1,0.308,0.722,0.529,0.472,0.136,0.138,0.247,1.526,0.253,0.701
Auburn_2018,College_of_Charleston_2018,1,7.29,-3.29,0.508,0.497,0.123,0.16,0.312,1.1,0.308,0.722,0.527,0.495,0.115,0.138,0.252,1.481,0.277,0.738
Kentucky_2018,Davidson_2018,1,10.73,2.57,0.518,0.468,0.136,0.128,0.307,1.13,0.307,0.692,0.574,0.512,0.119,0.129,0.209,1.896,0.196,0.685
Kansas_2018,Duke_2018,1,11.87,9.71,0.575,0.491,0.132,0.143,0.268,1.366,0.191,0.713,0.559,0.464,0.13,0.135,0.324,1.044,0.246,0.728
Xavier_2018,Florida_State_2018,0,9.45,8.5,0.559,0.499,0.132,0.127,0.253,1.474,0.32,0.76,0.532,0.484,0.135,0.149,0.297,1.182,0.256,0.714
Missouri_2018,Florida_State_2018,0,9.19,8.5,0.537,0.467,0.16,0.126,0.271,1.345,0.286,0.725,0.532,0.484,0.135,0.149,0.297,1.182,0.256,0.714
Texas_Tech_2018,Florida_2018,1,9.6,10.08,0.52,0.463,0.135,0.167,0.297,1.182,0.276,0.703,0.507,0.486,0.109,0.154,0.306,1.137,0.234,0.731
Cincinnati_2018,Georgia_State_2018,1,3.53,-2.78,0.512,0.433,0.124,0.17,0.338,0.981,0.249,0.684,0.54,0.471,0.13,0.157,0.256,1.45,0.205,0.697
Florida_State_2018,Gonzaga_2018,1,8.5,2.59,0.532,0.484,0.135,0.149,0.297,1.182,0.256,0.714,0.57,0.471,0.123,0.139,0.274,1.323,0.227,0.716
Michigan_2018,Houston_2018,1,9.41,4.16,0.545,0.476,0.11,0.155,0.246,1.534,0.203,0.721,0.533,0.455,0.132,0.146,0.299,1.173,0.234,0.703
Duke_2018,Iona_2018,1,9.71,-2.19,0.559,0.464,0.13,0.135,0.324,1.044,0.246,0.728,0.539,0.525,0.128,0.146,0.253,1.476,0.223,0.659
Maryland-Baltimore_County_2018,Kansas_State_2018,0,-3.84,8.74,0.531,0.509,0.139,0.167,0.279,1.294,0.198,0.676,0.525,0.491,0.135,0.164,0.263,1.4,0.248,0.732
Creighton_2018,Kansas_State_2018,0,8.1,8.74,0.575,0.496,0.126,0.129,0.204,1.951,0.194,0.721,0.525,0.491,0.135,0.164,0.263,1.4,0.248,0.732
Villanova_2018,Kansas_2018,1,10.24,11.87,0.595,0.485,0.119,0.144,0.265,1.389,0.229,0.747,0.575,0.491,0.132,0.143,0.268,1.366,0.191,0.713
Kansas_State_2018,Kentucky_2018,1,8.74,10.73,0.525,0.491,0.135,0.164,0.263,1.4,0.248,0.732,0.518,0.468,0.136,0.128,0.307,1.13,0.307,0.692
Buffalo_2018,Kentucky_2018,0,0.25,10.73,0.549,0.484,0.128,0.14,0.307,1.129,0.208,0.734,0.518,0.468,0.136,0.128,0.307,1.13,0.307,0.692
North_Carolina_2018,Lipscomb_2018,1,11.78,-3.8,0.52,0.501,0.126,0.13,0.325,1.036,0.208,0.687,0.518,0.511,0.147,0.157,0.271,1.344,0.291,0.691
Tennessee_2018,Loyola_(IL)_2018,0,10.12,1.81,0.508,0.467,0.134,0.155,0.32,1.062,0.269,0.71,0.577,0.474,0.154,0.155,0.187,2.168,0.231,0.706
Nevada_2018,Loyola_(IL)_2018,0,4.93,1.81,0.548,0.494,0.105,0.139,0.258,1.441,0.269,0.709,0.577,0.474,0.154,0.155,0.187,2.168,0.231,0.706
Miami_(FL)_2018,Loyola_(IL)_2018,0,6.96,1.81,0.531,0.49,0.131,0.149,0.285,1.256,0.192,0.712,0.577,0.474,0.154,0.155,0.187,2.168,0.231,0.706
Kansas_State_2018,Loyola_(IL)_2018,0,8.74,1.81,0.525,0.491,0.135,0.164,0.263,1.4,0.248,0.732,0.577,0.474,0.154,0.155,0.187,2.168,0.231,0.706
Wichita_State_2018,Marshall_2018,0,5.46,0.44,0.551,0.494,0.124,0.129,0.302,1.153,0.257,0.726,0.548,0.497,0.138,0.143,0.224,1.734,0.256,0.681
Virginia_2018,Maryland-Baltimore_County_2018,0,9.07,-3.84,0.527,0.443,0.112,0.167,0.257,1.449,0.184,0.732,0.531,0.509,0.139,0.167,0.279,1.294,0.198,0.676
Texas_A&M_2018,Michigan_2018,0,10.62,9.41,0.514,0.469,0.145,0.12,0.296,1.19,0.212,0.688,0.545,0.476,0.11,0.155,0.246,1.534,0.203,0.721
Loyola_(IL)_2018,Michigan_2018,0,1.81,9.41,0.577,0.474,0.154,0.155,0.187,2.168,0.231,0.706,0.545,0.476,0.11,0.155,0.246,1.534,0.203,0.721
Florida_State_2018,Michigan_2018,0,8.5,9.41,0.532,0.484,0.135,0.149,0.297,1.182,0.256,0.714,0.545,0.476,0.11,0.155,0.246,1.534,0.203,0.721
Michigan_2018,Montana_2018,1,9.41,-2.25,0.545,0.476,0.11,0.155,0.246,1.534,0.203,0.721,0.513,0.487,0.131,0.168,0.318,1.072,0.273,0.723
West_Virginia_2018,Murray_State_2018,1,9.36,-3.53,0.504,0.499,0.119,0.178,0.366,0.865,0.24,0.712,0.558,0.467,0.134,0.144,0.287,1.244,0.28,0.724
Cincinnati_2018,Nevada_2018,0,3.53,4.93,0.512,0.433,0.124,0.17,0.338,0.981,0.249,0.684,0.548,0.494,0.105,0.139,0.258,1.441,0.269,0.709
Clemson_2018,New_Mexico_State_2018,1,9.25,-1.1,0.529,0.472,0.136,0.138,0.247,1.526,0.253,0.701,0.519,0.455,0.137,0.155,0.305,1.142,0.184,0.711
Gonzaga_2018,North_Carolina-Greensboro_2018,1,2.59,-3.87,0.57,0.471,0.123,0.139,0.274,1.323,0.227,0.716,0.525,0.47,0.155,0.175,0.319,1.067,0.185,0.725
Seton_Hall_2018,North_Carolina_2018,1,10.11,11.78,0.529,0.503,0.134,0.139,0.318,1.072,0.246,0.724,0.52,0.501,0.126,0.13,0.325,1.036,0.208,0.687
Gonzaga_2018,Ohio_State_2018,1,2.59,9.03,0.57,0.471,0.123,0.139,0.274,1.323,0.227,0.716,0.541,0.487,0.133,0.142,0.265,1.386,0.227,0.702
Rhode_Island_2018,Oklahoma_2018,1,4.61,10.56,0.511,0.503,0.117,0.175,0.33,1.016,0.209,0.734,0.535,0.51,0.135,0.132,0.274,1.323,0.247,0.703
Kansas_2018,Pennsylvania_2018,1,11.87,-3.17,0.575,0.491,0.132,0.143,0.268,1.366,0.191,0.713,0.533,0.463,0.131,0.136,0.228,1.689,0.22,0.734
Texas_A&M_2018,Providence_2018,1,10.62,10.23,0.514,0.469,0.145,0.12,0.296,1.19,0.212,0.688,0.496,0.503,0.132,0.148,0.294,1.199,0.272,0.731
Villanova_2018,Radford_2018,1,10.24,-4.08,0.595,0.485,0.119,0.144,0.265,1.389,0.229,0.747,0.494,0.501,0.144,0.159,0.333,1.002,0.222,0.751
Duke_2018,Rhode_Island_2018,1,9.71,4.61,0.559,0.464,0.13,0.135,0.324,1.044,0.246,0.728,0.511,0.503,0.117,0.175,0.33,1.016,0.209,0.734
Houston_2018,San_Diego_State_2018,1,4.16,3.91,0.533,0.455,0.132,0.146,0.299,1.173,0.234,0.703,0.519,0.482,0.129,0.153,0.291,1.217,0.255,0.727
Kansas_2018,Seton_Hall_2018,1,11.87,10.11,0.575,0.491,0.132,0.143,0.268,1.366,0.191,0.713,0.529,0.503,0.134,0.139,0.318,1.072,0.246,0.724
Ohio_State_2018,South_Dakota_State_2018,1,9.03,-0.38,0.541,0.487,0.133,0.142,0.265,1.386,0.227,0.702,0.554,0.492,0.108,0.117,0.226,1.708,0.269,0.718
Florida_2018,St._Bonaventure_2018,1,10.08,2.61,0.507,0.486,0.109,0.154,0.306,1.137,0.234,0.731,0.516,0.49,0.124,0.155,0.285,1.256,0.305,0.715
Texas_Tech_2018,Stephen_F._Austin_2018,1,9.6,-6.46,0.52,0.463,0.135,0.167,0.297,1.182,0.276,0.703,0.544,0.496,0.158,0.205,0.32,1.064,0.28,0.688
Texas_Christian_2018,Syracuse_2018,0,9.68,10.02,0.566,0.523,0.137,0.138,0.304,1.145,0.241,0.731,0.469,0.462,0.141,0.149,0.315,1.088,0.298,0.731
Michigan_State_2018,Syracuse_2018,0,7.1,10.02,0.569,0.427,0.145,0.112,0.279,1.294,0.268,0.728,0.469,0.462,0.141,0.149,0.315,1.088,0.298,0.731
Duke_2018,Syracuse_2018,1,9.71,10.02,0.559,0.464,0.13,0.135,0.324,1.044,0.246,0.728,0.469,0.462,0.141,0.149,0.315,1.088,0.298,0.731
North_Carolina_2018,Texas_A&M_2018,0,11.78,10.62,0.52,0.501,0.126,0.13,0.325,1.036,0.208,0.687,0.514,0.469,0.145,0.12,0.296,1.19,0.212,0.688
Xavier_2018,Texas_Southern_2018,1,9.45,-5.53,0.559,0.499,0.132,0.127,0.253,1.474,0.32,0.76,0.505,0.512,0.131,0.123,0.283,1.268,0.311,0.667
Villanova_2018,Texas_Tech_2018,1,10.24,9.6,0.595,0.485,0.119,0.144,0.265,1.389,0.229,0.747,0.52,0.463,0.135,0.167,0.297,1.182,0.276,0.703
Purdue_2018,Texas_Tech_2018,0,8.74,9.6,0.577,0.47,0.123,0.141,0.24,1.582,0.265,0.689,0.52,0.463,0.135,0.167,0.297,1.182,0.276,0.703
Nevada_2018,Texas_2018,1,4.93,10.67,0.548,0.494,0.105,0.139,0.258,1.441,0.269,0.709,0.5,0.483,0.13,0.142,0.294,1.2,0.219,0.712
Michigan_2018,Villanova_2018,0,9.41,10.24,0.545,0.476,0.11,0.155,0.246,1.534,0.203,0.721,0.595,0.485,0.119,0.144,0.265,1.389,0.229,0.747
Villanova_2018,West_Virginia_2018,1,10.24,9.36,0.595,0.485,0.119,0.144,0.265,1.389,0.229,0.747,0.504,0.499,0.119,0.178,0.366,0.865,0.24,0.712
Marshall_2018,West_Virginia_2018,0,0.44,9.36,0.548,0.497,0.138,0.143,0.224,1.734,0.256,0.681,0.504,0.499,0.119,0.178,0.366,0.865,0.24,0.712
Tennessee_2018,Wright_State_2018,1,10.12,-3.64,0.508,0.467,0.134,0.155,0.32,1.062,0.269,0.71,0.491,0.483,0.143,0.173,0.28,1.288,0.256,0.71
Creighton_2012,Alabama_2012,1,3.41,7.18,0.578,0.496,0.136,0.12,0.284,1.262,0.276,0.675,0.491,0.437,0.153,0.157,0.33,1.014,0.257,0.645
Xavier_2012,Baylor_2012,0,6.22,8.03,0.497,0.456,0.138,0.139,0.32,1.065,0.287,0.74,0.528,0.473,0.152,0.159,0.367,0.862,0.266,0.687
Kentucky_2012,Baylor_2012,1,7.93,8.03,0.538,0.42,0.123,0.134,0.327,1.031,0.302,0.694,0.528,0.473,0.152,0.159,0.367,0.862,0.266,0.687
Georgetown_2012,Belmont_2012,1,7.69,-1.22,0.519,0.433,0.147,0.15,0.331,1.01,0.27,0.68,0.558,0.481,0.133,0.159,0.348,0.935,0.282,0.657
Marquette_2012,Brigham_Young_2012,1,7.5,1.55,0.501,0.454,0.139,0.176,0.36,0.888,0.295,0.685,0.521,0.471,0.141,0.17,0.312,1.105,0.257,0.666
Ohio_State_2012,Cincinnati_2012,1,9.07,6.28,0.521,0.464,0.128,0.178,0.332,1.004,0.27,0.699,0.48,0.462,0.124,0.166,0.399,0.753,0.189,0.685
Florida_State_2012,Cincinnati_2012,0,7.62,6.28,0.512,0.437,0.175,0.167,0.34,0.969,0.246,0.715,0.48,0.462,0.124,0.166,0.399,0.753,0.189,0.685
Murray_State_2012,Colorado_State_2012,1,-2.6,5.23,0.537,0.457,0.155,0.188,0.353,0.915,0.318,0.661,0.53,0.503,0.15,0.139,0.283,1.265,0.324,0.704
Nevada-Las_Vegas_2012,Colorado_2012,0,4.37,5.73,0.527,0.465,0.143,0.168,0.333,1.004,0.241,0.673,0.499,0.461,0.148,0.143,0.294,1.198,0.299,0.648
Baylor_2012,Colorado_2012,1,8.03,5.73,0.528,0.473,0.152,0.159,0.367,0.862,0.266,0.687,0.499,0.461,0.148,0.143,0.294,1.198,0.299,0.648
Iowa_State_2012,Connecticut_2012,1,7.32,8.07,0.526,0.486,0.138,0.136,0.316,1.081,0.266,0.698,0.5,0.446,0.14,0.127,0.361,0.887,0.229,0.735
North_Carolina_2012,Creighton_2012,1,7.07,3.41,0.498,0.45,0.116,0.146,0.358,0.896,0.254,0.681,0.578,0.496,0.136,0.12,0.284,1.262,0.276,0.675
Louisville_2012,Davidson_2012,1,9.02,-1.68,0.473,0.433,0.153,0.172,0.364,0.874,0.249,0.663,0.511,0.473,0.126,0.136,0.356,0.906,0.283,0.668
Kansas_2012,Detroit_Mercy_2012,1,9.93,-0.01,0.523,0.434,0.143,0.155,0.328,1.023,0.275,0.72,0.491,0.503,0.136,0.171,0.386,0.795,0.312,0.701
Norfolk_State_2012,Florida_2012,0,-5.39,7.33,0.49,0.463,0.161,0.152,0.355,0.909,0.275,0.671,0.548,0.478,0.127,0.147,0.353,0.918,0.237,0.693
Louisville_2012,Florida_2012,1,9.02,7.33,0.473,0.433,0.153,0.172,0.364,0.874,0.249,0.663,0.548,0.478,0.127,0.147,0.353,0.918,0.237,0.693
Ohio_State_2012,Gonzaga_2012,1,9.07,3.25,0.521,0.464,0.128,0.178,0.332,1.004,0.27,0.699,0.535,0.466,0.145,0.152,0.328,1.025,0.33,0.673
Vanderbilt_2012,Harvard_2012,1,8.04,-1.56,0.541,0.469,0.147,0.146,0.321,1.058,0.28,0.7,0.529,0.456,0.153,0.161,0.284,1.261,0.307,0.657
Kentucky_2012,Indiana_2012,1,7.93,7.8,0.538,0.42,0.123,0.134,0.327,1.031,0.302,0.694,0.552,0.481,0.142,0.153,0.339,0.975,0.34,0.702
Kentucky_2012,Iowa_State_2012,1,7.93,7.32,0.538,0.42,0.123,0.134,0.327,1.031,0.302,0.694,0.526,0.486,0.138,0.136,0.316,1.081,0.266,0.698
Syracuse_2012,Kansas_State_2012,1,8.02,7.53,0.521,0.442,0.12,0.179,0.389,0.786,0.23,0.676,0.489,0.46,0.152,0.175,0.417,0.699,0.29,0.689
Ohio_State_2012,Kansas_2012,0,9.07,9.93,0.521,0.464,0.128,0.178,0.332,1.004,0.27,0.699,0.523,0.434,0.143,0.155,0.328,1.023,0.275,0.72
North_Carolina_2012,Kansas_2012,0,7.07,9.93,0.498,0.45,0.116,0.146,0.358,0.896,0.254,0.681,0.523,0.434,0.143,0.155,0.328,1.023,0.275,0.72
Kentucky_2012,Kansas_2012,1,7.93,9.93,0.538,0.42,0.123,0.134,0.327,1.031,0.302,0.694,0.523,0.434,0.143,0.155,0.328,1.023,0.275,0.72
Duke_2012,Lehigh_2012,0,8.4,-5.14,0.528,0.471,0.13,0.141,0.352,0.919,0.316,0.689,0.507,0.467,0.123,0.162,0.35,0.93,0.291,0.705
New_Mexico_2012,Long_Beach_State_2012,1,3.34,0.87,0.531,0.44,0.15,0.167,0.325,1.039,0.279,0.675,0.527,0.475,0.141,0.174,0.343,0.959,0.281,0.694
Michigan_State_2012,Long_Island_University_2012,1,9.82,-5.1,0.527,0.433,0.146,0.149,0.323,1.05,0.264,0.703,0.532,0.494,0.158,0.142,0.339,0.973,0.363,0.694
Michigan_State_2012,Louisville_2012,0,9.82,9.02,0.527,0.433,0.146,0.149,0.323,1.05,0.264,0.703,0.473,0.433,0.153,0.172,0.364,0.874,0.249,0.663
Kentucky_2012,Louisville_2012,1,7.93,9.02,0.538,0.42,0.123,0.134,0.327,1.031,0.302,0.694,0.473,0.433,0.153,0.172,0.364,0.874,0.249,0.663
Ohio_State_2012,Loyola_(MD)_2012,1,9.07,-2.72,0.521,0.464,0.128,0.178,0.332,1.004,0.27,0.699,0.472,0.478,0.149,0.164,0.412,0.714,0.309,0.689
Florida_2012,Marquette_2012,1,7.33,7.5,0.548,0.478,0.127,0.147,0.353,0.918,0.237,0.693,0.501,0.454,0.139,0.176,0.36,0.888,0.295,0.685
Wisconsin_2012,Montana_2012,1,8.24,-3.39,0.501,0.425,0.116,0.141,0.314,1.093,0.227,0.683,0.52,0.454,0.145,0.17,0.301,1.159,0.285,0.7
Marquette_2012,Murray_State_2012,1,7.5,-2.6,0.501,0.454,0.139,0.176,0.36,0.888,0.295,0.685,0.537,0.457,0.155,0.188,0.353,0.915,0.318,0.661
Indiana_2012,New_Mexico_State_2012,1,7.8,0.08,0.552,0.481,0.142,0.153,0.339,0.975,0.34,0.702,0.515,0.481,0.147,0.16,0.383,0.805,0.346,0.675
Louisville_2012,New_Mexico_2012,1,9.02,3.34,0.473,0.433,0.153,0.172,0.364,0.874,0.249,0.663,0.531,0.44,0.15,0.167,0.325,1.039,0.279,0.675
Missouri_2012,Norfolk_State_2012,0,5.68,-5.39,0.58,0.501,0.118,0.167,0.311,1.107,0.287,0.676,0.49,0.463,0.161,0.152,0.355,0.909,0.275,0.671
Syracuse_2012,North_Carolina-Asheville_2012,1,8.02,-2.72,0.521,0.442,0.12,0.179,0.389,0.786,0.23,0.676,0.541,0.504,0.14,0.169,0.345,0.95,0.358,0.665
San_Diego_State_2012,North_Carolina_2012,0,3.79,7.07,0.505,0.466,0.14,0.15,0.312,1.101,0.259,0.69,0.498,0.45,0.116,0.146,0.358,0.896,0.254,0.681
Kansas_2012,North_Carolina_2012,1,9.93,7.07,0.523,0.434,0.143,0.155,0.328,1.023,0.275,0.72,0.498,0.45,0.116,0.146,0.358,0.896,0.254,0.681
Georgetown_2012,North_Carolina_2012,0,7.69,7.07,0.519,0.433,0.147,0.15,0.331,1.01,0.27,0.68,0.498,0.45,0.116,0.146,0.358,0.896,0.254,0.681
Syracuse_2012,Ohio_State_2012,0,8.02,9.07,0.521,0.442,0.12,0.179,0.389,0.786,0.23,0.676,0.521,0.464,0.128,0.178,0.332,1.004,0.27,0.699
North_Carolina_2012,Ohio_2012,1,7.07,0.17,0.498,0.45,0.116,0.146,0.358,0.896,0.254,0.681,0.494,0.465,0.144,0.194,0.397,0.759,0.245,0.715
Michigan_2012,Ohio_2012,0,8.98,0.17,0.532,0.485,0.14,0.156,0.301,1.162,0.204,0.713,0.494,0.465,0.144,0.194,0.397,0.759,0.245,0.715
Saint_Mary's_(CA)_2012,Purdue_2012,0,0.78,8.05,0.541,0.477,0.132,0.145,0.328,1.024,0.281,0.669,0.511,0.499,0.102,0.15,0.376,0.829,0.224,0.699
Kansas_2012,Purdue_2012,1,9.93,8.05,0.523,0.434,0.143,0.155,0.328,1.023,0.275,0.72,0.511,0.499,0.102,0.15,0.376,0.829,0.224,0.699
Michigan_State_2012,Saint_Louis_2012,1,9.82,4.06,0.527,0.433,0.146,0.149,0.323,1.05,0.264,0.703,0.515,0.454,0.134,0.179,0.348,0.936,0.259,0.718
Memphis_2012,Saint_Louis_2012,0,5.26,4.06,0.54,0.434,0.142,0.155,0.304,1.146,0.296,0.695,0.515,0.454,0.134,0.179,0.348,0.936,0.259,0.718
Baylor_2012,South_Dakota_State_2012,1,8.03,-1.87,0.528,0.473,0.152,0.159,0.367,0.862,0.266,0.687,0.54,0.5,0.119,0.154,0.337,0.985,0.29,0.688
Temple_2012,South_Florida_2012,0,4.94,7.29,0.531,0.483,0.14,0.148,0.327,1.03,0.246,0.702,0.485,0.434,0.17,0.139,0.335,0.991,0.239,0.706
Ohio_2012,South_Florida_2012,1,0.17,7.29,0.494,0.465,0.144,0.194,0.397,0.759,0.245,0.715,0.485,0.434,0.17,0.139,0.335,0.991,0.239,0.706
Kansas_State_2012,Southern_Mississippi_2012,1,7.53,3.61,0.489,0.46,0.152,0.175,0.417,0.699,0.29,0.689,0.469,0.495,0.12,0.167,0.416,0.703,0.29,0.727
Florida_State_2012,St._Bonaventure_2012,1,7.62,2.84,0.512,0.437,0.175,0.167,0.34,0.969,0.246,0.715,0.508,0.471,0.155,0.145,0.339,0.974,0.32,0.713
Cincinnati_2012,Texas_2012,1,6.28,8.12,0.48,0.462,0.124,0.166,0.399,0.753,0.189,0.685,0.485,0.469,0.134,0.149,0.405,0.734,0.312,0.677
Wisconsin_2012,Vanderbilt_2012,1,8.24,8.04,0.501,0.425,0.116,0.141,0.314,1.093,0.227,0.683,0.541,0.469,0.147,0.146,0.321,1.058,0.28,0.7
North_Carolina_2012,Vermont_2012,1,7.07,-5.19,0.498,0.45,0.116,0.146,0.358,0.896,0.254,0.681,0.493,0.455,0.145,0.149,0.344,0.954,0.276,0.678
Wichita_State_2012,Virginia_Commonwealth_2012,0,3.8,0.63,0.543,0.443,0.137,0.146,0.31,1.111,0.26,0.69,0.476,0.473,0.129,0.208,0.394,0.77,0.249,0.691
Indiana_2012,Virginia_Commonwealth_2012,1,7.8,0.63,0.552,0.481,0.142,0.153,0.339,0.975,0.34,0.702,0.476,0.473,0.129,0.208,0.394,0.77,0.249,0.691
Florida_2012,Virginia_2012,1,7.33,4.23,0.548,0.478,0.127,0.147,0.353,0.918,0.237,0.693,0.507,0.447,0.147,0.165,0.268,1.366,0.256,0.634
Gonzaga_2012,West_Virginia_2012,1,3.25,7.53,0.535,0.466,0.145,0.152,0.328,1.025,0.33,0.673,0.483,0.498,0.137,0.157,0.434,0.651,0.259,0.679
Kentucky_2012,Western_Kentucky_2012,1,7.93,0.51,0.538,0.42,0.123,0.134,0.327,1.031,0.302,0.694,0.444,0.474,0.163,0.159,0.383,0.806,0.276,0.718
Syracuse_2012,Wisconsin_2012,1,8.02,8.24,0.521,0.442,0.12,0.179,0.389,0.786,0.23,0.676,0.501,0.425,0.116,0.141,0.314,1.093,0.227,0.683
Notre_Dame_2012,Xavier_2012,0,6.47,6.22,0.495,0.458,0.121,0.133,0.329,1.022,0.263,0.706,0.497,0.456,0.138,0.139,0.32,1.065,0.287,0.74
Lehigh_2012,Xavier_2012,0,-5.14,6.22,0.507,0.467,0.123,0.162,0.35,0.93,0.291,0.705,0.497,0.456,0.138,0.139,0.32,1.065,0.287,0.74
North_Carolina_2017,Arkansas_2017,1,11.76,8.6,0.519,0.48,0.118,0.148,0.36,0.887,0.244,0.725,0.514,0.478,0.125,0.137,0.309,1.118,0.29,0.705
South_Carolina_2017,Baylor_2017,1,10.16,11.87,0.477,0.454,0.135,0.182,0.345,0.95,0.278,0.724,0.53,0.462,0.152,0.135,0.339,0.973,0.244,0.713
West_Virginia_2017,Bucknell_2017,1,9.67,-2.48,0.513,0.488,0.123,0.21,0.385,0.799,0.266,0.683,0.553,0.48,0.148,0.154,0.251,1.492,0.253,0.66
North_Carolina_2017,Butler_2017,1,11.76,10.23,0.519,0.48,0.118,0.148,0.36,0.887,0.244,0.725,0.546,0.508,0.117,0.152,0.263,1.401,0.275,0.697
Kansas_2017,UC-Davis_2017,1,12.23,-4.68,0.561,0.481,0.133,0.144,0.307,1.127,0.244,0.715,0.49,0.487,0.153,0.155,0.284,1.258,0.278,0.713
UCLA_2017,Cincinnati_2017,1,6.39,5.49,0.598,0.487,0.121,0.125,0.247,1.52,0.198,0.679,0.52,0.452,0.114,0.157,0.329,1.019,0.223,0.736
Florida_2017,East_Tennessee_State_2017,1,11.01,-2.11,0.516,0.458,0.127,0.161,0.313,1.1,0.293,0.706,0.555,0.487,0.156,0.169,0.281,1.277,0.304,0.722
Florida_State_2017,Florida_Gulf_Coast_2017,1,8.87,-3.42,0.537,0.479,0.123,0.149,0.309,1.119,0.265,0.715,0.554,0.484,0.136,0.143,0.299,1.174,0.231,0.68
Wisconsin_2017,Florida_2017,0,9.4,11.01,0.521,0.476,0.126,0.156,0.334,0.997,0.212,0.739,0.516,0.458,0.127,0.161,0.313,1.1,0.293,0.706
South_Carolina_2017,Gonzaga_2017,0,10.16,4.13,0.477,0.454,0.135,0.182,0.345,0.95,0.278,0.724,0.567,0.411,0.124,0.135,0.238,1.599,0.28,0.658
Oregon_2017,Iona_2017,1,8.38,-2.47,0.554,0.462,0.129,0.151,0.288,1.237,0.247,0.719,0.534,0.5,0.13,0.137,0.27,1.349,0.238,0.695
Purdue_2017,Iowa_State_2017,1,8.79,11.94,0.557,0.477,0.143,0.135,0.26,1.422,0.252,0.707,0.55,0.49,0.113,0.152,0.261,1.417,0.194,0.704
Louisville_2017,Jacksonville_State_2017,1,11.15,-3.24,0.514,0.457,0.118,0.149,0.34,0.969,0.233,0.695,0.528,0.486,0.159,0.127,0.285,1.252,0.247,0.721
Cincinnati_2017,Kansas_State_2017,1,5.49,10.48,0.52,0.452,0.114,0.157,0.329,1.019,0.223,0.736,0.527,0.496,0.146,0.17,0.292,1.215,0.286,0.729
UCLA_2017,Kent_State_2017,1,6.39,-1.63,0.598,0.487,0.121,0.125,0.247,1.52,0.198,0.679,0.484,0.497,0.132,0.15,0.371,0.849,0.236,0.703
North_Carolina_2017,Kentucky_2017,1,11.76,10.49,0.519,0.48,0.118,0.148,0.36,0.887,0.244,0.725,0.529,0.475,0.116,0.15,0.311,1.109,0.288,0.676
South_Carolina_2017,Marquette_2017,1,10.16,8.6,0.477,0.454,0.135,0.182,0.345,0.95,0.278,0.724,0.576,0.522,0.138,0.141,0.265,1.389,0.242,0.697
Miami_(FL)_2017,Michigan_State_2017,0,9.57,10.5,0.51,0.476,0.147,0.144,0.309,1.12,0.246,0.739,0.54,0.467,0.16,0.122,0.257,1.444,0.224,0.726
Kansas_2017,Michigan_State_2017,1,12.23,10.5,0.561,0.481,0.133,0.144,0.307,1.127,0.244,0.715,0.54,0.467,0.16,0.122,0.257,1.444,0.224,0.726
Louisville_2017,Michigan_2017,0,11.15,10.17,0.514,0.457,0.118,0.149,0.34,0.969,0.233,0.695,0.57,0.519,0.114,0.154,0.252,1.484,0.234,0.684
Minnesota_2017,Middle_Tennessee_2017,0,8.82,-0.48,0.487,0.451,0.121,0.134,0.282,1.274,0.281,0.682,0.543,0.478,0.121,0.156,0.279,1.293,0.212,0.711
Butler_2017,Middle_Tennessee_2017,1,10.23,-0.48,0.546,0.508,0.117,0.152,0.263,1.401,0.275,0.697,0.543,0.478,0.121,0.156,0.279,1.293,0.212,0.711
Villanova_2017,Mount_St._Mary's_2017,1,9.28,-3.51,0.575,0.481,0.133,0.162,0.262,1.411,0.276,0.703,0.51,0.499,0.153,0.165,0.255,1.46,0.218,0.66
Iowa_State_2017,Nevada_2017,1,11.94,2.03,0.55,0.49,0.113,0.152,0.261,1.417,0.194,0.704,0.525,0.483,0.116,0.126,0.286,1.25,0.291,0.692
Baylor_2017,New_Mexico_State_2017,1,11.87,-3.82,0.53,0.462,0.152,0.135,0.339,0.973,0.244,0.713,0.531,0.467,0.142,0.149,0.326,1.036,0.307,0.682
Virginia_2017,North_Carolina-Wilmington_2017,1,10.93,-0.55,0.524,0.461,0.124,0.163,0.265,1.384,0.184,0.699,0.555,0.526,0.11,0.155,0.335,0.994,0.219,0.716
Oregon_2017,North_Carolina_2017,0,8.38,11.76,0.554,0.462,0.129,0.151,0.288,1.237,0.247,0.719,0.519,0.48,0.118,0.148,0.36,0.887,0.244,0.725
Gonzaga_2017,North_Carolina_2017,0,4.13,11.76,0.567,0.411,0.124,0.135,0.238,1.599,0.28,0.658,0.519,0.48,0.118,0.148,0.36,0.887,0.244,0.725
Arizona_2017,North_Dakota_2017,1,7.63,-5.45,0.537,0.477,0.125,0.137,0.28,1.287,0.31,0.684,0.542,0.501,0.138,0.157,0.259,1.429,0.26,0.691
Kentucky_2017,Northern_Kentucky_2017,1,10.49,-2.84,0.529,0.475,0.116,0.15,0.311,1.109,0.288,0.676,0.529,0.494,0.144,0.136,0.296,1.187,0.247,0.707
Gonzaga_2017,Northwestern_2017,1,4.13,8.43,0.567,0.411,0.124,0.135,0.238,1.599,0.28,0.658,0.497,0.461,0.123,0.135,0.296,1.189,0.227,0.669
West_Virginia_2017,Notre_Dame_2017,1,9.67,9.78,0.513,0.488,0.123,0.21,0.385,0.799,0.266,0.683,0.536,0.491,0.11,0.145,0.276,1.314,0.229,0.736
Michigan_2017,Oklahoma_State_2017,1,10.17,12.22,0.57,0.519,0.114,0.154,0.252,1.484,0.234,0.684,0.539,0.535,0.132,0.154,0.374,0.838,0.302,0.724
Michigan_2017,Oregon_2017,0,10.17,8.38,0.57,0.519,0.114,0.154,0.252,1.484,0.234,0.684,0.554,0.462,0.129,0.151,0.288,1.237,0.247,0.719
Kansas_2017,Oregon_2017,0,12.23,8.38,0.561,0.481,0.133,0.144,0.307,1.127,0.244,0.715,0.554,0.462,0.129,0.151,0.288,1.237,0.247,0.719
Notre_Dame_2017,Princeton_2017,1,9.78,-1.84,0.536,0.491,0.11,0.145,0.276,1.314,0.229,0.736,0.537,0.478,0.123,0.16,0.246,1.53,0.179,0.689
Kansas_2017,Purdue_2017,1,12.23,8.79,0.561,0.481,0.133,0.144,0.307,1.127,0.244,0.715,0.557,0.477,0.143,0.135,0.26,1.422,0.252,0.707
Oregon_2017,Rhode_Island_2017,1,8.38,4.62,0.554,0.462,0.129,0.151,0.288,1.237,0.247,0.719,0.507,0.451,0.122,0.144,0.314,1.09,0.262,0.708
Creighton_2017,Rhode_Island_2017,0,8.95,4.62,0.576,0.498,0.137,0.151,0.236,1.616,0.189,0.689,0.507,0.451,0.122,0.144,0.314,1.09,0.262,0.708
Arizona_2017,Saint_Mary's_(CA)_2017,1,7.63,2.19,0.537,0.477,0.125,0.137,0.28,1.287,0.31,0.684,0.578,0.453,0.137,0.123,0.269,1.36,0.207,0.691
Arkansas_2017,Seton_Hall_2017,1,8.6,9.25,0.514,0.478,0.125,0.137,0.309,1.118,0.29,0.705,0.499,0.49,0.143,0.136,0.335,0.993,0.242,0.719
Florida_2017,South_Carolina_2017,0,11.01,10.16,0.516,0.458,0.127,0.161,0.313,1.1,0.293,0.706,0.477,0.454,0.135,0.182,0.345,0.95,0.278,0.724
Duke_2017,South_Carolina_2017,0,10.91,10.16,0.548,0.475,0.124,0.133,0.291,1.219,0.299,0.71,0.477,0.454,0.135,0.182,0.345,0.95,0.278,0.724
Gonzaga_2017,South_Dakota_State_2017,1,4.13,-0.66,0.567,0.411,0.124,0.135,0.238,1.599,0.28,0.658,0.537,0.536,0.143,0.129,0.257,1.445,0.311,0.722
Southern_Methodist_2017,Southern_California_2017,0,4.45,6.4,0.547,0.46,0.125,0.145,0.312,1.105,0.251,0.692,0.522,0.501,0.12,0.14,0.301,1.161,0.273,0.717
Baylor_2017,Southern_California_2017,1,11.87,6.4,0.53,0.462,0.152,0.135,0.339,0.973,0.244,0.713,0.522,0.501,0.12,0.14,0.301,1.161,0.273,0.717
North_Carolina_2017,Texas_Southern_2017,1,11.76,-7.81,0.519,0.48,0.118,0.148,0.36,0.887,0.244,0.725,0.481,0.491,0.123,0.145,0.327,1.031,0.326,0.683
Duke_2017,Troy_2017,1,10.91,-3.36,0.548,0.475,0.124,0.133,0.291,1.219,0.299,0.71,0.528,0.495,0.133,0.138,0.3,1.165,0.285,0.72
Kentucky_2017,UCLA_2017,1,10.49,6.39,0.529,0.475,0.116,0.15,0.311,1.109,0.288,0.676,0.598,0.487,0.121,0.125,0.247,1.52,0.198,0.679
Northwestern_2017,Vanderbilt_2017,1,8.43,10.72,0.497,0.461,0.123,0.135,0.296,1.189,0.227,0.669,0.521,0.481,0.144,0.125,0.237,1.612,0.271,0.699
Purdue_2017,Vermont_2017,1,8.79,-3.27,0.557,0.477,0.143,0.135,0.26,1.422,0.252,0.707,0.554,0.475,0.133,0.158,0.273,1.328,0.239,0.705
Saint_Mary's_(CA)_2017,Virginia_Commonwealth_2017,1,2.19,3.77,0.578,0.453,0.137,0.123,0.269,1.36,0.207,0.691,0.51,0.475,0.135,0.162,0.303,1.152,0.257,0.697
Wisconsin_2017,Virginia_Tech_2017,1,9.4,8.38,0.521,0.476,0.126,0.156,0.334,0.997,0.212,0.739,0.569,0.51,0.135,0.129,0.225,1.725,0.301,0.717
Florida_2017,Virginia_2017,1,11.01,10.93,0.516,0.458,0.127,0.161,0.313,1.1,0.293,0.706,0.524,0.461,0.124,0.163,0.265,1.384,0.184,0.699
Gonzaga_2017,West_Virginia_2017,1,4.13,9.67,0.567,0.411,0.124,0.135,0.238,1.599,0.28,0.658,0.513,0.488,0.123,0.21,0.385,0.799,0.266,0.683
Kentucky_2017,Wichita_State_2017,1,10.49,2.96,0.529,0.475,0.116,0.15,0.311,1.109,0.288,0.676,0.543,0.437,0.121,0.152,0.294,1.2,0.294,0.692
Dayton_2017,Wichita_State_2017,0,4.27,2.96,0.538,0.477,0.129,0.167,0.253,1.48,0.301,0.707,0.543,0.437,0.121,0.152,0.294,1.2,0.294,0.692
Butler_2017,Winthrop_2017,1,10.23,-6.12,0.546,0.508,0.117,0.152,0.263,1.401,0.275,0.697,0.535,0.463,0.138,0.148,0.258,1.437,0.266,0.722
Villanova_2017,Wisconsin_2017,0,9.28,9.4,0.575,0.481,0.133,0.162,0.262,1.411,0.276,0.703,0.521,0.476,0.126,0.156,0.334,0.997,0.212,0.739
Maryland_2017,Xavier_2017,0,8.29,11.51,0.523,0.471,0.142,0.141,0.299,1.171,0.278,0.703,0.519,0.516,0.136,0.137,0.318,1.071,0.283,0.698
Gonzaga_2017,Xavier_2017,1,4.13,11.51,0.567,0.411,0.124,0.135,0.238,1.599,0.28,0.658,0.519,0.516,0.136,0.137,0.318,1.071,0.283,0.698
Florida_State_2017,Xavier_2017,0,8.87,11.51,0.537,0.479,0.123,0.149,0.309,1.119,0.265,0.715,0.519,0.516,0.136,0.137,0.318,1.071,0.283,0.698
Arizona_2017,Xavier_2017,0,7.63,11.51,0.537,0.477,0.125,0.137,0.28,1.287,0.31,0.684,0.519,0.516,0.136,0.137,0.318,1.071,0.283,0.698
Virginia_Commonwealth_2013,Akron_2013,1,4.47,0.18,0.513,0.499,0.123,0.217,0.415,0.706,0.209,0.683,0.516,0.443,0.152,0.154,0.371,0.847,0.233,0.714
Duke_2013,Albany_(NY)_2013,1,9.54,-4.53,0.539,0.455,0.119,0.156,0.301,1.16,0.289,0.724,0.496,0.483,0.16,0.156,0.338,0.981,0.295,0.656
Ohio_State_2013,Arizona_2013,1,9.32,7.47,0.506,0.454,0.119,0.162,0.31,1.112,0.251,0.716,0.525,0.466,0.147,0.155,0.335,0.991,0.28,0.711
Harvard_2013,Arizona_2013,0,0.16,7.47,0.542,0.488,0.158,0.163,0.275,1.317,0.354,0.726,0.525,0.466,0.147,0.155,0.335,0.991,0.28,0.711
Arizona_2013,Belmont_2013,1,7.47,-0.96,0.525,0.466,0.147,0.155,0.335,0.991,0.28,0.711,0.567,0.477,0.152,0.192,0.317,1.078,0.24,0.708
Butler_2013,Bucknell_2013,1,6.08,-1.96,0.512,0.468,0.151,0.134,0.345,0.947,0.268,0.703,0.496,0.425,0.115,0.113,0.27,1.354,0.268,0.705
Marquette_2013,Butler_2013,1,8.58,6.08,0.496,0.462,0.153,0.148,0.375,0.835,0.299,0.682,0.512,0.468,0.151,0.134,0.345,0.947,0.268,0.703
Syracuse_2013,University_of_California_2013,1,8.57,7.77,0.49,0.426,0.136,0.174,0.406,0.732,0.248,0.673,0.48,0.443,0.145,0.127,0.318,1.071,0.223,0.688
Nevada-Las_Vegas_2013,University_of_California_2013,0,5.71,7.77,0.492,0.439,0.15,0.147,0.326,1.032,0.262,0.693,0.48,0.443,0.145,0.127,0.318,1.071,0.223,0.688
Creighton_2013,Cincinnati_2013,1,5.16,6.93,0.582,0.459,0.149,0.126,0.256,1.453,0.26,0.681,0.462,0.433,0.14,0.155,0.4,0.749,0.229,0.665
Louisville_2013,Colorado_State_2013,1,9.13,5.89,0.506,0.448,0.133,0.206,0.383,0.804,0.283,0.658,0.495,0.477,0.121,0.131,0.38,0.815,0.312,0.685
Illinois_2013,Colorado_2013,1,10.08,7.95,0.479,0.485,0.131,0.164,0.389,0.786,0.225,0.702,0.483,0.459,0.148,0.151,0.335,0.992,0.281,0.693
Duke_2013,Creighton_2013,1,9.54,5.16,0.539,0.455,0.119,0.156,0.301,1.16,0.289,0.724,0.582,0.459,0.149,0.126,0.256,1.453,0.26,0.681
Marquette_2013,Davidson_2013,1,8.58,-3.45,0.496,0.462,0.153,0.148,0.375,0.835,0.299,0.682,0.532,0.452,0.128,0.144,0.292,1.212,0.309,0.717
Louisville_2013,Duke_2013,1,9.13,9.54,0.506,0.448,0.133,0.206,0.383,0.804,0.283,0.658,0.539,0.455,0.119,0.156,0.301,1.16,0.289,0.724
Georgetown_2013,Florida_Gulf_Coast_2013,0,7.59,-2.07,0.511,0.43,0.155,0.169,0.31,1.114,0.25,0.667,0.521,0.465,0.161,0.17,0.336,0.988,0.235,0.688
Michigan_2013,Florida_2013,1,10.05,6.83,0.549,0.478,0.113,0.147,0.334,0.998,0.199,0.682,0.552,0.433,0.132,0.175,0.323,1.047,0.21,0.651
Florida_Gulf_Coast_2013,Florida_2013,0,-2.07,6.83,0.521,0.465,0.161,0.17,0.336,0.988,0.235,0.688,0.552,0.433,0.132,0.175,0.323,1.047,0.21,0.651
New_Mexico_2013,Harvard_2013,0,6.63,0.16,0.484,0.459,0.132,0.154,0.298,1.176,0.329,0.674,0.542,0.488,0.158,0.163,0.275,1.317,0.354,0.726
Miami_(FL)_2013,Illinois_2013,1,7.88,10.08,0.519,0.457,0.125,0.143,0.303,1.151,0.236,0.649,0.479,0.485,0.131,0.164,0.389,0.786,0.225,0.702
Ohio_State_2013,Iona_2013,1,9.32,-0.02,0.506,0.454,0.119,0.162,0.31,1.112,0.251,0.716,0.521,0.516,0.131,0.147,0.361,0.885,0.255,0.668
Ohio_State_2013,Iowa_State_2013,1,9.32,6.13,0.506,0.454,0.119,0.162,0.31,1.112,0.251,0.716,0.538,0.48,0.141,0.144,0.341,0.967,0.241,0.723
Notre_Dame_2013,Iowa_State_2013,0,7.22,6.13,0.522,0.468,0.134,0.125,0.338,0.981,0.227,0.69,0.538,0.48,0.141,0.144,0.341,0.967,0.241,0.723
Indiana_2013,James_Madison_2013,1,8.38,-2.28,0.548,0.44,0.14,0.161,0.346,0.946,0.341,0.707,0.476,0.487,0.131,0.159,0.343,0.958,0.257,0.695
Wichita_State_2013,La_Salle_2013,1,6.09,4.46,0.5,0.453,0.143,0.153,0.378,0.823,0.255,0.714,0.519,0.493,0.133,0.165,0.347,0.943,0.231,0.682
Kansas_State_2013,La_Salle_2013,0,6.53,4.46,0.495,0.466,0.133,0.168,0.41,0.718,0.216,0.687,0.519,0.493,0.133,0.165,0.347,0.943,0.231,0.682
Syracuse_2013,Marquette_2013,1,8.57,8.58,0.49,0.426,0.136,0.174,0.406,0.732,0.248,0.673,0.496,0.462,0.153,0.148,0.375,0.835,0.299,0.682
Miami_(FL)_2013,Marquette_2013,0,7.88,8.58,0.519,0.457,0.125,0.143,0.303,1.151,0.236,0.649,0.496,0.462,0.153,0.148,0.375,0.835,0.299,0.682
Michigan_State_2013,Memphis_2013,1,10.55,2.7,0.505,0.441,0.157,0.148,0.339,0.974,0.264,0.667,0.524,0.455,0.155,0.168,0.352,0.919,0.246,0.677
Duke_2013,Michigan_State_2013,1,9.54,10.55,0.539,0.455,0.119,0.156,0.301,1.16,0.289,0.724,0.505,0.441,0.157,0.148,0.339,0.974,0.264,0.667
Louisville_2013,Michigan_2013,1,9.13,10.05,0.506,0.448,0.133,0.206,0.383,0.804,0.283,0.658,0.549,0.478,0.113,0.147,0.334,0.998,0.199,0.682
Kansas_2013,Michigan_2013,0,7.54,10.05,0.533,0.415,0.153,0.14,0.295,1.197,0.291,0.687,0.549,0.478,0.113,0.147,0.334,0.998,0.199,0.682
UCLA_2013,Minnesota_2013,0,7.82,10.31,0.491,0.475,0.121,0.153,0.332,1.005,0.24,0.665,0.493,0.456,0.152,0.15,0.422,0.684,0.285,0.694
Florida_2013,Minnesota_2013,1,6.83,10.31,0.552,0.433,0.132,0.175,0.323,1.047,0.21,0.651,0.493,0.456,0.152,0.15,0.422,0.684,0.285,0.694
Wisconsin_2013,Mississippi_2013,0,9.73,4.14,0.486,0.43,0.116,0.142,0.334,0.999,0.188,0.689,0.491,0.464,0.113,0.166,0.373,0.842,0.263,0.664
La_Salle_2013,Mississippi_2013,1,4.46,4.14,0.519,0.493,0.133,0.165,0.347,0.943,0.231,0.682,0.491,0.464,0.113,0.166,0.373,0.842,0.263,0.664
Colorado_State_2013,Missouri_2013,1,5.89,6,0.495,0.477,0.121,0.131,0.38,0.815,0.312,0.685,0.512,0.461,0.14,0.136,0.359,0.894,0.261,0.686
Syracuse_2013,Montana_2013,1,8.57,-4.21,0.49,0.426,0.136,0.174,0.406,0.732,0.248,0.673,0.532,0.481,0.146,0.142,0.274,1.325,0.305,0.71
Saint_Louis_2013,New_Mexico_State_2013,1,4.28,0.7,0.504,0.455,0.128,0.182,0.297,1.186,0.31,0.654,0.493,0.45,0.159,0.145,0.347,0.939,0.303,0.715
Louisville_2013,North_Carolina_A&T_2013,1,9.13,-6.3,0.506,0.448,0.133,0.206,0.383,0.804,0.283,0.658,0.458,0.449,0.171,0.175,0.332,1.006,0.276,0.653
Kansas_2013,North_Carolina_2013,1,7.54,8.01,0.533,0.415,0.153,0.14,0.295,1.197,0.291,0.687,0.499,0.48,0.127,0.169,0.381,0.812,0.19,0.702
Florida_2013,Northwestern_State_2013,1,6.83,-3.77,0.552,0.433,0.132,0.175,0.323,1.047,0.21,0.651,0.505,0.469,0.139,0.166,0.384,0.802,0.265,0.627
Wichita_State_2013,Ohio_State_2013,1,6.09,9.32,0.5,0.453,0.143,0.153,0.378,0.823,0.255,0.714,0.506,0.454,0.119,0.162,0.31,1.112,0.251,0.716
San_Diego_State_2013,Oklahoma_2013,1,6.19,7.09,0.491,0.446,0.136,0.149,0.329,1.021,0.248,0.678,0.478,0.474,0.131,0.15,0.354,0.914,0.268,0.694
Saint_Louis_2013,Oregon_2013,0,4.28,5.77,0.504,0.455,0.128,0.182,0.297,1.186,0.31,0.654,0.493,0.464,0.16,0.173,0.351,0.925,0.27,0.676
Oklahoma_State_2013,Oregon_2013,0,6.73,5.77,0.488,0.445,0.136,0.165,0.319,1.068,0.302,0.687,0.493,0.464,0.16,0.173,0.351,0.925,0.27,0.676
Louisville_2013,Oregon_2013,1,9.13,5.77,0.506,0.448,0.133,0.206,0.383,0.804,0.283,0.658,0.493,0.464,0.16,0.173,0.351,0.925,0.27,0.676
Miami_(FL)_2013,Pacific_2013,1,7.88,1.05,0.519,0.457,0.125,0.143,0.303,1.151,0.236,0.649,0.509,0.49,0.134,0.154,0.321,1.057,0.256,0.712
Memphis_2013,Saint_Mary's_(CA)_2013,1,2.7,3.31,0.524,0.455,0.155,0.168,0.352,0.919,0.246,0.677,0.54,0.473,0.136,0.141,0.352,0.921,0.267,0.72
Florida_Gulf_Coast_2013,San_Diego_State_2013,1,-2.07,6.19,0.521,0.465,0.161,0.17,0.336,0.988,0.235,0.688,0.491,0.446,0.136,0.149,0.329,1.021,0.248,0.678
Michigan_2013,South_Dakota_State_2013,1,10.05,-3.27,0.549,0.478,0.113,0.147,0.334,0.998,0.199,0.682,0.539,0.506,0.125,0.138,0.294,1.199,0.247,0.695
Gonzaga_2013,Southern_2013,1,4.18,-10.31,0.555,0.449,0.127,0.163,0.342,0.961,0.283,0.679,0.497,0.411,0.128,0.156,0.278,1.297,0.27,0.673
Michigan_2013,Syracuse_2013,1,10.05,8.57,0.549,0.478,0.113,0.147,0.334,0.998,0.199,0.682,0.49,0.426,0.136,0.174,0.406,0.732,0.248,0.673
Indiana_2013,Syracuse_2013,0,8.38,8.57,0.548,0.44,0.14,0.161,0.346,0.946,0.341,0.707,0.49,0.426,0.136,0.174,0.406,0.732,0.248,0.673
North_Carolina_2013,Temple_2013,0,8.01,5.2,0.499,0.48,0.127,0.169,0.381,0.812,0.19,0.702,0.49,0.49,0.12,0.155,0.36,0.887,0.257,0.724
Indiana_2013,Temple_2013,1,8.38,5.2,0.548,0.44,0.14,0.161,0.346,0.946,0.341,0.707,0.49,0.49,0.12,0.155,0.36,0.887,0.257,0.724
Michigan_State_2013,Valparaiso_2013,1,10.55,-1.13,0.505,0.441,0.157,0.148,0.339,0.974,0.264,0.667,0.559,0.459,0.168,0.153,0.301,1.163,0.307,0.721
North_Carolina_2013,Villanova_2013,1,8.01,8.53,0.499,0.48,0.127,0.169,0.381,0.812,0.19,0.702,0.474,0.472,0.167,0.169,0.343,0.957,0.363,0.68
Michigan_2013,Virginia_Commonwealth_2013,1,10.05,4.47,0.549,0.478,0.113,0.147,0.334,0.998,0.199,0.682,0.513,0.499,0.123,0.217,0.415,0.706,0.209,0.683
Kansas_2013,Western_Kentucky_2013,1,7.54,-1.14,0.533,0.415,0.153,0.14,0.295,1.197,0.291,0.687,0.485,0.475,0.165,0.158,0.366,0.865,0.26,0.695
Pittsburgh_2013,Wichita_State_2013,0,5.63,6.09,0.517,0.446,0.13,0.169,0.398,0.755,0.251,0.723,0.5,0.453,0.143,0.153,0.378,0.823,0.255,0.714
Louisville_2013,Wichita_State_2013,1,9.13,6.09,0.506,0.448,0.133,0.206,0.383,0.804,0.283,0.658,0.5,0.453,0.143,0.153,0.378,0.823,0.255,0.714
Gonzaga_2013,Wichita_State_2013,0,4.18,6.09,0.555,0.449,0.127,0.163,0.342,0.961,0.283,0.679,0.5,0.453,0.143,0.153,0.378,0.823,0.255,0.714
Florida_2014,Albany_(NY)_2014,1,8.54,-5.22,0.522,0.454,0.125,0.167,0.316,1.085,0.283,0.693,0.488,0.483,0.148,0.143,0.292,1.213,0.315,0.723
Wisconsin_2014,American_2014,1,10.19,-3.25,0.533,0.472,0.096,0.12,0.266,1.378,0.318,0.722,0.558,0.464,0.184,0.148,0.235,1.625,0.248,0.679
Texas_2014,Arizona_State_2014,1,9.15,7.41,0.474,0.465,0.124,0.121,0.364,0.872,0.291,0.692,0.524,0.463,0.125,0.128,0.24,1.585,0.295,0.648
Wisconsin_2014,Baylor_2014,1,10.19,10.11,0.533,0.472,0.096,0.12,0.266,1.378,0.318,0.722,0.521,0.485,0.126,0.121,0.361,0.887,0.306,0.676
Creighton_2014,Baylor_2014,0,7.17,10.11,0.589,0.485,0.117,0.114,0.246,1.534,0.252,0.694,0.521,0.485,0.126,0.121,0.361,0.887,0.306,0.676
Oregon_2014,Brigham_Young_2014,1,8.05,5.72,0.535,0.491,0.12,0.14,0.307,1.128,0.338,0.709,0.503,0.489,0.109,0.129,0.323,1.046,0.334,0.712
Wichita_State_2014,Cal_Poly_2014,1,1.74,1.69,0.526,0.446,0.116,0.144,0.303,1.148,0.342,0.65,0.466,0.488,0.11,0.138,0.344,0.954,0.224,0.723
Virginia_2014,Coastal_Carolina_2014,1,7.86,-6.31,0.508,0.442,0.119,0.143,0.289,1.231,0.283,0.662,0.491,0.471,0.148,0.142,0.325,1.039,0.266,0.693
Villanova_2014,Connecticut_2014,0,7.5,8.63,0.536,0.463,0.128,0.152,0.3,1.166,0.318,0.707,0.515,0.446,0.132,0.145,0.279,1.295,0.298,0.664
Michigan_State_2014,Connecticut_2014,0,9.38,8.63,0.545,0.458,0.13,0.135,0.282,1.272,0.239,0.73,0.515,0.446,0.132,0.145,0.279,1.295,0.298,0.664
Florida_2014,Connecticut_2014,0,8.54,8.63,0.522,0.454,0.125,0.167,0.316,1.085,0.283,0.693,0.515,0.446,0.132,0.145,0.279,1.295,0.298,0.664
Syracuse_2014,Dayton_2014,0,7.25,5.34,0.482,0.48,0.106,0.166,0.372,0.845,0.27,0.668,0.524,0.488,0.135,0.142,0.321,1.057,0.277,0.708
Stanford_2014,Dayton_2014,0,9,5.34,0.513,0.48,0.126,0.131,0.276,1.311,0.316,0.716,0.524,0.488,0.135,0.142,0.321,1.057,0.277,0.708
Ohio_State_2014,Dayton_2014,0,8.12,5.34,0.503,0.452,0.129,0.171,0.291,1.215,0.291,0.711,0.524,0.488,0.135,0.142,0.321,1.057,0.277,0.708
Florida_2014,Dayton_2014,1,8.54,5.34,0.522,0.454,0.125,0.167,0.316,1.085,0.283,0.693,0.524,0.488,0.135,0.142,0.321,1.057,0.277,0.708
Michigan_State_2014,Delaware_2014,1,9.38,-1.1,0.545,0.458,0.13,0.135,0.282,1.272,0.239,0.73,0.504,0.494,0.099,0.125,0.305,1.142,0.312,0.694
Kansas_2014,Eastern_Kentucky_2014,1,11.4,-4.34,0.542,0.471,0.139,0.122,0.311,1.106,0.343,0.678,0.574,0.549,0.121,0.186,0.275,1.319,0.331,0.706
Memphis_2014,George_Washington_2014,1,7.14,4.42,0.522,0.482,0.138,0.153,0.337,0.985,0.257,0.648,0.515,0.472,0.139,0.149,0.321,1.06,0.304,0.666
Arizona_2014,Gonzaga_2014,1,9.04,5.36,0.517,0.423,0.114,0.147,0.321,1.058,0.27,0.716,0.56,0.448,0.132,0.131,0.266,1.382,0.286,0.71
Michigan_State_2014,Harvard_2014,1,9.38,-0.47,0.545,0.458,0.13,0.135,0.282,1.272,0.239,0.73,0.519,0.458,0.127,0.168,0.307,1.13,0.347,0.71
Cincinnati_2014,Harvard_2014,0,5.28,-0.47,0.477,0.448,0.126,0.17,0.373,0.839,0.274,0.675,0.519,0.458,0.127,0.168,0.307,1.13,0.347,0.71
Connecticut_2014,Iowa_State_2014,1,8.63,9.88,0.515,0.446,0.132,0.145,0.279,1.295,0.298,0.664,0.542,0.477,0.111,0.123,0.27,1.349,0.252,0.732
Kentucky_2014,Kansas_State_2014,1,9.9,8.47,0.5,0.46,0.123,0.121,0.35,0.93,0.353,0.69,0.488,0.453,0.135,0.139,0.344,0.953,0.264,0.684
Wisconsin_2014,Kentucky_2014,0,10.19,9.9,0.533,0.472,0.096,0.12,0.266,1.378,0.318,0.722,0.5,0.46,0.123,0.121,0.35,0.93,0.353,0.69
Wichita_State_2014,Kentucky_2014,0,1.74,9.9,0.526,0.446,0.116,0.144,0.303,1.148,0.342,0.65,0.5,0.46,0.123,0.121,0.35,0.93,0.353,0.69
Connecticut_2014,Kentucky_2014,1,8.63,9.9,0.515,0.446,0.132,0.145,0.279,1.295,0.298,0.664,0.5,0.46,0.123,0.121,0.35,0.93,0.353,0.69
Creighton_2014,Louisiana_2014,1,7.17,-0.28,0.589,0.485,0.117,0.114,0.246,1.534,0.252,0.694,0.522,0.497,0.131,0.142,0.349,0.932,0.288,0.694
Kentucky_2014,Louisville_2014,1,9.9,4.8,0.5,0.46,0.123,0.121,0.35,0.93,0.353,0.69,0.535,0.439,0.11,0.189,0.36,0.888,0.272,0.681
Louisville_2014,Manhattan_2014,1,4.8,-0.9,0.535,0.439,0.11,0.189,0.36,0.888,0.272,0.681,0.507,0.454,0.141,0.157,0.336,0.987,0.368,0.7
Virginia_2014,Memphis_2014,1,7.86,7.14,0.508,0.442,0.119,0.143,0.289,1.231,0.283,0.662,0.522,0.482,0.138,0.153,0.337,0.985,0.257,0.648
Duke_2014,Mercer_2014,0,8.48,-3.42,0.538,0.493,0.105,0.14,0.34,0.972,0.283,0.693,0.547,0.459,0.128,0.139,0.304,1.144,0.282,0.699
Virginia_2014,Michigan_State_2014,0,7.86,9.38,0.508,0.442,0.119,0.143,0.289,1.231,0.283,0.662,0.545,0.458,0.13,0.135,0.282,1.272,0.239,0.73
Kentucky_2014,Michigan_2014,1,9.9,9.65,0.5,0.46,0.123,0.121,0.35,0.93,0.353,0.69,0.557,0.494,0.112,0.134,0.272,1.335,0.266,0.731
Villanova_2014,Milwaukee_2014,1,7.5,-0.44,0.536,0.463,0.128,0.152,0.3,1.166,0.318,0.707,0.493,0.488,0.147,0.142,0.29,1.223,0.32,0.745
Baylor_2014,Nebraska_2014,1,10.11,8.5,0.521,0.485,0.126,0.121,0.361,0.887,0.306,0.676,0.483,0.476,0.127,0.142,0.263,1.405,0.303,0.681
San_Diego_State_2014,New_Mexico_State_2014,1,4.86,-2.58,0.481,0.431,0.109,0.163,0.345,0.951,0.298,0.675,0.539,0.438,0.134,0.121,0.318,1.072,0.368,0.732
Iowa_State_2014,North_Carolina_Central_2014,1,9.88,-8.03,0.542,0.477,0.111,0.123,0.27,1.349,0.252,0.732,0.513,0.435,0.126,0.177,0.337,0.985,0.347,0.692
Saint_Louis_2014,North_Carolina_2014,1,4.24,8.42,0.494,0.44,0.141,0.16,0.28,1.284,0.281,0.686,0.499,0.47,0.121,0.144,0.358,0.898,0.268,0.67
Iowa_State_2014,North_Carolina_2014,1,9.88,8.42,0.542,0.477,0.111,0.123,0.27,1.349,0.252,0.732,0.499,0.47,0.121,0.144,0.358,0.898,0.268,0.67
San_Diego_State_2014,North_Dakota_State_2014,1,4.86,-0.02,0.481,0.431,0.109,0.163,0.345,0.951,0.298,0.675,0.555,0.487,0.116,0.138,0.284,1.261,0.307,0.75
Oklahoma_2014,North_Dakota_State_2014,0,8.97,-0.02,0.517,0.497,0.117,0.135,0.32,1.06,0.295,0.715,0.555,0.487,0.116,0.138,0.284,1.261,0.307,0.75
Gonzaga_2014,Oklahoma_State_2014,1,5.36,8.34,0.56,0.448,0.132,0.131,0.266,1.382,0.286,0.71,0.524,0.463,0.109,0.149,0.276,1.312,0.357,0.687
Wisconsin_2014,Oregon_2014,1,10.19,8.05,0.533,0.472,0.096,0.12,0.266,1.378,0.318,0.722,0.535,0.491,0.12,0.14,0.307,1.128,0.338,0.709
Florida_2014,Pittsburgh_2014,1,8.54,7.54,0.522,0.454,0.125,0.167,0.316,1.085,0.283,0.693,0.507,0.467,0.117,0.147,0.335,0.994,0.315,0.707
Colorado_2014,Pittsburgh_2014,0,8.8,7.54,0.483,0.494,0.144,0.14,0.307,1.127,0.346,0.703,0.507,0.467,0.117,0.147,0.335,0.994,0.315,0.707
North_Carolina_2014,Providence_2014,1,8.42,7.85,0.499,0.47,0.121,0.144,0.358,0.898,0.268,0.67,0.483,0.489,0.126,0.124,0.338,0.979,0.328,0.689
Connecticut_2014,Saint_Joseph's_2014,1,8.63,5.08,0.515,0.446,0.132,0.145,0.279,1.295,0.298,0.664,0.539,0.478,0.137,0.118,0.262,1.409,0.281,0.693
Louisville_2014,Saint_Louis_2014,1,4.8,4.24,0.535,0.439,0.11,0.189,0.36,0.888,0.272,0.681,0.494,0.44,0.141,0.16,0.28,1.284,0.281,0.686
Arizona_2014,San_Diego_State_2014,1,9.04,4.86,0.517,0.423,0.114,0.147,0.321,1.058,0.27,0.716,0.481,0.431,0.109,0.163,0.345,0.951,0.298,0.675
New_Mexico_2014,Stanford_2014,0,4.84,9,0.511,0.45,0.117,0.114,0.278,1.3,0.338,0.725,0.513,0.48,0.126,0.131,0.276,1.311,0.316,0.716
Kansas_2014,Stanford_2014,0,11.4,9,0.542,0.471,0.139,0.122,0.311,1.106,0.343,0.678,0.513,0.48,0.126,0.131,0.276,1.311,0.316,0.716
Virginia_Commonwealth_2014,Stephen_F._Austin_2014,0,4.78,-6.76,0.479,0.478,0.125,0.196,0.364,0.875,0.237,0.668,0.525,0.499,0.123,0.183,0.38,0.815,0.286,0.689
UCLA_2014,Stephen_F._Austin_2014,1,7.62,-6.76,0.541,0.499,0.111,0.156,0.281,1.277,0.286,0.676,0.525,0.499,0.123,0.183,0.38,0.815,0.286,0.689
Michigan_2014,Tennessee_2014,1,9.65,7.84,0.557,0.494,0.112,0.134,0.272,1.335,0.266,0.731,0.503,0.462,0.118,0.132,0.352,0.921,0.299,0.705
Mercer_2014,Tennessee_2014,0,-3.42,7.84,0.547,0.459,0.128,0.139,0.304,1.144,0.282,0.699,0.503,0.462,0.118,0.132,0.352,0.921,0.299,0.705
Massachusetts_2014,Tennessee_2014,0,6,7.84,0.504,0.466,0.14,0.14,0.319,1.068,0.268,0.675,0.503,0.462,0.118,0.132,0.352,0.921,0.299,0.705
Michigan_2014,Texas_2014,1,9.65,9.15,0.557,0.494,0.112,0.134,0.272,1.335,0.266,0.731,0.474,0.465,0.124,0.121,0.364,0.872,0.291,0.692
UCLA_2014,Tulsa_2014,1,7.62,1.17,0.541,0.499,0.111,0.156,0.281,1.277,0.286,0.676,0.492,0.464,0.124,0.15,0.299,1.173,0.318,0.689
Florida_2014,UCLA_2014,1,8.54,7.62,0.522,0.454,0.125,0.167,0.316,1.085,0.283,0.693,0.541,0.499,0.111,0.156,0.281,1.277,0.286,0.676
Arizona_2014,Weber_State_2014,1,9.04,-4.23,0.517,0.423,0.114,0.147,0.321,1.058,0.27,0.716,0.547,0.465,0.142,0.11,0.249,1.509,0.369,0.703
Syracuse_2014,Western_Michigan_2014,1,7.25,-1.45,0.482,0.48,0.106,0.166,0.372,0.845,0.27,0.668,0.52,0.47,0.154,0.141,0.283,1.269,0.368,0.713
Arizona_2014,Wisconsin_2014,0,9.04,10.19,0.517,0.423,0.114,0.147,0.321,1.058,0.27,0.716,0.533,0.472,0.096,0.12,0.266,1.378,0.318,0.722
Michigan_2014,Wofford_2014,1,9.65,-5.95,0.557,0.494,0.112,0.134,0.272,1.335,0.266,0.731,0.502,0.489,0.128,0.156,0.323,1.048,0.218,0.678
Notre_Dame_2011,Akron_2011,1,8.43,-1.02,0.535,0.467,0.12,0.123,0.294,1.199,0.327,0.71,0.499,0.464,0.137,0.156,0.293,1.205,0.22,0.66
Texas_2011,Arizona_2011,0,7.96,7.99,0.502,0.426,0.124,0.143,0.34,0.97,0.282,0.685,0.541,0.486,0.14,0.141,0.309,1.116,0.325,0.678
Duke_2011,Arizona_2011,0,8.32,7.99,0.537,0.445,0.128,0.16,0.319,1.068,0.282,0.65,0.541,0.486,0.14,0.141,0.309,1.116,0.325,0.678
Wisconsin_2011,Belmont_2011,1,9.42,-4.42,0.518,0.482,0.099,0.131,0.326,1.032,0.241,0.744,0.542,0.461,0.145,0.205,0.359,0.895,0.281,0.679
Kansas_2011,Boston_University_2011,1,7.62,-3.85,0.57,0.445,0.142,0.156,0.304,1.143,0.267,0.73,0.473,0.46,0.14,0.134,0.331,1.008,0.272,0.704
Florida_2011,Brigham_Young_2011,1,7.57,5.76,0.521,0.472,0.138,0.148,0.337,0.982,0.239,0.672,0.518,0.465,0.114,0.156,0.295,1.196,0.292,0.689
Connecticut_2011,Bucknell_2011,1,10.44,-3.87,0.482,0.445,0.125,0.131,0.351,0.926,0.258,0.68,0.509,0.454,0.132,0.136,0.235,1.628,0.269,0.697
Virginia_Commonwealth_2011,Butler_2011,0,3.78,5.02,0.511,0.492,0.129,0.165,0.331,1.009,0.264,0.678,0.501,0.481,0.125,0.146,0.322,1.051,0.273,0.672
Pittsburgh_2011,Butler_2011,0,7.85,5.02,0.529,0.451,0.129,0.134,0.356,0.904,0.289,0.676,0.501,0.481,0.125,0.146,0.322,1.051,0.273,0.672
Connecticut_2011,Butler_2011,1,10.44,5.02,0.482,0.445,0.125,0.131,0.351,0.926,0.258,0.68,0.501,0.481,0.125,0.146,0.322,1.051,0.273,0.672
Florida_2011,UC-Santa_Barbara_2011,1,7.57,0.12,0.521,0.472,0.138,0.148,0.337,0.982,0.239,0.672,0.523,0.473,0.169,0.151,0.267,1.374,0.281,0.701
Connecticut_2011,Cincinnati_2011,1,10.44,6.1,0.482,0.445,0.125,0.131,0.351,0.926,0.258,0.68,0.494,0.458,0.13,0.169,0.367,0.862,0.256,0.703
West_Virginia_2011,Clemson_2011,1,11.03,6.58,0.485,0.459,0.134,0.137,0.382,0.808,0.291,0.696,0.503,0.456,0.151,0.175,0.326,1.033,0.27,0.71
San_Diego_State_2011,Connecticut_2011,0,6.36,10.44,0.515,0.444,0.126,0.152,0.338,0.979,0.213,0.72,0.482,0.445,0.125,0.131,0.351,0.926,0.258,0.68
Kentucky_2011,Connecticut_2011,0,8.91,10.44,0.523,0.442,0.12,0.138,0.313,1.096,0.257,0.723,0.482,0.445,0.125,0.131,0.351,0.926,0.258,0.68
Arizona_2011,Connecticut_2011,0,7.99,10.44,0.541,0.486,0.14,0.141,0.309,1.116,0.325,0.678,0.482,0.445,0.125,0.131,0.351,0.926,0.258,0.68
Texas_A&M_2011,Florida_State_2011,0,5.94,6.45,0.494,0.465,0.145,0.16,0.345,0.948,0.324,0.688,0.49,0.424,0.171,0.165,0.317,1.078,0.253,0.695
Notre_Dame_2011,Florida_State_2011,0,8.43,6.45,0.535,0.467,0.12,0.123,0.294,1.199,0.327,0.71,0.49,0.424,0.171,0.165,0.317,1.078,0.253,0.695
Butler_2011,Florida_2011,1,5.02,7.57,0.501,0.481,0.125,0.146,0.322,1.051,0.273,0.672,0.521,0.472,0.138,0.148,0.337,0.982,0.239,0.672
Ohio_State_2011,George_Mason_2011,1,8.38,1.37,0.563,0.483,0.117,0.188,0.328,1.024,0.26,0.737,0.532,0.466,0.127,0.157,0.306,1.132,0.266,0.679
Washington_2011,Georgia_2011,1,7.74,6.13,0.537,0.464,0.125,0.151,0.357,0.901,0.212,0.68,0.495,0.448,0.151,0.136,0.327,1.027,0.255,0.699
St._John's_(NY)_2011,Gonzaga_2011,0,10.01,4.01,0.495,0.508,0.138,0.182,0.331,1.008,0.314,0.702,0.531,0.469,0.147,0.16,0.303,1.151,0.317,0.704
Brigham_Young_2011,Gonzaga_2011,1,5.76,4.01,0.518,0.465,0.114,0.156,0.295,1.196,0.292,0.689,0.531,0.469,0.147,0.16,0.303,1.151,0.317,0.704
Duke_2011,Hampton_2011,1,8.32,-8.77,0.537,0.445,0.128,0.16,0.319,1.068,0.282,0.65,0.463,0.432,0.137,0.169,0.314,1.094,0.267,0.674
Nevada-Las_Vegas_2011,Illinois_2011,0,6,11.11,0.509,0.46,0.139,0.18,0.32,1.064,0.27,0.697,0.529,0.457,0.151,0.139,0.29,1.222,0.206,0.723
Kansas_2011,Illinois_2011,1,7.62,11.11,0.57,0.445,0.142,0.156,0.304,1.143,0.267,0.73,0.529,0.457,0.151,0.139,0.29,1.222,0.206,0.723
Syracuse_2011,Indiana_State_2011,1,8.79,2.9,0.528,0.455,0.138,0.159,0.328,1.024,0.239,0.667,0.494,0.462,0.162,0.149,0.3,1.165,0.268,0.719
Wisconsin_2011,Kansas_State_2011,1,9.42,8.41,0.518,0.482,0.099,0.131,0.326,1.032,0.241,0.744,0.499,0.471,0.153,0.169,0.383,0.806,0.28,0.709
Ohio_State_2011,Kentucky_2011,0,8.38,8.91,0.563,0.483,0.117,0.188,0.328,1.024,0.26,0.737,0.523,0.442,0.12,0.138,0.313,1.096,0.257,0.723
North_Carolina_2011,Long_Island_University_2011,1,10.15,-5.77,0.492,0.462,0.134,0.153,0.333,1.003,0.255,0.659,0.519,0.483,0.144,0.154,0.348,0.938,0.321,0.66
Xavier_2011,Marquette_2011,0,4.41,8.51,0.512,0.465,0.136,0.146,0.29,1.223,0.332,0.73,0.51,0.499,0.131,0.157,0.344,0.954,0.308,0.66
Syracuse_2011,Marquette_2011,0,8.79,8.51,0.528,0.455,0.138,0.159,0.328,1.024,0.239,0.667,0.51,0.499,0.131,0.157,0.344,0.954,0.308,0.66
North_Carolina_2011,Marquette_2011,1,10.15,8.51,0.492,0.462,0.134,0.153,0.333,1.003,0.255,0.659,0.51,0.499,0.131,0.157,0.344,0.954,0.308,0.66
Arizona_2011,Memphis_2011,1,7.99,3.14,0.541,0.486,0.14,0.141,0.309,1.116,0.325,0.678,0.504,0.468,0.162,0.158,0.338,0.98,0.269,0.683
UCLA_2011,Michigan_State_2011,1,7.93,11.67,0.502,0.463,0.16,0.136,0.32,1.062,0.301,0.673,0.489,0.481,0.149,0.138,0.324,1.043,0.256,0.662
Duke_2011,Michigan_2011,1,8.32,10.68,0.537,0.445,0.128,0.16,0.319,1.068,0.282,0.65,0.523,0.489,0.128,0.145,0.259,1.429,0.186,0.678
Cincinnati_2011,Missouri_2011,1,6.1,6.5,0.494,0.458,0.13,0.169,0.367,0.862,0.256,0.703,0.515,0.489,0.13,0.184,0.355,0.908,0.25,0.692
Louisville_2011,Morehead_State_2011,0,8.2,-3.13,0.526,0.445,0.144,0.173,0.341,0.965,0.198,0.696,0.509,0.488,0.167,0.179,0.369,0.854,0.27,0.693
Pittsburgh_2011,North_Carolina-Asheville_2011,1,7.85,-2.89,0.529,0.451,0.129,0.134,0.356,0.904,0.289,0.676,0.495,0.474,0.155,0.181,0.33,1.016,0.295,0.681
Kentucky_2011,North_Carolina_2011,1,8.91,10.15,0.523,0.442,0.12,0.138,0.313,1.096,0.257,0.723,0.492,0.462,0.134,0.153,0.333,1.003,0.255,0.659
San_Diego_State_2011,Northern_Colorado_2011,1,6.36,-2.24,0.515,0.444,0.126,0.152,0.338,0.979,0.213,0.72,0.502,0.483,0.156,0.157,0.327,1.029,0.334,0.707
Texas_2011,Oakland_2011,1,7.96,0.1,0.502,0.426,0.124,0.143,0.34,0.97,0.282,0.685,0.559,0.496,0.137,0.127,0.33,1.014,0.281,0.721
Butler_2011,Old_Dominion_2011,1,5.02,1.76,0.501,0.481,0.125,0.146,0.322,1.051,0.273,0.672,0.485,0.473,0.144,0.148,0.387,0.793,0.251,0.625
Temple_2011,Penn_State_2011,1,4.23,11.45,0.5,0.463,0.124,0.156,0.307,1.128,0.236,0.708,0.501,0.507,0.135,0.139,0.316,1.085,0.225,0.697
Kentucky_2011,Princeton_2011,1,8.91,-1.61,0.523,0.442,0.12,0.138,0.313,1.096,0.257,0.723,0.522,0.467,0.144,0.143,0.285,1.254,0.263,0.715
Vanderbilt_2011,Richmond_2011,0,6.86,2.79,0.529,0.46,0.141,0.133,0.295,1.196,0.336,0.697,0.531,0.451,0.126,0.146,0.282,1.276,0.222,0.687
Morehead_State_2011,Richmond_2011,0,-3.13,2.79,0.509,0.488,0.167,0.179,0.369,0.854,0.27,0.693,0.531,0.451,0.126,0.146,0.282,1.276,0.222,0.687
Kansas_2011,Richmond_2011,1,7.62,2.79,0.57,0.445,0.142,0.156,0.304,1.143,0.267,0.73,0.531,0.451,0.126,0.146,0.282,1.276,0.222,0.687
Purdue_2011,Saint_Peter's_2011,1,8.69,-1.08,0.507,0.46,0.119,0.165,0.315,1.088,0.246,0.697,0.455,0.424,0.171,0.158,0.318,1.074,0.25,0.655
San_Diego_State_2011,Temple_2011,1,6.36,4.23,0.515,0.444,0.126,0.152,0.338,0.979,0.213,0.72,0.5,0.463,0.124,0.156,0.307,1.128,0.236,0.708
Michigan_2011,Tennessee_2011,1,10.68,8.73,0.523,0.489,0.128,0.145,0.259,1.429,0.186,0.678,0.476,0.479,0.143,0.156,0.363,0.878,0.272,0.705
Ohio_State_2011,Texas-San_Antonio_2011,1,8.38,-4.93,0.563,0.483,0.117,0.188,0.328,1.024,0.26,0.737,0.491,0.484,0.148,0.154,0.305,1.138,0.292,0.695
Florida_2011,UCLA_2011,1,7.57,7.93,0.521,0.472,0.138,0.148,0.337,0.982,0.239,0.672,0.502,0.463,0.16,0.136,0.32,1.062,0.301,0.673
Kansas_State_2011,Utah_State_2011,1,8.41,0.5,0.499,0.471,0.153,0.169,0.383,0.806,0.28,0.709,0.527,0.435,0.136,0.145,0.287,1.244,0.315,0.677
George_Mason_2011,Villanova_2011,1,1.37,8.23,0.532,0.466,0.127,0.157,0.306,1.132,0.266,0.679,0.495,0.463,0.132,0.137,0.329,1.021,0.32,0.708
Purdue_2011,Virginia_Commonwealth_2011,0,8.69,3.78,0.507,0.46,0.119,0.165,0.315,1.088,0.246,0.697,0.511,0.492,0.129,0.165,0.331,1.009,0.264,0.678
Kansas_2011,Virginia_Commonwealth_2011,0,7.62,3.78,0.57,0.445,0.142,0.156,0.304,1.143,0.267,0.73,0.511,0.492,0.129,0.165,0.331,1.009,0.264,0.678
Georgetown_2011,Virginia_Commonwealth_2011,0,10.39,3.78,0.541,0.468,0.16,0.13,0.3,1.168,0.245,0.707,0.511,0.492,0.129,0.165,0.331,1.009,0.264,0.678
Florida_State_2011,Virginia_Commonwealth_2011,0,6.45,3.78,0.49,0.424,0.171,0.165,0.317,1.078,0.253,0.695,0.511,0.492,0.129,0.165,0.331,1.009,0.264,0.678
North_Carolina_2011,Washington_2011,1,10.15,7.74,0.492,0.462,0.134,0.153,0.333,1.003,0.255,0.659,0.537,0.464,0.125,0.151,0.357,0.901,0.212,0.68
Kentucky_2011,West_Virginia_2011,1,8.91,11.03,0.523,0.442,0.12,0.138,0.313,1.096,0.257,0.723,0.485,0.459,0.134,0.137,0.382,0.808,0.291,0.696
Butler_2011,Wisconsin_2011,1,5.02,9.42,0.501,0.481,0.125,0.146,0.322,1.051,0.273,0.672,0.518,0.482,0.099,0.131,0.326,1.032,0.241,0.744
Brigham_Young_2011,Wofford_2011,1,5.76,-1.21,0.518,0.465,0.114,0.156,0.295,1.196,0.292,0.689,0.53,0.498,0.133,0.152,0.336,0.989,0.291,0.718
Duke_2010,Arkansas-Pine_Bluff_2010,1,9.21,-7.68,0.505,0.437,0.116,0.161,0.365,0.871,0.287,0.687,0.447,0.455,0.177,0.151,0.328,1.024,0.323,0.662
Saint_Mary's_(CA)_2010,Baylor_2010,0,2.2,8.03,0.557,0.459,0.131,0.123,0.297,1.181,0.254,0.663,0.549,0.44,0.151,0.133,0.315,1.089,0.26,0.679
Duke_2010,Baylor_2010,1,9.21,8.03,0.505,0.437,0.116,0.161,0.365,0.871,0.287,0.687,0.549,0.44,0.151,0.133,0.315,1.089,0.26,0.679
Kansas_State_2010,Brigham_Young_2010,1,10.28,3,0.508,0.47,0.139,0.173,0.389,0.785,0.336,0.701,0.552,0.462,0.124,0.169,0.276,1.315,0.307,0.682
Syracuse_2010,Butler_2010,0,7.21,5.08,0.576,0.459,0.161,0.168,0.312,1.103,0.249,0.637,0.51,0.466,0.14,0.169,0.284,1.258,0.346,0.679
Murray_State_2010,Butler_2010,0,-3.89,5.08,0.556,0.436,0.159,0.187,0.333,1.002,0.291,0.694,0.51,0.466,0.14,0.169,0.284,1.258,0.346,0.679
Michigan_State_2010,Butler_2010,0,8.17,5.08,0.516,0.466,0.154,0.146,0.342,0.964,0.253,0.709,0.51,0.466,0.14,0.169,0.284,1.258,0.346,0.679
Ohio_State_2010,UC-Santa_Barbara_2010,1,7.37,-1.09,0.561,0.471,0.132,0.172,0.263,1.398,0.249,0.71,0.51,0.478,0.172,0.169,0.272,1.336,0.312,0.668
Duke_2010,University_of_California_2010,1,9.21,8.26,0.505,0.437,0.116,0.161,0.365,0.871,0.287,0.687,0.533,0.483,0.133,0.144,0.318,1.071,0.268,0.694
Wisconsin_2010,Cornell_2010,0,7.66,-0.91,0.514,0.468,0.111,0.155,0.303,1.15,0.238,0.689,0.568,0.475,0.145,0.16,0.304,1.146,0.207,0.71
Temple_2010,Cornell_2010,0,4.27,-0.91,0.491,0.43,0.126,0.141,0.294,1.199,0.189,0.699,0.568,0.475,0.145,0.16,0.304,1.146,0.207,0.71
Kentucky_2010,Cornell_2010,1,6.82,-0.91,0.53,0.431,0.144,0.15,0.34,0.972,0.291,0.688,0.568,0.475,0.145,0.16,0.304,1.146,0.207,0.71
West_Virginia_2010,Duke_2010,0,10.26,9.21,0.489,0.469,0.129,0.154,0.399,0.754,0.279,0.679,0.505,0.437,0.116,0.161,0.365,0.871,0.287,0.687
Butler_2010,Duke_2010,0,5.08,9.21,0.51,0.466,0.14,0.169,0.284,1.258,0.346,0.679,0.505,0.437,0.116,0.161,0.365,0.871,0.287,0.687
Kentucky_2010,East_Tennessee_State_2010,1,6.82,-1.47,0.53,0.431,0.144,0.15,0.34,0.972,0.291,0.688,0.477,0.486,0.157,0.179,0.348,0.935,0.271,0.661
Gonzaga_2010,Florida_State_2010,1,3.83,6.79,0.54,0.462,0.138,0.141,0.278,1.296,0.328,0.648,0.505,0.435,0.18,0.179,0.335,0.991,0.249,0.672
Brigham_Young_2010,Florida_2010,1,3,7.16,0.552,0.462,0.124,0.169,0.276,1.315,0.307,0.682,0.494,0.484,0.136,0.157,0.36,0.89,0.235,0.68
Oklahoma_State_2010,Georgia_Tech_2010,0,6.97,9.02,0.524,0.481,0.141,0.149,0.28,1.287,0.261,0.698,0.511,0.441,0.168,0.16,0.324,1.041,0.248,0.666
Ohio_State_2010,Georgia_Tech_2010,1,7.37,9.02,0.561,0.471,0.132,0.172,0.263,1.398,0.249,0.71,0.511,0.441,0.168,0.16,0.324,1.041,0.248,0.666
Syracuse_2010,Gonzaga_2010,1,7.21,3.83,0.576,0.459,0.161,0.168,0.312,1.103,0.249,0.637,0.54,0.462,0.138,0.141,0.278,1.296,0.328,0.648
Maryland_2010,Houston_2010,1,7.95,3.48,0.518,0.448,0.123,0.158,0.331,1.008,0.245,0.693,0.483,0.51,0.094,0.172,0.371,0.847,0.239,0.714
Butler_2010,Kansas_State_2010,1,5.08,10.28,0.51,0.466,0.14,0.169,0.284,1.258,0.346,0.679,0.508,0.47,0.139,0.173,0.389,0.785,0.336,0.701
Kansas_2010,Lehigh_2010,1,8.25,-7.79,0.551,0.432,0.136,0.151,0.321,1.057,0.288,0.686,0.514,0.487,0.139,0.15,0.282,1.271,0.31,0.708
University_of_California_2010,Louisville_2010,1,8.26,7.99,0.533,0.483,0.133,0.144,0.318,1.071,0.268,0.694,0.514,0.485,0.145,0.163,0.393,0.773,0.251,0.702
Northern_Iowa_2010,Michigan_State_2010,0,4.27,8.17,0.496,0.466,0.135,0.162,0.295,1.197,0.281,0.69,0.516,0.466,0.154,0.146,0.342,0.964,0.253,0.709
Maryland_2010,Michigan_State_2010,0,7.95,8.17,0.518,0.448,0.123,0.158,0.331,1.008,0.245,0.693,0.516,0.466,0.154,0.146,0.342,0.964,0.253,0.709
Xavier_2010,Minnesota_2010,1,5.94,7.32,0.522,0.456,0.133,0.135,0.314,1.093,0.298,0.654,0.531,0.465,0.141,0.161,0.303,1.149,0.238,0.68
West_Virginia_2010,Missouri_2010,1,10.26,6.36,0.489,0.469,0.129,0.154,0.399,0.754,0.279,0.679,0.501,0.459,0.133,0.201,0.368,0.861,0.246,0.702
Clemson_2010,Missouri_2010,0,7.9,6.36,0.511,0.464,0.159,0.187,0.357,0.902,0.23,0.679,0.501,0.459,0.133,0.201,0.368,0.861,0.246,0.702
New_Mexico_2010,Montana_2010,1,3.84,-2.35,0.506,0.495,0.117,0.155,0.34,0.971,0.301,0.67,0.548,0.472,0.148,0.151,0.27,1.352,0.267,0.655
West_Virginia_2010,Morgan_State_2010,1,10.26,-6.15,0.489,0.469,0.129,0.154,0.399,0.754,0.279,0.679,0.475,0.465,0.134,0.148,0.382,0.81,0.307,0.675
Vanderbilt_2010,Murray_State_2010,0,7.86,-3.89,0.525,0.464,0.143,0.143,0.302,1.158,0.337,0.63,0.556,0.436,0.159,0.187,0.333,1.002,0.291,0.694
Michigan_State_2010,New_Mexico_State_2010,1,8.17,1.66,0.516,0.466,0.154,0.146,0.342,0.964,0.253,0.709,0.532,0.51,0.137,0.139,0.295,1.193,0.269,0.69
Kansas_State_2010,North_Texas_2010,1,10.28,-4.72,0.508,0.47,0.139,0.173,0.389,0.785,0.336,0.701,0.508,0.476,0.154,0.14,0.298,1.176,0.379,0.705
Nevada-Las_Vegas_2010,Northern_Iowa_2010,0,4.82,4.27,0.52,0.455,0.132,0.173,0.293,1.205,0.234,0.707,0.496,0.466,0.135,0.162,0.295,1.197,0.281,0.69
Kansas_2010,Northern_Iowa_2010,0,8.25,4.27,0.551,0.432,0.136,0.151,0.321,1.057,0.288,0.686,0.496,0.466,0.135,0.162,0.295,1.197,0.281,0.69
Pittsburgh_2010,Oakland_2010,1,7.39,-2.96,0.497,0.446,0.14,0.127,0.331,1.011,0.297,0.661,0.498,0.499,0.142,0.145,0.355,0.909,0.307,0.672
Georgetown_2010,Ohio_2010,0,9.56,-0.03,0.557,0.474,0.16,0.15,0.294,1.2,0.263,0.718,0.494,0.469,0.135,0.162,0.323,1.047,0.295,0.7
Notre_Dame_2010,Old_Dominion_2010,0,6.22,1.78,0.537,0.493,0.118,0.123,0.322,1.055,0.275,0.742,0.488,0.455,0.145,0.174,0.387,0.791,0.197,0.665
Baylor_2010,Old_Dominion_2010,1,8.03,1.78,0.549,0.44,0.151,0.133,0.315,1.089,0.26,0.679,0.488,0.455,0.145,0.174,0.387,0.791,0.197,0.665
Duke_2010,Purdue_2010,1,9.21,8.81,0.505,0.437,0.116,0.161,0.365,0.871,0.287,0.687,0.491,0.448,0.123,0.178,0.3,1.167,0.279,0.715
Villanova_2010,Robert_Morris_2010,1,7.75,-6.15,0.522,0.474,0.138,0.154,0.347,0.942,0.331,0.71,0.489,0.469,0.16,0.171,0.336,0.989,0.306,0.719
Villanova_2010,Saint_Mary's_(CA)_2010,0,7.75,2.2,0.522,0.474,0.138,0.154,0.347,0.942,0.331,0.71,0.557,0.459,0.131,0.123,0.297,1.181,0.254,0.663
Richmond_2010,Saint_Mary's_(CA)_2010,0,3.43,2.2,0.511,0.442,0.13,0.167,0.267,1.373,0.227,0.706,0.557,0.459,0.131,0.123,0.297,1.181,0.254,0.663
Baylor_2010,Sam_Houston_State_2010,1,8.03,-3.37,0.549,0.44,0.151,0.133,0.315,1.089,0.26,0.679,0.536,0.486,0.141,0.166,0.329,1.021,0.26,0.681
Tennessee_2010,San_Diego_State_2010,1,7.75,4.21,0.506,0.452,0.142,0.173,0.326,1.034,0.239,0.695,0.522,0.465,0.149,0.159,0.353,0.916,0.249,0.693
Purdue_2010,Siena_2010,1,8.81,-1.17,0.491,0.448,0.123,0.178,0.3,1.167,0.279,0.715,0.493,0.48,0.128,0.173,0.337,0.982,0.261,0.638
Ohio_2010,Tennessee_2010,0,-0.03,7.75,0.494,0.469,0.135,0.162,0.323,1.047,0.295,0.7,0.506,0.452,0.142,0.173,0.326,1.034,0.239,0.695
Ohio_State_2010,Tennessee_2010,0,7.37,7.75,0.561,0.471,0.132,0.172,0.263,1.398,0.249,0.71,0.506,0.452,0.142,0.173,0.326,1.034,0.239,0.695
Michigan_State_2010,Tennessee_2010,1,8.17,7.75,0.516,0.466,0.154,0.146,0.342,0.964,0.253,0.709,0.506,0.452,0.142,0.173,0.326,1.034,0.239,0.695
Purdue_2010,Texas_A&M_2010,1,8.81,9.8,0.491,0.448,0.123,0.178,0.3,1.167,0.279,0.715,0.497,0.466,0.132,0.158,0.319,1.065,0.32,0.703
Butler_2010,Texas-El_Paso_2010,1,5.08,1.96,0.51,0.466,0.14,0.169,0.284,1.258,0.346,0.679,0.528,0.446,0.142,0.167,0.271,1.347,0.267,0.668
Texas_A&M_2010,Utah_State_2010,1,9.8,1.23,0.497,0.466,0.132,0.158,0.319,1.065,0.32,0.703,0.551,0.458,0.125,0.14,0.292,1.21,0.226,0.709
Syracuse_2010,Vermont_2010,1,7.21,-6.69,0.576,0.459,0.161,0.168,0.312,1.103,0.249,0.637,0.482,0.45,0.148,0.152,0.335,0.991,0.339,0.69
Texas_2010,Wake_Forest_2010,0,7.38,8.85,0.511,0.449,0.133,0.154,0.353,0.917,0.258,0.684,0.47,0.438,0.152,0.14,0.355,0.91,0.268,0.687
Kentucky_2010,Wake_Forest_2010,1,6.82,8.85,0.53,0.431,0.144,0.15,0.34,0.972,0.291,0.688,0.47,0.438,0.152,0.14,0.355,0.91,0.268,0.687
West_Virginia_2010,Washington_2010,1,10.26,7.49,0.489,0.469,0.129,0.154,0.399,0.754,0.279,0.679,0.497,0.465,0.129,0.164,0.349,0.933,0.295,0.682
New_Mexico_2010,Washington_2010,0,3.84,7.49,0.506,0.495,0.117,0.155,0.34,0.971,0.301,0.67,0.497,0.465,0.129,0.164,0.349,0.933,0.295,0.682
Marquette_2010,Washington_2010,0,8.23,7.49,0.528,0.497,0.122,0.17,0.32,1.061,0.259,0.681,0.497,0.465,0.129,0.164,0.349,0.933,0.295,0.682
Kentucky_2010,West_Virginia_2010,0,6.82,10.26,0.53,0.431,0.144,0.15,0.34,0.972,0.291,0.688,0.489,0.469,0.129,0.154,0.399,0.754,0.279,0.679
Wisconsin_2010,Wofford_2010,1,7.66,-2.57,0.514,0.468,0.111,0.155,0.303,1.15,0.238,0.689,0.495,0.463,0.133,0.165,0.323,1.046,0.296,0.673
Pittsburgh_2010,Xavier_2010,0,7.39,5.94,0.497,0.446,0.14,0.127,0.331,1.011,0.297,0.661,0.522,0.456,0.133,0.135,0.314,1.093,0.298,0.654
Kansas_State_2010,Xavier_2010,1,10.28,5.94,0.508,0.47,0.139,0.173,0.389,0.785,0.336,0.701,0.522,0.456,0.133,0.135,0.314,1.093,0.298,0.654
