School,SOS,FG,FGA,3P,FT,FTA,ORB,DRB,TOV,opp_FG,opp_FGA,opp_3P,opp_FT,opp_FTA,opp_ORB,opp_DRB,opp_TOV
Abilene Christian 2019,-7.34,897,1911,251,457,642,325,785,407,753,1737,191,464,643,295,803,560
Arizona State 2019,6.04,899,2012,240,600,882,399,952,466,828,2007,292,546,774,343,875,476
Auburn 2019,10.92,1097,2439,454,540,760,457,912,466,940,2153,323,547,774,424,988,683
Baylor 2019,9.26,869,1966,274,430,635,446,835,446,795,1869,246,466,682,338,748,421
Belmont 2019,-2.6,1042,2094,343,441,598,286,989,376,895,2110,253,396,569,314,852,403
Bradley 2019,-0.9,812,1874,240,465,672,313,882,440,779,1892,246,481,664,313,850,433
Buffalo 2019,2.62,1083,2344,344,527,767,452,1018,433,916,2180,236,482,687,363,970,553
UC-Irvine 2019,-2.3,987,2159,252,449,640,429,1042,441,809,2118,241,494,698,379,832,419
Central Florida 2019,5.58,819,1763,229,518,798,315,900,393,764,1938,233,367,565,371,771,400
Cincinnati 2019,5.5,872,2018,232,534,758,442,822,365,766,1869,284,378,570,332,756,476
Colgate 2019,-3.83,955,1995,320,418,563,322,918,456,884,2033,277,413,580,327,785,422
Duke 2019,11.98,1157,2418,278,551,803,495,1072,488,960,2415,253,403,579,441,907,540
Fairleigh Dickinson 2019,-7.24,921,1939,269,509,702,323,832,477,908,2041,277,422,608,389,797,508
Florida State 2019,10.26,960,2171,272,579,778,418,973,492,842,2067,269,532,737,348,875,529
Florida 2019,11.22,857,2015,291,435,603,375,826,420,806,1916,231,446,644,390,852,527
Gardner-Webb 2019,-4.43,955,1962,281,527,741,271,919,407,871,2101,310,416,579,393,836,468
Georgia State 2019,0.65,903,1968,330,462,694,273,837,391,872,2051,304,443,631,428,908,512
Gonzaga 2019,5.01,1177,2239,287,602,791,354,1089,394,877,2256,239,407,584,382,812,501
Houston 2019,4.61,982,2203,333,490,697,448,1054,410,749,2035,233,527,759,360,876,452
Iona 2019,-5.5,857,1897,297,521,699,283,869,406,900,2021,314,394,576,369,880,437
Iowa State 2019,9.3,974,2047,294,450,615,327,903,379,877,2097,276,355,495,388,825,440
Iowa 2019,9.84,914,2006,285,627,849,357,889,427,943,2104,281,418,606,363,855,457
Kansas State 2019,9.18,806,1878,241,383,574,320,817,385,717,1728,233,358,531,279,819,504
Kansas 2019,12.79,989,2128,260,487,691,374,1002,472,898,2201,309,420,612,385,878,455
Kentucky 2019,10.29,978,2050,215,635,859,427,1001,466,854,2134,283,403,572,337,746,449
Liberty 2019,-3.88,963,1977,322,406,524,270,904,395,790,1894,231,398,588,300,804,482
Louisiana State 2019,9.16,988,2162,236,603,802,460,895,452,900,2085,281,477,691,388,812,508
Louisville 2019,11.04,854,1967,294,534,687,345,952,412,819,2007,239,447,643,330,846,380
Marquette 2019,6.96,893,1969,319,524,692,331,961,467,819,2020,233,492,725,341,805,402
Maryland 2019,10.09,858,1909,247,466,627,378,958,437,795,2005,252,386,534,315,735,318
Michigan State 2019,12.34,1071,2230,319,564,749,414,1165,493,905,2378,280,444,654,404,834,398
Michigan 2019,10.55,941,2102,287,406,579,299,1008,334,823,2073,181,331,499,320,953,434
Minnesota 2019,11.27,887,2039,191,578,848,402,912,418,922,2107,243,411,594,353,899,412
Mississippi State 2019,9.07,936,1982,292,464,647,393,822,451,848,1937,253,445,622,342,744,458
Mississippi 2019,8.13,876,1906,272,461,589,322,806,416,832,1869,241,442,627,332,748,471
Montana 2019,-5.05,975,1983,287,428,621,293,883,416,823,1906,236,515,687,286,808,472
Murray State 2019,-3.11,988,2007,258,493,673,351,896,401,827,2014,204,397,552,376,769,464
Nevada 2019,2.68,924,1999,297,578,816,325,949,352,815,1984,263,375,555,312,874,461
New Mexico State 2019,-2.38,962,2092,326,484,714,445,898,419,789,1882,252,429,611,236,767,460
North Carolina Central 2019,-11.24,874,1922,221,460,641,399,866,515,831,1911,213,391,582,308,737,450
North Carolina 2019,11.35,1118,2410,312,541,728,477,1112,473,935,2248,330,434,639,321,895,501
North Dakota State 2019,-2.07,874,1926,332,476,613,229,876,368,942,2043,261,396,529,284,880,343
Northeastern 2019,-0.7,880,1848,328,476,634,237,838,381,889,1931,234,394,536,272,818,383
Northern Kentucky 2019,-2.39,979,2047,306,483,725,364,934,441,834,1987,244,498,692,317,824,466
Ohio State 2019,11,839,1931,264,477,650,328,887,438,814,1929,236,454,613,308,862,425
Oklahoma 2019,12.21,883,1975,226,431,618,305,958,401,852,2096,288,326,485,362,891,408
Old Dominion 2019,-1.18,823,2026,264,388,585,418,947,408,737,1887,248,408,612,305,896,424
Oregon 2019,6.13,958,2126,295,450,624,361,946,442,807,2027,267,483,688,371,879,523
Prairie View 2019,-9.17,903,2061,225,596,875,392,759,445,863,1887,215,606,875,393,923,637
Purdue 2019,11.99,967,2145,365,461,641,421,920,381,831,1997,295,464,634,331,824,448
Saint Louis 2019,2.23,855,2052,205,484,809,492,936,464,798,1948,230,471,652,305,886,466
Saint Mary's (CA) 2019,4.4,899,1905,253,412,555,329,851,355,803,1834,186,393,534,251,740,358
Seton Hall 2019,8.34,888,2021,240,492,697,361,852,423,845,1974,270,481,648,352,860,477
St. John's (NY) 2019,5.5,944,2100,289,446,620,264,856,357,853,1961,283,553,779,353,970,529
Syracuse 2019,10.09,808,1907,274,480,701,363,811,423,746,1859,294,460,637,405,848,528
Temple 2019,4.93,873,1998,247,472,649,316,820,368,841,1897,239,437,643,325,897,485
Tennessee 2019,10.16,1106,2231,262,561,744,379,1012,412,888,2199,311,493,755,421,849,472
Texas Tech 2019,9.53,990,2110,277,508,694,315,982,457,751,2027,243,516,743,373,881,586
Utah State 2019,0.89,959,2038,274,559,747,377,1028,449,790,2008,282,487,682,293,803,432
Vermont 2019,-4.18,864,1887,273,507,678,304,890,377,768,1834,240,367,503,241,809,439
Villanova 2019,7.97,884,2019,380,506,695,368,885,388,877,2012,274,397,567,334,856,414
Virginia Commonwealth 2019,2.87,820,1872,235,469,669,358,850,458,706,1822,172,460,667,374,797,535
Virginia Tech 2019,7.79,893,1900,327,461,606,310,832,392,758,1856,303,353,489,307,751,491
Virginia 2019,10.15,974,2056,321,445,598,342,984,342,769,1995,245,349,524,323,809,407
Washington 2019,7.01,883,1956,273,472,679,334,795,479,814,1958,231,472,665,418,827,587
Wisconsin 2019,11.01,874,1945,241,344,531,283,914,327,774,1950,215,336,503,327,880,387
Wofford 2019,0.8,1044,2132,385,406,577,365,867,377,818,1924,248,411,585,271,758,482
Yale 2019,-1.24,893,1812,230,411,557,259,898,392,779,1890,223,421,577,285,744,338
Arizona 2016,7.23,946,1970,221,622,863,394,974,442,853,2067,204,432,606,320,735,388
Little Rock 2016,-1.76,886,1958,266,449,616,315,880,355,720,1825,226,463,677,353,837,486
Austin Peay 2016,-2.98,945,2049,223,627,936,422,904,502,995,2159,302,471,667,378,858,478
Baylor 2016,9.76,933,2003,210,545,752,467,800,432,823,1843,233,485,693,314,697,463
Buffalo 2016,0.9,915,2096,263,616,867,425,938,475,906,2098,256,566,790,378,895,464
Butler 2016,7.55,918,1969,236,566,774,366,822,335,818,1879,231,477,672,309,773,432
Cal State Bakersfield 2016,-5.15,875,1939,179,476,726,414,849,405,696,1764,198,514,747,347,781,499
University of California 2016,7.87,890,1931,236,529,806,386,963,419,789,1989,183,528,745,327,799,329
Chattanooga 2016,-3.46,897,1963,262,596,811,381,860,437,866,1967,235,397,584,344,789,494
Cincinnati 2016,5.25,851,1980,252,464,658,441,850,363,750,1907,240,350,515,373,763,446
Colorado 2016,7.64,865,2029,252,594,808,446,988,454,852,2038,212,491,716,322,818,371
Connecticut 2016,6.28,944,2078,255,488,615,335,965,385,785,2032,240,475,719,393,849,431
Dayton 2016,4.76,836,1836,221,500,749,327,938,427,761,1882,242,412,618,299,814,412
Duke 2016,10.59,983,2136,328,626,866,426,870,354,998,2244,226,387,568,456,866,427
Fairleigh Dickinson 2016,-8.31,929,2029,238,462,663,347,761,423,868,1901,247,617,888,417,868,510
Florida Gulf Coast 2016,-3.82,1008,2106,186,501,778,417,1005,438,877,2128,232,487,713,385,850,422
Fresno State 2016,2.24,926,2126,219,559,805,409,884,378,812,1929,252,599,859,368,907,529
Gonzaga 2016,4.23,1011,2081,281,537,708,382,1044,418,859,2167,214,428,610,359,800,370
Green Bay 2016,-0.67,1048,2350,255,662,1007,458,927,441,1013,2255,278,576,807,432,1026,609
Hampton 2016,-8.45,810,1967,206,537,815,447,875,440,826,1934,215,503,696,324,845,393
Hawaii 2016,-1.04,893,1946,237,597,873,360,910,443,764,1910,203,536,748,321,803,498
Holy Cross 2016,-6.11,775,1879,251,466,678,279,773,386,859,1873,273,454,626,323,930,450
Indiana 2016,6.9,1021,2034,345,504,688,414,874,474,905,2037,218,419,615,356,704,458
Iona 2016,-1.78,919,2011,327,463,651,348,870,422,844,1993,257,506,724,390,844,460
Iowa State 2016,10.16,1087,2159,293,395,563,304,940,398,986,2250,268,385,560,401,860,425
Iowa 2016,8.71,906,2027,269,480,669,392,865,339,850,2021,242,345,505,390,839,431
Kansas 2016,11.22,1092,2207,304,601,843,402,1041,478,873,2200,233,591,816,392,842,490
Kentucky 2016,8.84,1028,2149,244,561,813,451,944,389,827,2082,201,596,848,433,776,437
Maryland 2016,8.31,943,1941,267,572,745,319,969,458,874,2145,240,412,579,398,795,407
Miami (FL) 2016,10.69,907,1895,241,578,772,330,877,383,865,2008,210,419,584,357,772,404
Michigan State 2016,6.94,1009,2078,321,454,623,415,1039,406,774,2025,204,493,690,329,726,333
Michigan 2016,7.92,947,2048,342,420,569,290,862,348,894,1995,251,387,534,308,882,432
Middle Tennessee 2016,-0.7,909,2025,279,442,718,369,914,419,824,1902,232,530,794,312,901,469
North Carolina-Asheville 2016,-3.25,898,1973,195,561,808,396,882,444,835,1954,205,438,627,359,845,528
North Carolina-Wilmington 2016,0.35,928,2039,230,534,760,397,840,374,758,1802,175,688,976,374,836,493
North Carolina 2016,10.69,1235,2560,224,617,826,568,1056,431,993,2384,308,505,725,441,841,510
Northern Iowa 2016,4.44,849,1864,298,479,633,195,896,357,850,2011,255,348,483,326,912,420
Notre Dame 2016,9.57,972,2042,262,498,671,381,884,359,930,2154,274,407,559,410,800,346
Oklahoma 2016,11.14,1018,2225,382,530,734,407,1011,484,953,2314,278,445,656,434,907,468
Oregon State 2016,9.26,811,1843,218,461,687,337,765,361,766,1788,226,486,699,364,816,430
Oregon 2016,8.64,1041,2230,260,648,906,442,940,431,931,2199,272,480,690,408,849,533
Pittsburgh 2016,8.75,878,1919,204,516,686,417,840,384,798,1844,222,402,608,310,712,379
Providence 2016,8.46,881,2093,249,566,781,402,861,397,909,2067,221,416,578,370,923,508
Purdue 2016,7.46,960,2042,268,538,723,400,1043,419,824,2106,219,414,591,315,759,325
Saint Joseph's 2016,4.93,976,2153,251,577,806,359,1019,355,924,2218,286,388,555,351,926,410
Seton Hall 2016,8.28,892,1999,206,532,808,438,917,469,814,2027,212,465,685,408,823,469
South Dakota State 2016,-1.22,877,1950,255,582,783,381,898,399,789,1888,207,531,736,311,791,411
Southern California 2016,7.64,982,2138,266,507,750,401,936,415,924,2214,248,441,627,430,849,414
Southern 2016,-9.37,909,2046,211,505,754,365,893,391,832,2001,234,508,764,413,898,482
Stephen F. Austin 2016,-5.47,972,2032,269,515,701,405,783,411,764,1745,174,451,680,335,764,631
Stony Brook 2016,-5.28,933,1992,220,429,637,425,887,379,770,1887,212,363,506,301,757,418
Syracuse 2016,9.75,884,2080,315,506,736,445,874,440,877,2127,259,396,595,471,886,491
Temple 2016,6.57,822,2021,255,368,538,371,854,305,809,1952,196,416,561,358,904,355
Texas A&M 2016,8.45,991,2208,281,565,841,460,1001,434,862,2117,283,451,685,396,900,534
Texas Tech 2016,10.25,785,1754,185,550,741,326,760,385,783,1828,246,424,601,360,720,401
Texas 2016,11.71,814,1884,232,495,743,363,776,341,775,1844,209,494,707,362,821,408
Tulsa 2016,5.76,821,1849,219,495,731,323,800,346,757,1819,241,472,629,347,838,450
Utah 2016,8.79,977,2000,273,551,764,347,988,451,933,2226,269,367,506,371,802,378
Vanderbilt 2016,8.68,857,1879,273,519,747,313,960,386,784,2033,183,474,700,396,839,323
Villanova 2016,9.71,1086,2247,347,599,766,351,1034,440,906,2247,285,446,674,418,904,552
Virginia Commonwealth 2016,4.35,1010,2238,262,499,721,435,912,405,872,1980,202,494,728,342,900,535
Virginia 2016,11.12,964,1964,224,474,630,323,866,345,777,1849,235,433,617,287,760,428
Weber State 2016,-5.13,908,1885,291,555,821,300,996,462,880,2113,202,382,571,336,834,382
West Virginia 2016,9.78,943,2102,209,654,972,558,822,498,726,1713,206,677,948,305,773,624
Wichita State 2016,4.24,867,2023,250,551,768,407,898,346,659,1705,203,545,769,276,878,539
Wisconsin 2016,9.4,816,1917,229,512,728,398,830,386,794,1862,201,444,627,314,807,420
Xavier 2016,8.43,928,2054,255,626,857,436,951,429,834,2010,253,471,675,334,804,474
Yale 2016,-1.03,795,1693,190,468,699,407,801,398,678,1654,183,375,537,256,625,364
Alabama-Birmingham 2015,1.62,873,2042,202,528,715,434,888,482,883,2083,217,469,685,435,834,476
Albany (NY) 2015,-5.18,729,1666,205,493,650,334,777,381,697,1657,250,352,502,274,690,408
Arizona 2015,7.41,1009,2068,193,700,974,411,988,419,777,1951,206,508,728,285,780,523
Arkansas 2015,6.79,978,2196,238,593,819,470,820,430,869,2031,223,564,789,433,848,567
Baylor 2015,9.33,813,1874,236,487,723,497,836,434,738,1836,196,376,583,376,676,410
Belmont 2015,-2.77,858,1803,329,405,585,307,786,451,854,1889,238,384,539,330,750,418
Boise State 2015,1.38,831,1823,297,431,591,298,821,348,730,1754,195,390,558,279,751,430
Brigham Young 2015,5.02,976,2090,300,679,886,421,928,417,894,2052,218,555,793,370,815,456
Buffalo 2015,1.6,837,1922,199,589,819,420,840,378,795,1881,235,428,645,367,796,448
Butler 2015,8.62,814,1882,192,526,767,408,831,376,740,1785,187,406,595,281,768,431
UC-Irvine 2015,0.45,854,1851,217,370,541,329,869,396,739,1878,184,451,650,382,762,384
Cincinnati 2015,4.4,761,1705,167,424,633,383,795,432,700,1804,192,306,470,380,645,409
Coastal Carolina 2015,-6.18,836,1899,228,538,780,447,891,399,724,1831,242,431,616,317,746,403
Davidson 2015,3.19,898,1924,343,390,553,335,809,303,814,1838,181,412,646,351,781,370
Dayton 2015,4.06,810,1755,239,580,846,255,866,415,795,1901,206,394,582,344,840,489
Duke 2015,9.87,1099,2191,283,610,873,445,991,421,962,2281,199,379,548,428,799,481
Eastern Washington 2015,-3.84,977,2045,344,522,719,351,832,376,901,2001,279,507,708,363,822,431
Georgetown 2015,9.81,799,1753,201,541,769,367,785,415,698,1716,220,537,756,352,704,438
Georgia State 2015,-2.03,902,1878,174,521,719,322,794,366,709,1826,251,515,721,416,750,535
Georgia 2015,8.6,747,1730,184,572,826,360,900,420,733,1882,207,451,645,358,759,365
Gonzaga 2015,5.12,1084,2083,264,557,806,391,1050,397,841,2154,217,444,667,403,754,429
Hampton 2015,-7.08,796,1959,194,560,859,416,876,494,795,1924,197,600,876,392,893,491
Harvard 2015,-0.25,671,1548,146,438,609,316,709,349,614,1519,164,335,497,280,649,386
Indiana 2015,7.2,923,1989,319,468,651,407,817,392,900,1986,196,442,651,374,748,364
Iowa State 2015,9.15,940,1973,263,502,721,323,898,375,866,2081,248,366,499,377,819,440
Iowa 2015,8.39,821,1905,192,538,723,422,852,377,754,1903,227,384,553,371,765,417
Kansas 2015,12.13,869,1976,213,610,842,426,938,463,825,2084,210,473,704,434,793,421
Kentucky 2015,8.67,1006,2150,203,685,943,491,991,408,750,2116,175,443,672,463,752,533
Lafayette 2015,-3.12,872,1799,261,421,549,282,735,366,886,1921,274,363,521,378,712,362
Louisiana State 2015,5.63,892,1962,189,450,658,401,893,476,824,2052,185,400,604,438,781,450
Louisville 2015,8.98,878,2048,198,529,792,454,897,408,767,1958,189,431,652,400,856,506
Manhattan 2015,-3.34,756,1748,215,573,829,345,720,481,736,1683,148,614,880,357,771,545
Maryland 2015,7.63,781,1777,258,597,790,314,909,431,800,2026,242,376,570,399,771,391
Michigan State 2015,10,1014,2181,294,451,714,436,1022,441,833,2104,224,592,820,378,869,416
Mississippi 2015,7.01,848,2003,220,559,723,430,854,378,762,1885,270,532,777,391,806,430
New Mexico State 2015,-3.67,808,1748,165,535,771,428,771,470,754,1774,129,396,572,339,644,448
North Carolina State 2015,9.72,895,2054,236,499,727,435,934,375,827,2052,212,501,712,402,845,349
North Carolina 2015,11.76,1099,2309,184,571,814,526,1015,481,889,2232,247,591,843,460,790,468
North Dakota State 2015,-3.63,743,1713,230,425,614,274,824,325,727,1726,213,388,525,248,795,347
North Florida 2015,-5.94,897,1910,317,540,747,339,880,436,879,2033,176,451,666,400,787,425
Northeastern 2015,-1.34,838,1725,203,518,713,297,863,483,875,1952,193,336,488,291,689,349
Northern Iowa 2015,2,776,1618,257,472,644,255,816,363,684,1732,211,333,468,301,690,391
Notre Dame 2015,7.02,1050,2061,302,561,756,313,918,357,946,2214,227,380,533,435,808,425
Ohio State 2015,7.37,964,1995,236,471,693,387,854,396,790,1959,238,384,545,401,767,503
Oklahoma State 2015,9.63,733,1667,226,468,645,287,752,392,675,1673,183,478,697,352,747,438
Oklahoma 2015,9.94,885,2035,236,495,668,389,943,419,794,2057,225,383,585,432,845,468
Oregon 2015,7.65,992,2143,263,466,613,372,926,421,902,2136,232,514,739,418,834,413
Providence 2015,9.5,828,1889,171,543,768,411,817,407,760,1804,218,489,709,334,759,442
Purdue 2015,7.64,827,1840,195,524,767,409,840,444,749,1868,200,497,717,376,711,394
Robert Morris 2015,-3.5,854,1926,221,485,684,367,795,467,837,1941,241,482,730,446,816,512
San Diego State 2015,4.24,800,1916,189,437,694,439,831,410,716,1864,181,326,469,351,801,470
Southern Methodist 2015,3.57,832,1750,145,541,770,388,856,426,691,1815,268,382,562,357,659,441
St. John's (NY) 2015,9.04,835,1890,198,475,687,336,828,352,793,1948,230,424,649,444,849,436
Stephen F. Austin 2015,-4.2,911,1870,262,588,799,413,763,476,730,1665,155,571,821,316,678,587
Texas Southern 2015,-6.09,818,1840,185,569,861,394,799,454,882,1983,193,429,656,422,772,431
Texas 2015,9.07,796,1837,212,486,671,422,929,435,702,1910,204,441,665,372,691,303
UCLA 2015,8.27,930,2099,223,507,750,440,927,430,855,2054,281,462,664,371,862,438
Utah 2015,7.42,849,1760,264,534,760,322,882,407,704,1832,169,422,617,342,698,408
Valparaiso 2015,-2,837,1836,236,456,676,397,879,422,689,1802,228,415,589,323,717,415
Villanova 2015,7.55,916,1951,326,596,815,371,864,382,797,1964,193,406,597,392,771,508
Virginia Commonwealth 2015,6.1,896,2139,293,524,797,444,833,383,822,1892,229,495,716,367,952,577
Virginia 2015,7.81,804,1758,170,446,614,358,874,316,622,1697,191,314,486,280,689,359
West Virginia 2015,9.29,872,2138,227,571,863,575,697,453,762,1626,191,623,903,312,857,678
Wichita State 2015,3.68,860,1933,239,501,715,415,830,327,691,1721,187,439,634,304,773,464
Wisconsin 2015,10.29,1014,2115,288,584,765,383,955,296,896,2092,202,333,469,297,809,378
Wofford 2015,-2.98,818,1802,222,473,688,324,815,379,737,1763,173,442,629,300,789,445
Wyoming 2015,-0.04,747,1619,209,448,638,216,831,392,715,1775,219,325,462,298,754,377
Xavier 2015,9.48,956,2011,234,566,775,364,918,447,886,2035,261,459,678,345,800,464
Alabama 2018,10.64,910,1975,229,555,828,358,932,513,877,2109,262,527,769,414,863,473
Arizona State 2018,6.56,888,1920,288,581,793,315,811,343,841,1919,262,451,628,357,814,474
Arizona 2018,6.84,1009,2003,237,563,741,352,925,426,890,2047,261,468,638,310,708,406
Arkansas 2018,9.85,1005,2119,269,540,793,350,858,381,872,2028,301,602,828,394,870,490
Auburn 2018,7.29,906,2102,324,647,836,403,887,411,838,1961,273,539,747,341,866,516
Bucknell 2018,-3.46,965,2050,280,627,872,324,957,437,911,2138,224,513,738,360,880,438
Buffalo 2018,0.25,1105,2334,351,486,695,426,962,446,936,2179,239,631,860,389,924,496
Butler 2018,10.55,1020,2155,287,436,562,319,879,391,877,1954,274,512,689,278,859,484
Cal State Fullerton 2018,-1.02,804,1721,167,543,745,276,847,455,768,1861,220,489,647,320,754,413
Cincinnati 2018,3.53,944,2100,262,523,756,477,936,404,739,1974,231,362,529,361,766,514
Clemson 2018,9.25,899,1971,288,498,660,310,946,414,826,2033,268,387,552,332,840,413
College of Charleston 2018,-3.29,875,1905,259,527,699,285,844,339,824,1907,239,444,602,321,828,403
Creighton 2018,8.1,1008,2050,343,397,531,246,960,371,907,2093,261,369,512,303,857,387
Davidson 2018,2.57,899,1874,353,368,461,225,853,315,802,1826,266,370,540,258,784,352
Duke 2018,9.71,1125,2288,309,562,791,492,1027,460,957,2364,279,383,526,432,784,453
Florida State 2018,8.5,994,2125,273,543,786,393,929,456,887,2129,285,492,689,383,845,494
Florida 2018,10.08,893,2065,308,483,673,366,832,335,832,1946,229,460,629,362,911,468
Georgia State 2018,-2.78,937,2033,323,417,615,303,879,395,771,1963,307,507,727,416,880,501
Gonzaga 2018,2.59,1125,2261,328,513,725,405,1072,420,890,2178,272,453,633,316,844,455
Houston 2018,4.16,952,2066,297,484,674,404,948,418,744,1887,231,552,785,320,806,457
Iona 2018,-2.19,957,2076,324,462,626,290,856,395,969,2102,267,397,602,379,901,464
Kansas State 2018,8.74,937,2025,254,502,684,299,837,423,842,1980,261,533,728,386,873,533
Kansas 2018,11.87,1165,2366,391,453,640,372,1016,456,1031,2419,315,424,595,453,918,501
Kentucky 2018,10.73,998,2115,195,649,930,439,992,480,905,2242,287,502,725,437,803,436
Lipscomb 2018,-3.8,924,2040,267,593,826,346,930,493,898,2002,249,519,751,292,877,511
Long Island University 2018,-8.19,935,2055,279,547,786,367,960,496,973,2209,242,486,702,401,874,423
Loyola (IL) 2018,1.81,995,1963,277,454,626,229,993,472,877,2118,254,369,523,335,823,484
Marshall 2018,0.44,1042,2232,362,571,747,288,999,476,1059,2399,265,466,684,458,1008,515
Maryland-Baltimore County 2018,-3.84,926,2088,364,414,641,347,898,440,883,2012,282,418,618,339,950,529
Miami (FL) 2018,6.96,875,1881,247,362,547,317,796,367,794,1841,215,368,517,314,774,412
Michigan State 2018,7.1,991,1996,290,535,716,401,1038,459,774,2108,252,471,647,369,689,349
Michigan 2018,9.41,1092,2335,361,474,717,336,1031,379,948,2227,222,478,663,341,1012,530
Missouri 2018,9.19,794,1765,306,505,688,332,893,469,795,1949,231,425,586,343,736,365
Montana 2018,-2.25,944,2021,186,551,780,400,858,422,784,1825,209,552,764,295,807,522
Murray State 2018,-3.53,870,1803,271,504,687,340,846,384,761,1841,199,396,547,314,691,402
Nevada 2018,4.93,1049,2238,354,603,812,339,977,357,974,2248,275,480,677,393,954,474
New Mexico State 2018,-1.1,963,2104,258,388,603,427,975,429,763,1919,222,435,612,282,821,463
North Carolina Central 2018,-12.31,949,2060,212,410,597,410,926,495,846,2030,259,474,663,359,809,423
North Carolina-Greensboro 2018,-3.87,924,2075,331,383,549,417,890,481,729,1794,229,502,692,264,806,528
North Carolina State 2018,6.7,965,2054,263,489,703,400,776,400,908,1952,199,462,657,363,801,487
North Carolina 2018,11.78,1105,2417,305,503,677,511,1059,445,972,2297,357,410,597,362,854,433
Ohio State 2018,9.03,951,1980,239,450,616,330,915,399,811,1944,272,403,574,302,776,418
Oklahoma 2018,10.56,954,2063,300,510,684,337,892,428,964,2178,293,393,559,383,854,415
Pennsylvania 2018,-3.17,893,1948,291,429,651,283,956,391,816,1971,192,450,613,275,917,406
Providence 2018,10.23,899,2037,223,554,787,367,880,430,913,2054,240,478,654,357,911,469
Purdue 2018,8.74,1033,2097,353,555,747,311,984,399,907,2197,251,366,531,376,828,448
Radford 2018,-4.08,850,2000,277,445,614,414,830,441,819,1897,261,437,582,317,818,469
Rhode Island 2018,4.61,954,2096,236,439,630,386,784,362,811,1792,182,534,728,303,867,536
San Diego State 2018,3.91,902,1967,239,502,702,364,886,394,795,1908,251,399,549,297,780,443
Seton Hall 2018,10.11,971,2073,250,509,729,414,888,432,903,2057,262,444,613,347,802,431
South Dakota State 2018,-0.38,1003,2147,374,578,759,308,1052,353,955,2235,291,398,554,305,938,371
St. Bonaventure 2018,2.61,884,1959,255,597,794,344,864,391,807,1917,266,527,737,353,833,488
Stephen F. Austin 2018,-6.46,1000,2059,242,577,819,399,849,540,768,1796,246,604,878,325,799,691
Syracuse 2018,10.02,832,1995,208,594,807,433,942,460,801,2046,289,469,642,400,837,469
Tennessee 2018,10.12,885,2012,273,541,715,404,858,422,784,1917,222,511,720,383,811,484
Texas A&M 2018,10.62,976,2121,230,449,679,429,1021,476,892,2186,268,415,603,378,844,379
Texas Christian 2018,9.68,979,1973,274,476,674,365,836,419,894,1958,262,437,598,291,710,410
Texas Southern 2018,-5.53,925,2111,280,657,906,368,933,453,1048,2320,280,483,724,442,939,426
Texas Tech 2018,9.6,964,2096,252,579,823,396,936,454,806,2008,249,536,762,368,831,554
Texas 2018,10.67,882,2010,245,441,663,358,859,399,861,2028,237,379,532,353,863,425
UCLA 2018,6.86,927,2014,310,515,715,335,948,399,891,2105,287,438,625,347,848,351
Villanova 2018,10.24,1220,2440,464,559,718,380,1056,426,1028,2401,272,479,641,378,928,512
Virginia Tech 2018,6.72,931,1865,289,483,681,244,834,395,844,1965,292,402,577,346,784,433
Virginia 2018,9.07,848,1844,247,340,451,282,817,290,647,1703,215,327,447,280,768,432
West Virginia 2018,9.36,1036,2374,322,570,744,513,888,420,835,1962,288,617,866,375,893,612
Wichita State 2018,5.46,957,2009,300,517,700,404,932,385,809,1922,282,464,639,271,734,379
Wright State 2018,-3.64,873,2019,237,517,723,354,912,459,816,1965,268,407,573,303,875,531
Xavier 2018,9.45,1011,2055,274,657,843,340,1002,441,944,2192,301,427,562,296,799,400
Alabama 2012,7.18,778,1722,136,443,623,352,714,423,666,1711,164,422,654,373,699,442
Baylor 2012,8.03,1004,2148,259,572,759,470,810,522,883,2114,232,485,706,428,753,535
Belmont 2012,-1.22,975,2026,309,572,779,401,750,430,850,1981,207,456,694,402,761,506
Brigham Young 2012,1.55,977,2099,233,540,771,381,842,473,841,2029,229,447,671,348,865,554
University of California 2012,4.53,893,1878,156,477,641,341,754,411,786,1893,186,346,505,315,722,438
Cincinnati 2012,6.28,924,2194,260,414,643,489,736,403,849,2063,207,371,542,443,881,518
Colorado State 2012,5.23,764,1621,189,526,685,266,673,408,738,1696,230,471,669,309,662,383
Colorado 2012,5.73,835,1874,199,560,810,351,841,468,812,2009,229,416,642,366,816,444
Connecticut 2012,8.07,858,1900,185,435,657,415,736,418,785,2034,245,378,514,457,728,372
Creighton 2012,3.41,975,1935,287,535,737,330,833,421,903,2049,228,405,600,328,740,361
Davidson 2012,-1.68,879,1969,255,558,731,415,752,388,781,1830,170,506,758,315,757,409
Detroit Mercy 2012,-0.01,903,2008,165,626,857,434,690,450,842,1915,244,504,719,381,779,544
Duke 2012,8.4,874,1915,274,606,864,406,746,415,864,1996,153,453,657,395,764,434
Florida State 2012,7.62,877,1923,216,473,669,398,771,550,749,1965,221,482,674,430,738,531
Florida 2012,7.33,976,2106,357,499,700,416,764,410,875,2068,226,428,618,391,826,464
Georgetown 2012,7.69,811,1743,186,470,673,367,741,417,683,1766,164,429,631,360,657,424
Gonzaga 2012,3.25,823,1740,215,575,803,359,736,433,771,1867,198,346,514,332,679,428
Harvard 2012,-1.56,695,1490,185,458,613,262,661,379,637,1555,143,307,467,273,604,388
Indiana 2012,7.8,949,1928,229,655,858,383,747,463,847,1988,219,479,682,391,703,482
Iona 2012,-1.82,1021,2033,254,440,617,353,689,414,885,1962,237,393,565,379,747,530
Iowa State 2012,7.32,847,1888,293,503,731,371,802,419,864,1977,193,365,523,316,776,395
Kansas State 2012,7.53,812,1849,183,536,799,471,658,474,716,1750,178,504,731,385,685,526
Kansas 2012,9.93,1023,2169,222,597,863,449,919,506,826,2176,236,519,721,419,837,533
Kentucky 2012,7.93,1096,2248,225,678,938,472,973,445,889,2379,219,426,614,487,799,464
Lamar 2012,-3.77,902,2087,153,616,855,497,791,418,838,1989,177,443,659,385,817,495
Lehigh 2012,-5.14,902,2030,254,590,768,386,718,391,808,1952,206,466,661,369,833,504
Long Beach State 2012,0.87,880,1880,221,529,790,391,750,440,804,1909,207,360,519,373,736,513
Long Island University 2012,-5.1,920,1940,225,704,965,396,771,546,1039,2313,209,354,510,470,763,469
Louisville 2012,9.02,963,2281,233,568,826,518,905,562,857,2233,218,508,766,509,932,621
Loyola (MD) 2012,-2.72,755,1775,164,548,762,430,614,443,739,1723,168,474,688,363,699,473
Marquette 2012,7.5,919,2033,201,599,831,414,735,461,831,2065,213,433,632,468,807,577
Memphis 2012,5.26,933,1899,185,563,785,332,761,444,751,1945,188,518,745,424,728,492
Michigan State 2012,9.82,960,2012,200,531,759,420,882,474,751,1981,214,479,681,364,742,465
Michigan 2012,8.98,808,1777,276,363,503,291,676,370,756,1768,203,375,526,329,747,424
Mississippi Valley State 2012,-7.65,812,2025,252,456,708,460,696,511,801,1851,233,510,780,386,896,564
Missouri 2012,5.68,981,1945,293,559,730,319,706,358,869,1956,222,361,534,380,729,501
Montana 2012,-3.39,781,1689,195,482,672,286,663,401,684,1688,165,452,646,346,725,478
Murray State 2012,-2.6,811,1732,239,551,761,360,659,458,730,1749,140,401,607,382,671,546
Nevada-Las Vegas 2012,4.37,942,2062,291,496,734,408,819,466,817,1991,217,456,678,383,835,539
New Mexico State 2012,0.08,970,2045,165,707,1058,518,834,533,896,2085,213,454,673,382,743,524
New Mexico 2012,3.34,876,1898,264,529,748,395,821,467,731,1903,213,401,594,351,742,499
Norfolk State 2012,-5.39,870,1977,198,544,829,421,765,539,842,2044,210,522,778,431,810,504
North Carolina-Asheville 2012,-2.72,920,1907,223,682,893,377,716,456,865,1949,234,462,695,415,718,539
North Carolina State 2012,6.8,977,2134,198,545,774,456,825,470,889,2140,236,487,687,414,818,461
North Carolina 2012,7.07,1134,2473,194,629,922,570,1022,447,957,2431,275,360,529,425,888,507
Notre Dame 2012,6.47,781,1800,221,474,673,345,705,342,791,1912,168,345,489,381,786,367
Ohio State 2012,9.07,1057,2219,199,600,846,447,898,449,840,2062,234,419,599,327,832,577
Ohio 2012,0.17,901,2107,278,517,749,451,685,481,775,1880,198,563,787,416,881,644
Purdue 2012,8.05,889,2019,284,452,689,391,648,306,826,1870,216,442,632,352,840,440
Saint Louis 2012,4.06,814,1813,238,470,653,346,648,382,691,1668,134,444,618,309,750,500
Saint Mary's (CA) 2012,0.78,857,1811,245,508,697,378,774,383,771,1802,176,350,523,298,675,393
San Diego State 2012,3.79,863,1903,197,493,703,360,793,426,778,1921,234,376,545,320,783,435
South Dakota State 2012,-1.87,918,1963,284,569,783,363,715,370,871,1942,199,388,564,327,800,455
South Florida 2012,7.29,772,1765,169,421,597,374,741,485,721,1866,179,416,589,373,720,397
Southern Mississippi 2012,3.61,819,1975,215,573,779,471,662,377,766,1727,179,501,689,295,796,486
St. Bonaventure 2012,2.84,770,1687,174,540,710,352,686,439,719,1723,185,458,642,328,639,400
Syracuse 2012,8.02,1006,2156,233,495,709,459,722,389,795,2064,235,432,639,541,807,591
Temple 2012,4.94,861,1836,228,451,627,333,686,401,806,1855,181,432,615,364,724,428
Texas 2012,8.12,836,1927,197,601,820,453,665,426,774,1862,199,523,772,409,725,460
Vanderbilt 2012,8.04,885,1921,307,538,770,361,764,465,861,2055,206,411,587,407,782,451
Vermont 2012,-5.19,848,1914,191,528,714,401,765,445,783,1930,191,436,643,387,768,452
Virginia Commonwealth 2012,0.63,837,2040,267,507,740,439,676,411,762,1796,174,456,660,393,875,644
Virginia 2012,4.23,721,1576,155,403,558,253,691,367,636,1589,149,314,495,266,680,413
West Virginia 2012,7.53,838,1914,174,496,739,493,642,422,815,1816,179,385,567,331,712,444
Western Kentucky 2012,0.51,769,1952,195,539,785,449,724,534,839,1940,163,542,755,395,869,510
Wichita State 2012,3.8,912,1892,230,491,656,359,798,403,729,1856,186,416,603,321,713,422
Wisconsin 2012,8.24,797,1875,285,425,575,349,763,320,708,1819,129,370,542,331,791,388
Xavier 2012,6.22,899,1986,176,569,819,378,805,448,828,2062,224,542,732,397,831,452
Arizona 2017,7.63,977,2048,244,635,830,380,978,413,893,2121,239,415,607,339,768,432
Arkansas 2017,8.6,997,2165,233,628,825,401,897,428,901,2159,263,594,843,460,862,477
Baylor 2017,11.87,921,1956,230,478,661,451,878,469,794,1960,222,418,586,351,672,397
Bucknell 2017,-2.48,942,1961,286,497,730,302,901,466,860,2017,216,440,667,347,829,487
Butler 2017,10.23,906,1898,261,522,704,287,804,346,818,1837,231,474,680,293,772,451
UC-Davis 2017,-4.68,873,2008,221,558,828,364,916,513,889,2086,253,475,666,347,894,503
Cincinnati 2017,5.49,969,2116,264,472,688,437,891,361,767,1974,251,423,575,368,794,475
Creighton 2017,8.95,1078,2137,304,404,592,289,934,435,933,2134,259,424,615,379,878,489
Dayton 2017,4.27,820,1763,258,530,768,277,820,376,731,1772,227,437,618,312,798,479
Duke 2017,10.91,1019,2144,311,642,842,390,951,421,959,2218,187,492,693,399,846,447
East Tennessee State 2017,-2.11,960,1967,265,597,850,357,912,519,819,1962,274,526,729,340,783,548
Florida Gulf Coast 2017,-3.42,1007,2017,221,466,664,379,890,421,830,1953,232,464,682,347,738,441
Florida State 2017,8.87,1036,2146,233,568,824,409,915,415,857,2060,259,550,769,382,807,494
Florida 2017,11.01,953,2118,278,620,851,416,915,431,849,2070,198,498,705,375,891,533
Gonzaga 2017,4.13,1149,2280,286,638,890,378,1209,448,875,2400,223,425,646,421,891,475
Iona 2017,-2.47,979,2155,342,513,668,338,912,421,951,2183,280,507,729,429,916,461
Iowa State 2017,11.94,1031,2186,344,423,604,318,901,355,933,2178,270,393,558,416,923,491
Jacksonville State 2017,-3.24,857,1869,258,462,647,355,889,477,816,1955,268,478,663,343,773,381
Kansas State 2017,10.48,869,1883,247,538,775,330,802,453,827,1921,250,468,642,382,789,525
Kansas 2017,12.23,1071,2193,318,535,789,428,965,456,924,2200,268,472,660,401,833,483
Kent State 2017,-1.63,986,2302,257,543,755,539,915,465,931,2139,265,501,713,385,853,502
Kentucky 2017,10.49,1134,2396,267,690,980,470,1042,443,979,2309,235,523,774,388,944,544
Louisville 2017,11.15,952,2085,238,486,708,457,886,374,760,1894,213,510,734,348,791,460
Marquette 2017,8.6,919,1888,336,457,585,280,778,396,859,1871,235,465,667,319,758,418
Maryland 2017,8.29,827,1840,272,512,732,351,822,426,797,1917,212,440,626,383,777,418
Miami (FL) 2017,9.57,813,1800,209,443,617,363,813,417,761,1817,208,386,522,318,725,392
Michigan State 2017,10.5,905,1927,273,432,646,328,947,490,832,2027,229,511,704,349,801,380
Michigan 2017,10.17,1002,2076,361,486,624,280,831,348,958,2060,224,383,560,348,862,478
Middle Tennessee 2017,-0.48,1014,2077,228,441,631,355,918,374,791,1882,219,498,700,286,802,476
Minnesota 2017,8.82,887,2037,209,573,806,378,963,393,857,2142,220,427,626,415,897,429
Mount St. Mary's 2017,-3.51,877,1977,261,431,640,276,806,472,923,2039,190,438,664,427,924,534
Nevada 2017,2.03,933,2082,320,606,859,386,965,386,920,2149,236,420,607,341,888,397
New Mexico State 2017,-3.82,913,1957,252,600,843,436,903,465,827,1972,188,468,686,371,753,466
New Orleans 2017,-5.34,830,1755,139,532,749,386,754,534,792,1793,209,422,614,349,667,521
North Carolina Central 2017,-12.12,910,2005,255,467,684,397,916,406,788,2007,210,373,576,416,809,474
North Carolina-Wilmington 2017,-0.55,1071,2231,336,489,708,422,839,363,938,1964,192,556,777,320,864,504
North Carolina 2017,11.76,1226,2633,283,642,916,630,1118,473,982,2377,319,541,746,362,896,544
North Dakota 2017,-5.45,926,1919,228,498,698,297,849,419,824,1858,215,494,715,310,813,479
Northern Kentucky 2017,-2.84,928,2037,300,503,740,391,928,468,918,2087,227,444,628,322,843,427
Northwestern 2017,8.43,913,2094,256,476,637,386,918,383,817,2025,233,490,732,404,871,430
Notre Dame 2017,9.78,980,2139,334,489,611,334,878,341,914,2118,250,416,565,387,891,456
Oklahoma State 2017,12.22,957,2050,294,620,786,454,761,432,875,1856,235,604,834,345,738,491
Oregon 2017,8.38,1091,2270,334,560,787,412,1019,454,932,2311,273,428,595,408,866,516
Princeton 2017,-1.84,772,1716,298,307,416,247,756,298,652,1568,195,344,499,238,764,394
Providence 2017,7.84,804,1795,239,472,683,294,807,412,810,1840,207,380,562,322,820,454
Purdue 2017,8.79,980,2044,315,515,680,344,978,455,902,2145,242,347,491,313,775,411
Rhode Island 2017,4.62,916,2019,217,528,791,409,892,389,762,1875,166,598,845,373,839,459
Saint Mary's (CA) 2017,2.19,892,1797,293,372,499,324,881,365,738,1792,149,329,476,245,658,318
Seton Hall 2017,9.25,872,1949,202,471,733,439,872,449,811,1872,214,487,677,295,792,403
South Carolina 2017,10.16,924,2197,248,611,874,464,882,480,789,1969,208,628,868,382,922,632
South Dakota State 2017,-0.66,881,1938,318,603,782,316,913,453,963,2140,369,402,557,356,839,400
Southern California 2017,6.4,975,2139,283,583,787,387,899,398,973,2243,301,386,538,408,864,452
Southern Methodist 2017,4.45,914,1934,286,485,696,416,919,377,745,1928,282,328,474,329,706,409
Texas Southern 2017,-7.81,866,2015,205,656,893,401,827,407,940,2113,196,466,682,441,869,473
Troy 2017,-3.36,982,2153,311,614,847,409,953,462,933,2182,295,506,703,380,887,463
UCLA 2017,6.39,1210,2320,354,459,622,343,1043,404,1000,2371,310,409,602,413,844,423
Vanderbilt 2017,10.72,815,1896,346,513,660,286,922,430,862,2028,226,435,622,339,870,379
Vermont 2017,-3.27,943,1909,229,456,651,326,866,392,812,1918,199,351,498,315,751,453
Villanova 2017,9.28,965,1948,311,538,681,316,892,402,846,2018,251,313,445,336,737,475
Virginia Commonwealth 2017,3.77,945,2050,199,527,747,386,889,435,800,1897,202,541,776,334,851,515
Virginia Tech 2017,8.38,887,1813,290,546,741,240,828,398,902,2029,264,397,554,359,787,383
Virginia 2017,10.93,839,1823,232,336,474,297,822,324,658,1653,209,391,559,264,758,432
Wake Forest 2017,9.8,923,1955,268,619,795,349,850,389,891,1948,270,536,740,323,786,385
West Virginia 2017,9.67,1059,2333,275,621,907,534,853,455,826,1948,250,565,827,393,881,740
Wichita State 2017,2.96,992,2114,310,622,848,433,1039,406,754,2000,241,497,718,321,833,488
Winthrop 2017,-6.12,891,1957,313,520,725,316,908,430,811,1990,219,481,666,355,852,462
Wisconsin 2017,9.4,971,2135,283,453,703,460,917,411,822,1992,251,413,559,313,829,473
Xavier 2017,11.51,981,2148,267,607,881,451,966,478,964,2144,283,500,716,327,861,454
Akron 2013,0.18,852,1874,229,436,678,425,720,458,723,1831,176,449,629,358,702,449
Albany (NY) 2013,-4.53,761,1748,213,516,700,345,677,468,787,1848,212,337,514,324,745,438
Arizona 2013,7.47,880,1933,269,541,722,393,779,458,784,1909,211,447,629,321,730,465
Belmont 2013,-0.96,906,1844,279,442,604,306,660,440,725,1748,218,461,651,384,716,572
Boise State 2013,5.27,824,1790,249,446,597,323,665,385,709,1623,211,466,660,240,704,430
Bucknell 2013,-1.96,818,1807,157,484,652,308,834,321,703,1864,177,383,543,300,742,307
Butler 2013,6.08,869,1931,239,518,744,419,794,474,807,1938,201,484,688,322,735,406
University of California 2013,7.77,833,1875,134,418,585,361,773,417,753,1915,189,428,622,384,749,370
Cincinnati 2013,6.93,791,1963,230,450,696,488,731,432,716,1851,171,403,606,367,772,452
Colorado State 2013,5.89,881,1961,180,611,855,493,804,389,767,1852,233,462,674,281,703,380
Colorado 2013,7.95,775,1788,178,502,732,378,750,439,769,1918,224,336,485,371,748,426
Creighton 2013,5.16,942,1882,307,489,644,300,872,443,845,2074,215,369,542,359,740,377
Davidson 2013,-3.45,837,1813,256,560,704,306,742,371,739,1805,155,477,665,328,750,414
Duke 2013,9.54,960,2033,270,588,796,337,782,383,852,2049,160,486,671,415,834,502
Florida Gulf Coast 2013,-2.07,976,2112,247,497,736,412,814,545,866,2133,250,487,708,447,866,580
Florida 2013,6.83,960,2010,300,422,623,381,798,401,725,1897,193,369,567,358,759,522
Georgetown 2013,7.59,737,1627,189,407,599,297,662,407,623,1649,172,388,582,342,681,454
Gonzaga 2013,4.18,961,1934,226,548,777,409,786,393,735,1909,244,381,561,373,672,480
Harvard 2013,0.16,677,1425,191,504,697,219,577,399,707,1601,150,360,496,302,622,409
Illinois 2013,10.08,858,2084,280,469,646,427,671,411,810,1911,232,480,684,392,864,511
Indiana 2013,8.38,951,1971,257,672,904,439,831,469,815,2089,208,398,563,428,686,509
Iona 2013,-0.02,956,2106,283,538,689,395,699,421,938,2083,272,447,669,418,810,475
Iowa State 2013,6.13,962,2111,346,509,696,422,816,460,890,2076,215,491,679,367,812,462
James Madison 2013,-2.28,818,1941,211,499,714,365,699,401,798,1865,221,509,732,368,870,490
Kansas State 2013,6.53,872,2002,238,432,631,470,675,403,750,1792,171,444,646,375,745,493
Kansas 2013,7.54,985,2049,216,596,809,399,955,517,788,2183,236,480,699,436,783,468
La Salle 2013,4.46,871,1931,262,446,605,332,626,390,872,1912,142,371,544,379,813,486
Liberty 2013,-5.8,838,1954,251,562,770,367,797,478,879,2084,212,549,802,435,868,385
Long Island University 2013,-5.8,915,1909,246,601,870,404,679,486,958,2046,235,438,647,403,744,441
Louisville 2013,9.13,1048,2300,230,652,920,531,854,495,825,2089,221,480,730,469,858,730
Marquette 2013,8.58,842,1844,147,551,755,418,698,471,776,1922,223,416,610,407,672,439
Memphis 2013,2.7,976,2071,220,509,771,438,805,523,825,2038,204,481,711,413,792,557
Miami (FL) 2013,7.88,895,1968,254,465,680,357,822,377,795,1987,226,365,562,365,810,425
Michigan State 2013,10.55,882,1921,177,507,710,421,820,489,758,1943,199,414,621,353,736,447
Michigan 2013,10.05,1093,2260,296,450,642,416,830,368,941,2221,242,343,503,396,855,470
Middle Tennessee 2013,-1.52,848,1835,181,528,759,407,740,464,674,1704,164,462,729,341,707,530
Minnesota 2013,10.31,815,1838,184,523,764,501,685,467,720,1813,213,462,666,401,647,438
Mississippi 2013,4.14,977,2230,238,587,866,466,785,395,865,2122,241,438,660,432,919,552
Missouri 2013,6,924,2015,215,525,706,454,812,442,812,2015,234,410,598,373,719,410
Montana 2013,-4.21,760,1635,219,499,651,248,657,391,745,1733,176,430,606,334,710,387
Nevada-Las Vegas 2013,5.71,872,2002,227,525,747,418,863,487,794,2039,203,415,599,361,820,454
New Mexico State 2013,0.7,832,1828,137,554,845,429,806,506,780,1949,193,422,590,372,720,432
New Mexico 2013,6.63,768,1815,221,598,829,335,788,402,760,1944,263,337,500,342,809,445
North Carolina A&T 2013,-6.3,776,1927,215,532,809,387,779,564,763,1965,240,525,804,445,904,589
North Carolina State 2013,7.17,985,1987,184,554,813,396,790,433,899,2145,209,451,621,430,746,400
North Carolina 2013,8.01,1023,2321,272,442,655,478,776,433,918,2170,248,408,581,417,911,558
Northwestern State 2013,-3.77,919,2007,189,532,775,435,698,448,823,1934,169,470,750,453,796,535
Notre Dame 2013,7.22,892,1929,228,438,618,387,759,393,845,2011,191,341,494,368,752,358
Ohio State 2013,9.32,928,2057,227,516,729,378,841,377,776,1963,230,415,580,360,836,493
Oklahoma State 2013,6.73,814,1854,183,560,751,354,756,411,716,1838,204,443,645,376,776,490
Oklahoma 2013,7.09,803,1847,159,495,654,377,689,376,760,1819,205,397,572,363,758,423
Oregon 2013,5.77,944,2110,192,570,809,451,834,555,845,2039,203,459,679,350,811,569
Pacific 2013,1.05,824,1839,225,471,684,333,704,390,760,1799,243,475,667,338,795,449
Pittsburgh 2013,5.63,837,1775,163,445,666,425,642,364,627,1598,172,421,582,316,626,444
Saint Louis 2013,4.28,808,1812,210,562,798,306,726,383,735,1787,157,409,625,340,811,537
Saint Mary's (CA) 2013,3.31,910,1939,273,517,713,422,777,416,763,1820,195,482,669,286,714,409
San Diego State 2013,6.19,839,1916,202,476,697,376,768,410,754,1917,203,366,540,341,787,429
South Dakota State 2013,-3.27,910,1938,270,478,627,331,794,365,867,1952,243,323,465,290,779,388
Southern 2013,-10.31,761,1757,226,475,689,288,747,359,658,1795,161,413,614,371,802,447
Syracuse 2013,8.57,1007,2293,233,569,843,560,820,495,794,2152,246,513,762,511,884,616
Temple 2013,5.2,851,1986,243,511,707,381,676,366,824,1882,196,465,642,358,856,463
UCLA 2013,7.82,961,2131,171,511,706,387,778,391,926,2181,218,357,537,458,875,491
Valparaiso 2013,-1.13,823,1699,253,521,713,303,705,486,745,1795,159,470,652,322,667,441
Villanova 2013,8.53,732,1760,204,639,889,383,733,533,733,1812,245,503,740,346,779,518
Virginia Commonwealth 2013,4.47,1010,2243,281,469,669,479,676,407,811,1825,198,503,736,400,852,709
Western Kentucky 2013,-1.14,837,1959,226,509,755,441,763,537,824,1945,200,516,742,374,815,504
Wichita State 2013,6.09,954,2166,259,553,791,512,843,492,797,2020,238,553,774,355,835,505
Wisconsin 2013,9.73,823,1960,259,369,582,401,801,334,744,1890,136,334,485,325,838,392
Albany (NY) 2014,-5.22,765,1733,163,546,728,343,832,428,775,1848,236,388,537,329,733,397
American 2014,-3.25,748,1527,207,378,535,232,754,464,671,1621,161,448,660,319,643,396
Arizona State 2014,7.41,836,1852,268,546,787,281,891,377,821,1961,175,474,732,385,866,394
Arizona 2014,9.04,996,2123,204,573,870,465,984,387,776,2041,173,500,698,369,812,471
Baylor 2014,10.11,959,2108,280,645,949,525,931,440,927,2179,258,465,688,432,768,394
Brigham Young 2014,5.72,1012,2186,177,730,1055,463,969,395,935,2175,259,577,810,382,871,441
Cal Poly 2014,1.69,754,1850,218,415,603,377,719,303,739,1703,183,502,694,341,809,383
Cincinnati 2014,5.28,805,1893,196,519,733,457,767,377,690,1745,182,424,628,366,712,485
Coastal Carolina 2014,-6.31,861,1969,212,524,758,434,902,473,778,1934,264,506,730,372,803,440
Colorado 2014,8.8,814,1871,181,648,903,401,904,466,856,1986,251,424,603,319,779,422
Connecticut 2014,8.63,971,2163,287,644,829,387,1002,457,878,2241,241,532,801,492,886,518
Creighton 2014,7.17,957,1927,356,486,654,293,899,342,844,1983,234,454,654,347,765,338
Dayton 2014,5.34,935,2018,243,558,819,414,875,442,843,1936,203,589,832,353,805,459
Delaware 2014,-1.1,936,2108,252,658,925,385,879,334,936,2115,219,557,803,429,936,418
Duke 2014,8.48,929,2020,316,571,783,410,797,328,848,1860,138,525,758,357,780,425
Eastern Kentucky 2014,-4.34,881,1810,315,600,798,243,641,359,793,1631,204,621,880,325,785,574
Florida 2014,8.54,945,2056,255,582,871,437,948,418,806,2004,207,434,626,370,821,526
George Washington 2014,4.42,839,1812,187,550,845,394,835,428,788,1895,214,421,632,383,730,442
Gonzaga 2014,5.36,972,1963,255,562,793,343,948,419,806,2027,203,557,784,399,779,422
Harvard 2014,-0.47,786,1691,184,587,811,335,757,365,680,1664,164,428,603,318,686,459
Iowa State 2014,9.88,1062,2239,301,564,814,375,1012,380,954,2272,259,511,698,403,926,418
Iowa 2014,7.43,919,1984,191,660,898,447,885,371,804,1938,229,484,686,361,740,439
Kansas State 2014,8.47,798,1840,198,486,741,406,774,404,723,1774,162,551,805,385,764,416
Kansas 2014,11.4,955,1937,189,665,935,416,920,463,815,1961,219,605,892,373,700,396
Kentucky 2014,9.9,1004,2213,203,781,1146,562,1045,469,933,2271,222,577,836,437,794,428
Louisiana 2014,-0.28,988,2127,246,613,913,464,865,459,907,2032,205,614,885,400,814,483
Louisville 2014,4.8,1051,2232,288,608,920,503,893,391,786,1983,170,518,761,434,851,638
Manhattan 2014,-0.9,828,1837,208,676,1019,415,819,468,739,1809,164,669,956,409,790,515
Massachusetts 2014,6,900,1962,177,525,769,404,863,446,843,1986,165,499,739,400,772,445
Memphis 2014,7.14,958,2009,182,516,801,427,841,449,888,2029,180,441,681,421,771,490
Mercer 2014,-3.42,982,2061,290,582,791,407,931,420,812,2024,236,550,787,399,791,452
Michigan State 2014,9.38,1024,2159,307,515,728,395,1005,430,817,2058,252,605,829,375,833,449
Michigan 2014,9.65,945,1982,319,527,691,316,844,336,905,2035,201,397,543,364,790,398
Milwaukee 2014,-0.44,808,1888,245,604,823,343,839,469,869,1991,204,527,707,373,868,445
Mount St. Mary's 2014,-4.44,843,1923,296,522,706,328,725,388,960,1939,155,491,669,357,850,439
Nebraska 2014,8.5,719,1684,188,511,713,278,781,349,696,1659,186,507,744,319,802,397
New Mexico State 2014,-2.58,936,1918,194,705,1027,428,918,457,863,2153,162,527,720,457,713,397
New Mexico 2014,4.84,847,1851,197,625,863,360,936,361,776,1995,243,453,625,368,747,338
North Carolina Central 2014,-8.03,847,1832,184,635,872,403,794,389,658,1726,186,521,753,382,698,534
North Carolina State 2014,7.44,950,2060,160,501,762,422,817,375,851,1997,196,606,851,453,813,414
North Carolina 2014,8.42,953,2057,146,552,882,483,867,406,810,1949,211,541,807,395,784,462
North Dakota State 2014,-0.02,888,1759,176,540,719,307,774,325,722,1709,222,498,664,290,660,381
Ohio State 2014,8.12,843,1875,200,546,793,346,841,394,761,1873,173,397,558,354,823,502
Oklahoma State 2014,8.34,898,1941,239,693,964,332,871,356,801,1957,211,552,803,409,853,484
Oklahoma 2014,8.97,909,2034,285,601,802,398,844,376,864,1976,236,544,761,369,829,426
Oregon 2014,8.05,928,1977,259,668,865,356,803,389,838,1907,198,647,912,377,748,458
Pittsburgh 2014,7.54,895,1944,183,613,861,432,859,373,771,1872,205,482,682,352,727,440
Providence 2014,7.85,849,1984,218,650,831,432,846,406,893,2017,188,469,681,374,789,383
Saint Joseph's 2014,5.08,840,1789,250,503,780,319,899,409,825,1966,231,417,602,343,780,344
Saint Louis 2014,4.24,829,1869,190,526,755,345,886,431,755,1875,139,456,665,354,828,485
San Diego State 2014,4.86,873,2009,186,598,902,470,894,355,734,1904,174,410,607,370,810,490
Stanford 2014,9,896,1950,208,616,877,347,910,409,844,2006,237,532,743,355,838,413
Stephen F. Austin 2014,-6.76,922,1992,248,569,800,451,735,393,746,1643,148,579,840,293,725,555
Syracuse 2014,7.25,819,1873,167,506,715,446,754,306,685,1669,233,409,612,346,726,455
Tennessee 2014,7.84,927,2048,205,613,852,501,923,388,823,1991,192,445,631,351,757,399
Texas Southern 2014,-10.07,857,1854,217,653,910,386,860,454,936,2075,222,418,607,386,755,374
Texas 2014,9.15,905,2095,178,610,909,528,921,426,819,2039,259,578,835,399,804,395
Tulsa 2014,1.17,835,1899,197,604,894,368,863,394,741,1830,218,599,869,363,851,477
UCLA 2014,7.62,1073,2196,229,628,839,368,940,379,898,2103,301,507,750,377,868,529
Villanova 2014,7.5,870,1907,304,607,848,379,884,406,763,1886,220,515,728,355,782,468
Virginia Commonwealth 2014,4.78,922,2196,260,520,772,479,838,423,808,1869,170,496,742,369,916,638
Virginia 2014,7.86,855,1884,206,533,792,379,933,362,727,1875,203,403,609,321,764,413
Weber State 2014,-4.23,732,1541,222,568,767,265,800,382,753,1763,134,421,599,311,652,291
Western Michigan 2014,-1.45,779,1684,195,620,856,323,820,464,773,1883,225,464,651,385,698,417
Wichita State 2014,1.74,896,1942,250,664,916,419,962,374,746,1911,211,438,674,339,776,435
Wisconsin 2014,10.19,927,2019,297,642,861,337,929,307,915,2135,184,418,579,350,862,370
Wofford 2014,-5.95,808,1804,196,393,592,352,738,351,727,1642,153,447,659,286,760,424
Xavier 2014,8.14,869,1850,174,530,770,379,834,421,797,1851,233,489,732,335,734,381
Akron 2011,-1.02,892,2073,283,457,649,363,875,432,832,2004,194,507,768,425,920,514
Alabama-Birmingham 2011,2.78,756,1725,239,368,513,352,757,387,699,1692,156,386,549,333,702,385
Alabama State 2011,-10.31,728,1841,165,525,870,460,811,551,715,1773,180,624,913,406,829,545
Arizona 2011,7.99,969,2064,296,671,899,408,911,484,940,2115,175,525,774,375,792,475
Little Rock 2011,-2.97,825,1938,242,565,819,377,827,428,811,1867,222,582,819,376,884,497
Belmont 2011,-4.42,944,2045,327,575,781,451,807,480,721,1764,183,553,815,382,755,665
Boston University 2011,-3.85,749,1865,265,507,695,414,835,418,783,1964,239,417,592,435,802,397
Brigham Young 2011,5.76,1019,2267,312,662,865,420,1005,404,902,2174,218,490,711,395,925,533
Bucknell 2011,-3.87,827,1855,234,499,633,270,879,380,747,1888,219,461,661,359,803,400
Butler 2011,5.02,919,2122,289,580,799,431,906,416,845,1994,229,518,771,351,869,472
UC-Santa Barbara 2011,0.12,742,1636,227,459,610,277,761,456,696,1712,227,486,693,356,700,429
Cincinnati 2011,6.1,848,1939,220,496,742,454,783,401,735,1790,171,445,633,351,737,492
Clemson 2011,6.58,810,1827,217,493,703,384,793,449,724,1801,193,445,627,382,740,516
Connecticut 2011,10.44,1053,2429,234,627,822,570,1056,466,973,2478,261,452,665,546,901,472
Duke 2011,8.32,1040,2206,291,622,826,446,953,447,896,2212,176,426,655,473,826,545
Florida State 2011,6.45,827,1903,212,482,725,422,910,541,696,1918,233,484,696,403,764,516
Florida 2011,7.57,968,2083,233,498,744,467,917,452,872,2075,214,387,576,393,788,461
George Mason 2011,1.37,876,1861,227,495,718,364,824,376,761,1847,201,401,591,376,741,454
Georgetown 2011,10.39,809,1703,223,417,568,324,757,433,737,1763,176,473,669,361,638,363
Georgia 2011,6.13,823,1822,156,465,667,407,836,444,741,1866,190,453,648,388,698,396
Gonzaga 2011,4.01,932,1947,203,617,810,398,916,474,786,1947,253,482,685,359,727,503
Hampton 2011,-8.77,746,1843,213,492,759,367,803,412,719,1874,180,452,671,449,868,516
Illinois 2011,11.11,894,1910,232,393,539,342,836,434,780,1931,205,457,632,384,738,413
Indiana State 2011,2.9,769,1793,235,480,676,352,820,477,713,1755,194,572,796,348,786,445
Kansas State 2011,8.41,849,1939,237,542,828,490,790,498,751,1782,178,569,803,350,708,524
Kansas 2011,7.62,1114,2193,271,585,862,449,1026,507,862,2188,225,509,697,397,775,535
Kentucky 2011,8.91,1002,2183,281,560,789,445,975,406,863,2188,210,476,658,431,854,457
Long Island University 2011,-5.77,928,2009,229,645,999,479,899,505,942,2165,208,374,567,428,802,497
Louisville 2011,8.2,949,2097,309,416,627,434,838,459,762,1935,199,536,770,455,813,564
Marquette 2011,8.51,973,2094,191,645,927,457,872,455,939,2142,260,408,618,433,808,515
Memphis 2011,3.14,891,1975,210,532,782,421,825,535,828,1987,205,531,778,445,772,519
Michigan State 2011,11.67,817,1894,220,484,691,407,849,454,787,1861,215,474,716,347,772,411
Michigan 2011,10.68,847,1889,283,351,502,289,826,351,795,1854,222,375,553,335,843,409
Missouri 2011,6.5,983,2145,245,537,727,425,772,431,851,1943,197,536,775,439,827,614
Morehead State 2011,-3.13,851,1874,204,506,751,484,827,525,735,1756,245,447,645,313,679,523
Nevada-Las Vegas 2011,6,842,1836,184,495,718,368,783,414,704,1737,189,480,689,363,743,534
North Carolina-Asheville 2011,-2.89,881,1950,168,576,810,400,813,506,803,1925,218,509,747,440,806,592
North Carolina 2011,10.15,1044,2317,190,590,878,525,1053,493,948,2339,267,382,580,454,889,526
Northern Colorado 2011,-2.24,731,1708,254,571,742,376,774,454,682,1660,238,503,711,305,690,443
Notre Dame 2011,8.43,843,1832,273,599,827,371,890,364,815,1996,234,363,511,372,739,351
Oakland 2011,0.1,1052,2137,287,601,834,451,915,473,984,2217,233,489,678,430,762,423
Ohio State 2011,8.38,1017,2059,285,535,763,419,858,375,838,1976,232,300,407,341,755,552
Old Dominion 2011,1.76,803,1828,166,459,687,524,831,424,717,1774,245,305,488,326,631,392
Penn State 2011,11.45,767,1748,216,394,544,337,731,358,768,1747,235,355,509,316,709,365
Pittsburgh 2011,7.85,886,1866,202,540,805,484,875,397,735,1850,199,404,598,350,643,378
Princeton 2011,-1.61,788,1696,193,446,609,315,790,389,721,1701,148,427,597,289,686,385
Purdue 2011,8.69,875,1957,235,481,673,380,827,354,770,1858,169,394,565,349,794,478
Richmond 2011,2.79,922,2007,287,446,649,344,878,383,832,2053,188,413,601,441,859,454
Saint Peter's 2011,-1.08,713,1782,197,446,693,384,825,511,683,1818,175,501,765,431,812,484
San Diego State 2011,6.36,991,2141,223,455,653,472,924,402,802,2027,194,394,547,381,765,460
Southern California 2011,7.97,813,1832,204,422,648,340,813,390,741,1810,191,458,653,324,798,404
St. John's (NY) 2011,10.01,807,1773,143,556,783,354,714,408,739,1703,253,480,684,354,735,530
Syracuse 2011,8.79,936,1983,222,474,713,429,879,433,788,2000,244,396,594,442,740,490
Temple 2011,4.23,868,1943,206,458,656,374,844,368,790,1908,187,357,504,340,792,447
Tennessee 2011,8.73,837,1941,175,527,770,464,815,454,785,1878,230,496,704,388,765,476
Texas A&M 2011,5.94,758,1719,181,557,799,412,781,426,702,1703,179,426,619,321,667,441
Texas-San Antonio 2011,-4.93,802,1871,234,546,774,362,824,461,813,1941,254,483,695,413,827,480
Texas 2011,7.96,954,2099,201,592,905,494,958,425,816,2108,162,444,648,423,800,461
UCLA 2011,7.93,830,1824,173,549,808,405,860,502,821,1964,176,436,648,396,720,410
Utah State 2011,0.5,840,1788,206,563,764,363,903,402,696,1815,186,417,616,319,688,412
Vanderbilt 2011,6.86,848,1853,263,622,837,370,885,441,848,2063,203,402,577,419,753,406
Villanova 2011,8.23,796,1819,210,582,769,402,821,392,739,1823,210,471,665,356,720,395
Virginia Commonwealth 2011,3.78,968,2228,339,589,824,428,864,452,971,2200,222,509,751,496,959,584
Washington 2011,7.74,1061,2260,305,480,712,488,879,426,844,2017,183,603,887,412,807,515
West Virginia 2011,11.03,783,1826,206,531,747,469,758,397,752,1827,172,458,658,417,699,393
Wisconsin 2011,9.42,798,1808,278,436,533,355,733,258,705,1647,179,403,542,273,735,329
Wofford 2011,-1.21,883,1853,197,539,778,372,736,404,796,1787,188,533,742,353,720,452
Xavier 2011,4.41,784,1700,173,565,756,328,802,386,707,1743,208,445,610,308,683,401
Arkansas-Pine Bluff 2010,-7.68,725,1778,141,575,861,422,864,569,698,1720,170,621,938,321,765,473
Baylor 2010,8.03,993,2040,255,530,731,443,965,491,816,2136,249,481,708,470,708,435
Brigham Young 2010,3,1025,2120,292,650,823,367,965,417,836,2049,220,500,733,372,809,565
Butler 2010,5.08,845,1911,260,661,896,353,888,456,805,1936,194,454,669,335,807,529
UC-Santa Barbara 2010,-1.09,674,1522,205,475,698,268,716,460,671,1611,198,432,647,341,710,458
University of California 2010,8.26,966,2028,228,543,717,395,846,421,866,1993,195,460,663,381,742,447
Clemson 2010,7.9,851,1878,216,432,654,420,758,480,746,1768,148,425,626,381,731,551
Cornell 2010,-0.91,913,1894,326,393,538,349,800,414,745,1777,197,467,658,335,707,463
Duke 2010,9.21,1049,2375,301,682,899,569,991,429,884,2204,158,515,750,468,842,569
East Tennessee State 2010,-1.47,855,1978,177,537,815,445,832,519,801,1917,260,500,756,425,825,582
Florida State 2010,6.79,783,1734,186,431,669,406,805,528,660,1751,203,409,609,385,659,513
Florida 2010,7.16,890,2006,203,472,671,455,810,423,841,1952,209,367,540,396,774,465
Georgetown 2010,9.56,905,1815,212,478,672,333,799,473,788,1890,216,454,632,380,673,445
Georgia Tech 2010,9.02,948,2064,213,512,779,464,966,574,818,2129,240,489,734,482,777,547
Gonzaga 2010,3.83,912,1856,182,608,916,358,928,444,818,2006,216,439,677,377,757,442
Houston 2010,3.48,958,2282,290,545,768,440,745,315,929,2016,197,569,797,469,1011,585
Kansas State 2010,10.28,981,2182,253,734,1098,559,878,529,853,2037,209,669,955,451,826,624
Kansas 2010,8.25,1033,2111,262,609,871,468,989,470,811,2142,229,461,672,460,751,502
Kentucky 2010,6.82,1066,2228,231,649,971,538,1046,538,875,2314,245,473,688,488,789,531
Lehigh 2010,-7.79,842,1853,220,574,799,339,862,429,834,1954,236,427,603,360,799,451
Louisville 2010,7.99,876,1960,262,491,700,478,739,453,786,1833,205,527,751,432,724,505
Marquette 2010,8.23,861,1890,274,489,660,343,728,353,828,1841,173,369,542,358,758,488
Maryland 2010,7.95,966,2052,195,502,689,421,849,383,808,2052,221,417,602,490,762,499
Michigan State 2010,8.17,974,2068,187,523,764,487,939,514,829,2043,248,455,642,373,736,459
Minnesota 2010,7.32,912,1949,246,463,661,375,862,427,779,1946,250,434,638,413,765,496
Missouri 2010,6.36,926,2104,258,517,714,441,759,432,775,1890,185,517,736,468,830,659
Montana 2010,-2.35,791,1636,210,436,603,283,765,390,690,1654,181,399,609,318,643,404
Morgan State 2010,-6.15,960,2239,205,688,983,568,920,499,902,2134,180,622,921,488,863,529
Murray State 2010,-3.89,978,1961,226,571,821,439,880,527,761,1967,195,458,660,424,667,603
Nevada-Las Vegas 2010,4.82,899,1950,231,456,637,337,812,395,693,1738,197,585,827,360,812,535
New Mexico State 2010,1.66,919,1997,287,537,767,358,854,437,954,2127,262,469,680,441,841,452
New Mexico 2010,3.84,887,2023,273,608,909,458,889,387,823,1922,255,451,673,331,834,475
North Texas 2010,-4.72,798,1748,179,662,921,364,856,485,846,1953,169,442,627,366,728,420
Northern Iowa 2010,4.27,747,1741,233,489,645,333,797,372,693,1705,204,339,491,292,750,425
Notre Dame 2010,6.22,918,1953,261,538,744,402,848,362,873,2008,233,414,558,372,756,361
Oakland 2010,-2.96,920,2053,206,630,876,477,867,485,935,2065,190,444,661,381,793,461
Ohio State 2010,7.37,983,1999,276,498,716,325,909,413,826,2015,245,377,531,373,801,529
Ohio 2010,-0.03,925,2153,278,635,883,443,928,473,905,2165,222,537,767,472,925,566
Oklahoma State 2010,6.97,839,1861,274,485,679,327,842,418,770,1835,227,476,682,326,796,440
Old Dominion 2010,1.78,922,2061,166,405,625,540,854,457,752,1867,196,369,555,369,733,509
Pittsburgh 2010,7.39,809,1811,181,537,775,420,849,421,754,1883,172,421,637,385,714,367
Purdue 2010,8.81,867,1957,187,546,755,351,819,381,737,1849,184,486,680,381,844,549
Richmond 2010,3.43,868,1943,250,441,630,304,835,384,761,1927,181,493,698,462,865,528
Robert Morris 2010,-6.15,815,1868,197,572,859,412,815,520,733,1800,221,619,861,392,780,549
Saint Mary's (CA) 2010,2.2,944,1950,284,496,652,370,874,394,856,2023,144,402,606,390,706,369
Sam Houston State 2010,-3.37,909,1963,287,511,727,410,837,442,789,1834,204,502,737,342,765,510
San Diego State 2010,4.21,875,1846,179,460,741,444,813,453,745,1843,225,386,557,375,660,453
Siena 2010,-1.17,930,2048,160,534,793,442,868,418,870,2032,209,277,434,364,804,517
Syracuse 2010,7.21,1042,2021,244,504,745,417,920,532,856,2151,261,351,551,480,708,547
Temple 2010,4.27,851,1942,204,367,533,377,904,358,727,1897,176,357,511,346,797,395
Tennessee 2010,7.75,991,2174,218,520,775,441,912,490,804,2031,230,575,827,435,876,599
Texas A&M 2010,9.8,813,1846,210,590,892,400,852,417,761,1854,206,464,660,357,803,473
Texas-El Paso 2010,1.96,891,1879,201,501,744,323,870,435,707,1804,196,521,780,376,794,519
Texas 2010,7.38,1005,2158,195,556,878,503,922,464,843,2091,191,504,737,435,791,516
Utah State 2010,1.23,941,1928,242,435,574,362,876,358,757,1867,198,385,543,322,708,392
Vanderbilt 2010,7.86,859,1829,203,616,854,361,836,448,819,1992,209,427,678,452,730,445
Vermont 2010,-6.69,826,1884,166,639,930,433,858,487,798,1991,196,475,688,435,761,479
Villanova 2010,7.75,899,1962,252,650,861,441,831,452,759,1855,240,646,910,390,728,504
Wake Forest 2010,8.85,811,1869,134,501,762,463,843,471,738,1890,179,500,728,429,729,426
Washington 2010,7.49,1004,2212,191,652,905,476,888,460,860,2041,178,621,911,421,814,578
West Virginia 2010,10.26,942,2190,257,611,868,585,882,451,836,2007,209,533,785,417,807,509
Winthrop 2010,-7.31,735,1934,124,448,696,450,826,402,695,1749,180,455,677,357,871,507
Wisconsin 2010,7.66,776,1750,246,416,568,320,736,289,673,1586,138,394,572,263,739,396
Wofford 2010,-2.57,825,1873,203,555,830,402,841,416,765,1836,169,435,646,345,795,491
Xavier 2010,5.94,961,2082,250,621,873,444,971,452,884,2158,201,464,709,415,816,449
