"","Team","FG","FGA","X3P","FT","FTA","ORB","DRB","TOV","Opp.FG","Opp.FGA","Opp.3P","Opp.FT","Opp.FTA","Opp.ORB","Opp.DRB","Opp.TOV"
"1","abilene-christian",806,1726,203,385,548,234,677,421,719,1623,198,495,703,242,696,474
"2","adams-state",30,57,7,10,19,7,28,21,28,58,7,24,37,9,20,11
"3","air-force",733,1751,250,408,556,270,679,378,773,1668,286,392,549,239,762,418
"4","akron",793,1823,305,405,582,248,711,434,828,1796,257,498,689,257,748,401
"5","alabama",807,1770,196,488,727,285,794,440,777,1876,225,465,680,303,729,396
"6","alabama-am",652,1651,175,329,515,257,628,467,858,1776,225,371,539,295,722,339
"7","alabama-birmingham",910,1882,215,405,542,280,844,409,801,1889,283,351,498,240,656,389
"8","alabama-state",726,1771,202,407,625,305,649,407,781,1731,231,546,801,310,747,380
"9","alaska-anchorage",62,157,12,27,41,24,63,32,66,149,15,40,52,21,67,33
"10","albany-ny",815,1774,180,496,661,298,720,349,781,1749,211,342,489,214,632,357
"11","albany-state-ga",23,54,6,7,12,8,21,20,28,60,8,13,25,9,23,15
"12","alcorn-state",746,1717,228,404,565,242,720,415,749,1748,252,467,661,293,704,391
"13","alice-lloyd",23,69,6,4,6,8,9,12,38,67,10,17,21,23,36,22
"14","allen",42,116,12,32,44,21,45,34,67,127,25,17,33,21,50,26
"15","american",681,1559,231,323,487,192,579,377,747,1542,187,451,629,228,710,382
"16","anderson-sc",13,51,4,13,24,12,17,23,29,56,6,11,14,10,31,19
"17","antelope-valley",22,57,6,24,32,10,20,14,35,61,9,18,29,9,25,9
"18","appalachian-state",864,1983,292,500,748,316,833,445,854,1953,232,508,705,235,812,417
"19","arcadia",27,64,9,18,27,13,20,19,30,59,10,25,31,8,25,16
"20","arizona",914,1826,221,519,685,283,816,386,809,1872,236,432,583,234,613,365
"21","arizona-state",833,1802,268,561,757,247,711,317,795,1812,246,425,584,285,716,437
"22","arkansas",949,2000,256,508,748,289,761,350,823,1908,282,584,801,321,767,437
"23","arkansas-fort-smith",51,124,16,23,33,21,45,30,74,137,16,28,38,21,51,15
"24","arkansas-little-rock",750,1755,200,338,553,261,712,441,754,1744,269,465,686,297,749,418
"25","arkansas-pine-bluff",794,1806,207,442,657,244,668,470,806,1867,223,582,816,366,807,503
"26","arkansas-state",818,1851,231,439,613,287,645,394,887,1801,240,432,610,264,749,405
"27","arlington-baptist",73,184,20,27,37,21,37,60,139,233,31,24,34,45,86,38
"28","army",790,1780,287,289,437,239,702,373,732,1646,243,439,619,228,736,398
"29","asbury",50,132,23,18,20,17,44,30,70,141,14,44,53,24,61,19
"30","auburn",833,1914,304,596,759,339,751,372,765,1788,246,496,683,272,720,464
"31","augustana-il",21,46,5,15,24,6,24,29,32,68,10,22,31,13,20,12
"32","austin-peay",830,1822,190,447,682,354,655,428,767,1668,215,475,665,234,678,495
"33","ave-maria",35,96,16,21,32,11,45,43,72,136,22,12,19,15,53,16
"34","avila",21,55,3,13,19,5,25,19,32,64,13,12,19,8,28,12
"35","ball-state",825,1828,236,447,635,272,812,404,813,1919,254,404,557,283,751,368
"36","barclay",24,65,8,9,13,2,21,19,37,83,5,21,34,22,35,15
"37","baylor",841,1830,192,431,585,329,753,407,762,1830,236,406,568,285,618,358
"38","belmont",869,1788,368,374,505,210,799,380,808,1891,224,358,485,254,703,353
"39","bemidji-state",17,63,6,6,8,6,27,16,38,73,13,5,8,9,37,6
"40","benedictine-az",25,62,7,11,19,8,23,21,27,71,10,21,29,17,28,14
"41","berea",12,51,3,6,9,7,15,28,40,71,11,21,26,11,30,11
"42","bethany-college-ks",25,73,12,5,7,6,23,10,36,75,15,8,15,16,39,13
"43","bethany-wv",28,74,11,10,16,11,22,16,39,71,14,21,35,13,31,9
"44","bethel-tn",23,67,3,9,20,13,24,29,30,62,1,29,51,17,31,22
"45","bethesda-ca",76,247,17,42,60,20,81,58,141,274,44,47,82,62,149,57
"46","bethune-cookman",835,1917,220,534,766,361,820,461,826,1951,219,522,738,320,735,398
"47","binghamton",761,1718,225,324,507,240,711,352,758,1685,231,375,530,217,726,345
"48","black-hills-state",16,55,5,15,20,5,19,14,39,60,19,8,9,3,35,12
"49","blue-mountain-college",87,232,31,41,71,22,101,79,144,275,37,36,58,34,131,47
"50","bluefield-college-va",25,66,4,14,19,8,17,10,30,57,2,23,26,9,31,15
"51","bluefield-state",36,130,9,30,43,21,50,48,67,151,25,45,64,37,72,31
"52","bob-jones",23,54,4,15,18,3,16,10,37,69,14,8,10,10,25,10
"53","boise-state",796,1721,277,390,529,240,792,380,709,1675,202,366,497,152,655,330
"54","boston-college",890,1971,290,456,618,301,819,419,886,1995,292,402,534,276,791,394
"55","boston-university",777,1673,224,349,543,234,680,397,773,1712,247,368,509,264,652,398
"56","bowling-green-state",801,1909,232,517,703,304,792,386,870,1894,257,424,588,254,802,380
"57","boyce",20,67,8,0,3,7,22,23,41,68,10,14,22,9,38,15
"58","bradley",768,1788,217,470,665,313,775,431,716,1768,243,461,627,274,723,422
"59","brevard",49,115,20,17,26,13,31,40,71,119,21,23,38,21,52,34
"60","brewton-parker",25,75,12,9,13,14,26,14,37,74,12,20,28,13,33,7
"61","bridgewater-va",19,61,6,13,22,8,22,25,28,63,8,31,44,16,30,20
"62","brigham-young",885,1829,219,528,701,194,823,385,842,1875,239,343,515,203,749,419
"63","brown",695,1631,186,504,667,257,642,351,741,1559,205,446,631,207,664,378
"64","bryant",754,1814,251,356,502,238,625,378,895,1807,300,413,584,298,782,369
"65","bryn-athyn",22,65,4,5,13,6,18,15,39,72,11,10,14,17,36,17
"66","bucknell",887,1861,250,577,799,258,843,408,828,1956,207,460,668,281,751,394
"67","buffalo",1045,2205,329,464,666,349,856,425,871,2051,230,607,826,303,806,456
"68","butler",932,1977,264,401,513,235,741,350,809,1792,250,470,629,222,747,443
"69","cal-lutheran",52,120,18,18,27,13,32,28,75,138,13,30,41,33,55,23
"70","cal-poly",677,1688,252,360,459,224,644,333,766,1678,215,404,545,252,733,313
"71","cal-state-bakersfield",668,1601,176,381,553,274,650,385,654,1535,229,465,660,231,641,375
"72","cal-state-fullerton",772,1611,161,523,700,212,743,410,717,1734,201,452,595,252,641,387
"73","cal-state-los-angeles",21,65,15,9,12,6,19,12,34,60,5,14,24,9,36,14
"74","cal-state-monterey-bay",23,59,9,1,2,3,16,17,39,67,5,10,19,17,29,15
"75","cal-state-northridge",677,1589,170,306,431,193,606,340,760,1628,184,381,520,263,712,302
"76","california",732,1772,140,453,665,342,628,429,796,1686,263,477,650,247,684,394
"77","california-davis",812,1737,208,497,694,216,734,406,747,1762,214,464,633,280,741,488
"78","california-irvine",878,2003,215,415,581,364,928,456,763,1938,215,535,770,272,751,350
"79","california-merced",15,62,10,6,10,9,24,19,34,71,8,15,26,15,35,10
"80","california-riverside",688,1710,179,395,555,241,702,409,716,1713,229,436,624,293,745,410
"81","california-santa-barbara",877,1891,257,414,594,291,803,325,803,1863,228,377,538,250,741,360
"82","calvary-university",10,48,1,4,6,0,10,19,44,71,7,7,12,18,37,11
"83","campbell",788,1646,277,423,571,179,720,347,751,1699,202,401,559,228,693,370
"84","canisius",878,1880,297,388,545,269,699,399,791,1761,204,480,660,269,711,456
"85","carroll",25,45,8,17,20,2,17,19,33,59,5,15,27,14,17,16
"86","carver-bible",55,131,10,15,21,11,43,38,75,152,17,29,38,28,62,30
"87","catholic",23,64,6,7,9,12,16,12,26,51,11,13,21,11,24,15
"88","centenary-la",19,58,7,6,12,7,16,9,29,55,6,10,14,8,30,10
"89","centenary-nj",15,45,5,6,12,3,22,18,32,62,17,4,8,8,28,9
"90","central-arkansas",896,1962,267,543,736,280,783,437,876,1992,218,519,774,358,796,461
"91","central-connecticut-state",759,1684,187,382,542,277,717,444,785,1797,266,379,540,264,636,339
"92","central-florida",660,1571,172,427,665,246,720,389,695,1734,189,317,441,268,705,360
"93","central-michigan",822,1924,306,514,641,302,742,365,851,1937,276,368,515,304,734,395
"94","central-pennsylvania-college",126,361,26,105,159,61,133,117,182,369,74,97,140,55,175,97
"95","central-state-oh",26,57,6,7,13,7,15,25,31,59,6,12,14,10,20,22
"96","chaminade",83,194,26,24,40,33,67,33,93,175,29,42,67,24,75,30
"97","champion-baptist",19,62,5,5,9,6,16,20,32,63,3,18,22,13,36,25
"98","chapman",15,52,7,15,20,8,18,16,35,71,6,15,22,21,28,8
"99","charleston-southern",777,1731,202,414,571,294,656,385,679,1574,258,407,542,232,675,459
"100","charlotte",664,1567,187,435,609,230,642,407,815,1695,225,386,538,240,698,346
"101","chattanooga",760,1744,269,435,612,249,684,434,882,1830,218,368,495,234,738,408
"102","chicago-state",751,1835,163,444,609,254,647,451,918,1856,283,542,762,311,815,427
"103","christendom",15,49,8,0,4,1,19,27,46,87,8,16,19,21,34,6
"104","cincinnati",852,1886,235,486,701,369,774,354,662,1786,204,338,494,268,647,464
"105","cincinnati-clermont",33,75,21,5,7,7,23,23,50,91,15,12,16,19,30,11
"106","citadel",848,2061,365,469,667,298,722,453,991,2051,323,441,606,343,896,494
"107","clemson",782,1732,260,436,578,239,782,364,735,1789,236,343,484,249,687,357
"108","cleveland-state",853,1963,294,402,572,237,749,449,936,2050,289,452,633,343,902,481
"109","coastal-carolina",748,1742,209,491,681,318,776,461,716,1754,269,490,675,258,661,372
"110","coastal-georgia",29,62,9,8,10,12,19,16,29,52,10,15,22,7,17,13
"111","coe",19,51,10,6,8,2,20,18,33,56,16,19,22,6,31,11
"112","colgate",789,1781,291,399,517,253,696,322,783,1714,259,348,477,215,736,396
"113","college-of-charleston",829,1784,249,503,659,235,740,298,780,1788,230,419,556,253,720,352
"114","colorado",785,1783,236,435,587,263,796,418,788,1846,259,451,638,256,703,321
"115","colorado-mesa",22,54,10,6,12,2,19,16,45,76,7,9,15,12,32,4
"116","colorado-state",787,1878,221,447,626,322,759,402,855,1841,294,461,654,269,757,378
"117","columbia",723,1631,261,295,395,237,639,320,696,1541,262,356,483,229,657,336
"118","columbia-international",33,95,7,29,37,10,41,47,75,132,19,37,62,24,52,18
"119","concord",43,139,18,15,26,18,46,30,64,126,21,43,58,19,74,26
"120","concordia-al",21,66,4,10,19,10,19,23,35,68,13,20,28,15,30,19
"121","concordia-mi",20,57,5,14,21,5,20,14,36,68,10,10,14,10,34,12
"122","concordia-ne",25,59,13,4,4,3,23,20,37,68,17,12,14,5,26,9
"123","concordia-st-paul",77,163,21,23,35,19,78,39,74,183,28,40,57,29,64,27
"124","connecticut",739,1771,209,424,574,273,677,384,784,1804,280,434,614,312,732,366
"125","coppin-state",641,1768,257,352,479,213,715,423,784,1838,239,507,700,317,862,378
"126","cornell",731,1561,213,404,548,181,672,347,780,1714,252,361,498,257,659,305
"127","cornell-ia",23,59,8,4,12,3,16,17,40,65,10,9,13,10,34,14
"128","creighton",945,1914,326,389,516,193,852,344,854,1977,244,347,477,251,767,349
"129","culver-stockton",43,110,18,15,23,15,39,46,75,143,20,21,28,23,49,21
"130","curry",17,58,7,1,2,6,17,20,43,72,11,10,16,14,32,8
"131","dakota-state",23,66,11,3,5,4,22,6,35,63,9,13,18,8,39,8
"132","dallas-christian",25,61,15,1,2,6,16,20,42,70,4,8,12,13,21,13
"133","dartmouth",651,1454,200,339,475,180,605,350,724,1555,220,302,386,200,637,327
"134","davidson",840,1743,316,340,427,183,753,291,751,1714,260,338,498,211,689,315
"135","dayton",776,1613,244,370,508,216,662,402,793,1688,253,361,505,230,631,364
"136","defiance",22,61,9,6,8,6,18,20,44,74,15,11,16,15,29,13
"137","delaware",833,1834,187,409,628,263,760,334,848,1859,270,399,552,261,779,322
"138","delaware-state",691,1666,180,335,487,252,618,429,797,1708,302,436,619,308,684,370
"139","denver",803,1700,211,375,540,263,761,437,746,1719,250,447,618,216,630,328
"140","depaul",819,1912,194,398,562,326,736,420,787,1788,286,429,578,258,735,432
"141","detroit-mercy",857,1961,272,451,599,263,725,410,917,1915,291,507,715,291,798,408
"142","doane-college",23,66,8,6,11,8,17,12,40,67,10,10,18,12,33,10
"143","drake",812,1848,278,452,586,208,774,368,877,1933,247,340,475,258,810,375
"144","drexel",857,1938,223,448,620,299,748,378,922,2000,237,432,609,313,767,348
"145","dubuque",18,67,9,2,2,8,24,11,27,56,12,14,15,4,37,13
"146","duke",967,1970,262,502,702,380,870,396,826,2058,236,341,460,310,623,371
"147","duquesne",801,1874,261,454,663,335,723,368,803,1771,192,447,645,257,738,383
"148","east-carolina",741,1723,182,329,494,254,666,416,818,1808,225,385,562,308,707,357
"149","east-central",16,50,8,19,28,2,26,19,33,70,11,15,24,16,34,15
"150","east-tennessee-state",904,1897,242,443,624,292,837,422,751,1863,241,417,601,280,718,467
"151","east-texas-baptist",26,73,10,4,10,11,20,10,36,76,8,13,18,22,35,13
"152","east-west",18,64,2,27,37,8,20,19,43,89,4,23,33,20,36,12
"153","eastern",25,58,13,7,14,6,20,19,34,64,10,17,20,9,28,13
"154","eastern-illinois",732,1726,224,377,551,292,696,398,740,1696,246,394,551,277,712,399
"155","eastern-kentucky",753,1714,220,431,581,238,664,378,828,1743,248,395,587,276,709,387
"156","eastern-michigan",841,1806,203,387,558,274,749,402,743,1822,257,402,557,322,692,435
"157","eastern-new-mexico",24,57,7,7,10,9,15,17,32,54,7,13,20,9,24,15
"158","eastern-oregon",19,65,6,8,9,10,14,10,38,63,9,12,17,14,35,13
"159","eastern-washington",882,1879,295,413,543,212,804,374,837,1878,225,473,662,245,782,376
"160","ecclesia",50,183,24,30,41,15,77,58,113,242,25,33,55,53,114,29
"161","edward-waters",69,174,16,34,44,19,61,54,102,197,37,36,49,27,76,38
"162","elizabeth-city-state",24,49,13,15,21,3,27,19,22,55,6,17,26,8,22,17
"163","elmira",26,68,7,6,11,12,14,20,43,65,11,16,19,6,29,14
"164","elon",817,1853,323,321,450,214,801,345,851,1963,320,318,447,286,796,306
"165","embry-riddle",27,58,9,19,20,6,32,16,21,59,5,23,34,10,24,13
"166","emerson",16,58,8,3,3,5,22,17,28,55,9,13,16,4,32,11
"167","emporia-state",22,55,7,11,12,8,20,17,23,58,2,19,34,22,21,17
"168","erskine",20,54,7,2,4,8,11,12,30,63,11,5,12,22,25,17
"169","eureka",49,140,22,17,18,12,45,20,73,150,31,22,31,23,69,14
"170","evangel",20,63,4,4,7,5,20,12,33,66,8,6,12,12,37,11
"171","evansville",707,1601,179,424,547,187,719,397,689,1637,241,363,530,218,686,407
"172","fairfield",881,2009,303,441,621,259,795,416,886,1946,271,506,716,273,869,439
"173","fairleigh-dickinson",818,1812,203,406,557,293,681,393,779,1785,241,461,616,318,695,414
"174","fairleigh-dickinson-florham",18,64,5,8,13,12,18,20,46,74,10,9,14,12,32,12
"175","fayetteville-state",21,68,3,7,8,15,27,10,23,60,7,8,11,11,31,13
"176","ferrum",16,50,6,5,7,4,16,26,35,63,13,12,20,15,28,19
"177","fisk",85,244,24,34,58,24,101,53,105,254,35,58,87,47,140,46
"178","florida",841,1937,292,460,640,296,732,296,787,1835,220,428,581,279,790,425
"179","florida-am",812,1932,213,455,627,267,658,428,937,1968,236,507,711,362,826,432
"180","florida-atlantic",769,1869,176,382,516,291,769,377,768,1777,187,389,566,248,782,372
"181","florida-college",46,127,18,25,38,20,59,40,76,167,21,22,38,36,65,16
"182","florida-gulf-coast",1022,2057,244,491,662,320,887,466,863,2033,261,448,671,283,707,468
"183","florida-international",790,1858,193,419,681,262,745,328,784,1794,234,429,624,270,854,428
"184","florida-memorial",14,58,3,11,22,12,21,16,31,64,10,4,4,6,32,14
"185","florida-national",100,282,30,40,59,50,89,61,126,253,47,67,95,39,116,52
"186","florida-state",906,1912,248,473,691,327,761,399,809,1923,263,428,590,294,698,421
"187","florida-tech",18,61,6,12,15,17,24,15,25,55,4,8,14,5,26,12
"188","fontbonne",15,48,7,7,9,11,13,18,38,62,9,11,21,14,22,4
"189","fordham",670,1624,224,313,438,157,623,336,786,1679,200,352,513,283,786,413
"190","franciscan",37,108,6,20,32,15,45,72,91,173,16,32,39,31,56,19
"191","fresno-state",849,1737,204,461,661,241,738,361,714,1655,208,463,621,208,695,393
"192","frostburg-state",16,61,1,12,18,11,17,16,32,65,8,17,25,15,35,13
"193","furman",907,1939,322,382,539,268,756,353,807,1851,217,381,540,281,759,458
"194","gardner-webb",802,1787,232,377,520,249,759,417,768,1779,249,445,618,245,729,386
"195","george-fox",20,69,12,10,13,10,19,15,33,63,9,26,33,11,35,16
"196","george-mason",815,1894,223,451,602,259,817,400,872,1930,267,421,610,264,786,351
"197","george-washington",801,1803,175,364,511,302,702,391,834,1826,219,357,507,273,696,346
"198","georgetown",800,1763,226,524,676,283,787,444,821,1870,259,393,529,243,682,348
"199","georgia",741,1766,193,493,700,331,809,381,761,1909,239,387,527,277,685,294
"200","georgia-southern",825,1925,256,513,775,336,773,349,789,1854,234,420,638,305,816,454
"201","georgia-state",880,1904,305,406,596,239,770,363,728,1848,291,491,707,332,775,456
"202","georgia-tech",733,1712,152,423,596,285,690,387,746,1737,222,393,548,282,692,371
"203","georgian-court",15,42,8,17,21,10,27,18,23,61,8,14,23,15,16,6
"204","goldey-beacom",19,51,6,23,39,7,16,17,26,52,9,21,30,9,27,26
"205","gonzaga",982,1945,291,443,614,297,853,360,757,1862,243,391,541,208,660,384
"206","gordon",23,59,5,12,17,7,27,15,31,69,11,7,16,10,29,9
"207","goucher",18,64,4,5,8,7,21,18,34,66,12,17,24,12,37,15
"208","grambling",731,1734,149,507,708,290,699,444,736,1695,187,507,743,283,689,428
"209","grand-canyon",801,1872,237,533,754,336,815,419,720,1802,147,497,705,286,778,469
"210","great-falls",22,53,7,15,23,6,20,9,34,60,7,19,29,12,29,6
"211","green-bay",859,2027,295,504,670,263,834,445,899,2087,253,448,631,318,875,436
"212","greensboro",22,75,4,12,22,7,22,11,36,69,6,23,29,12,47,18
"213","hampton",937,2067,186,562,727,298,885,411,864,2066,239,500,733,315,781,422
"214","hannibal-lagrange",25,58,4,5,12,8,20,18,31,63,6,15,21,8,26,9
"215","hardin-simmons",16,56,9,15,22,3,24,22,27,66,6,12,21,16,34,21
"216","harris-stowe",21,52,7,7,9,5,19,21,29,60,8,19,23,11,24,14
"217","hartford",778,1721,251,362,535,216,733,372,759,1758,239,389,580,259,723,373
"218","hartwick",25,59,10,5,8,4,26,20,39,74,9,10,19,9,29,9
"219","harvard",721,1671,245,362,459,230,737,391,682,1616,219,415,566,190,689,353
"220","haskell-indian-nations-institute",22,70,11,4,7,9,31,28,39,77,7,25,33,8,38,8
"221","hawaii",673,1533,192,413,603,221,645,359,665,1518,179,415,576,185,649,383
"222","hawaii-hilo",22,54,9,11,17,6,19,15,30,62,10,12,18,12,27,9
"223","henderson-state",26,58,7,17,18,8,16,17,34,63,9,13,16,12,20,16
"224","high-point",738,1629,155,395,563,246,640,349,654,1527,205,414,566,232,626,412
"225","hillsdale",30,63,10,12,19,3,16,9,40,70,13,12,16,12,33,13
"226","hiwassee",82,231,24,16,41,30,92,77,124,258,40,66,107,54,122,40
"227","hofstra",843,1805,252,449,665,284,703,319,844,1766,229,406,575,229,680,343
"228","holy-cross",678,1474,190,293,423,141,608,334,668,1544,251,391,525,250,659,349
"229","holy-names",39,116,13,18,26,19,35,30,63,120,17,22,34,25,56,31
"230","houston",881,1902,275,437,607,330,795,373,686,1715,213,504,706,244,643,413
"231","houston-baptist",840,1995,215,432,694,396,674,413,881,1835,263,508,665,272,761,437
"232","howard",824,1932,258,468,663,298,693,414,900,1934,246,524,747,342,769,438
"233","howard-payne",56,150,21,49,67,17,48,90,121,212,28,72,97,46,78,41
"234","idaho",797,1690,273,399,544,256,751,388,716,1719,254,360,509,220,607,321
"235","idaho-state",752,1580,243,390,572,170,689,393,782,1724,199,375,529,242,691,344
"236","illinois",824,1886,232,444,616,327,604,394,769,1618,198,571,779,247,704,514
"237","illinois-chicago",820,1818,205,493,677,275,818,460,797,1956,223,456,660,297,719,376
"238","illinois-springfield",23,59,8,10,13,8,26,12,23,53,7,16,24,7,30,14
"239","illinois-state",813,1917,301,437,640,268,801,433,828,1944,240,522,738,320,840,409
"240","incarnate-word",641,1494,165,444,596,221,607,422,749,1679,205,389,545,289,628,358
"241","indiana",785,1722,190,400,611,295,709,356,744,1703,218,382,546,259,684,393
"242","indiana-kokomo",51,130,19,18,27,15,45,37,75,140,13,23,36,20,61,32
"243","indiana-state",733,1754,253,439,626,268,745,415,739,1670,221,485,673,211,775,405
"244","indianapolis",26,56,8,15,17,5,26,12,24,57,11,20,33,12,24,10
"245","iona",905,1957,315,441,598,233,767,368,909,1973,250,376,575,309,804,417
"246","iowa",915,1923,240,465,664,342,784,412,930,2001,278,397,561,287,707,322
"247","iowa-state",793,1809,228,385,546,283,736,346,829,1885,251,356,500,286,734,313
"248","ipfw",894,1946,323,445,621,255,748,363,864,1879,240,388,527,226,790,468
"249","iupui",731,1723,213,372,559,293,628,418,759,1614,211,451,612,238,695,425
"250","jackson-state",641,1753,211,274,423,313,576,334,658,1451,189,463,653,222,740,413
"251","jacksonville",871,1930,193,403,606,285,793,440,872,1986,239,403,549,289,802,442
"252","jacksonville-state",847,1852,178,387,552,328,791,394,726,1768,242,406,569,254,662,396
"253","james-madison",784,1869,225,468,638,296,714,353,793,1743,255,523,732,247,780,393
"254","jamestown",21,65,4,4,6,6,15,15,33,56,12,21,25,5,37,13
"255","jarvis-christian",52,115,19,23,39,9,39,34,82,147,23,26,39,29,56,24
"256","john-jay",15,60,6,7,12,2,26,18,33,71,14,12,14,11,41,12
"257","johnson-university",29,59,11,18,20,3,16,16,38,68,7,24,38,13,25,8
"258","johnson-wales",45,127,18,19,31,13,26,25,80,131,20,22,30,24,68,31
"259","johnson-wales-nc",77,241,28,28,50,31,61,64,144,235,45,61,86,35,131,57
"260","johnson-wales-ri",23,59,8,24,31,7,24,18,32,78,7,35,40,22,26,10
"261","kansas",988,1998,333,370,528,277,791,369,867,2041,255,365,505,333,733,411
"262","kansas-state",825,1756,217,438,587,218,670,349,745,1720,226,479,646,294,703,441
"263","kean",45,124,15,13,24,16,36,48,77,131,21,35,44,18,62,32
"264","kennesaw-state",783,1714,151,401,578,255,606,382,830,1737,194,392,543,281,671,381
"265","kent-state",871,2046,255,485,666,346,793,431,892,1996,248,470,656,299,782,426
"266","kentucky",894,1892,180,568,815,351,848,422,813,2004,255,446,646,343,674,373
"267","kentucky-christian",34,121,16,13,21,14,35,25,72,133,20,17,22,21,69,24
"268","kentucky-state",26,67,6,8,17,12,21,16,33,67,10,21,27,7,32,9
"269","kentucky-wesleyan",23,48,4,3,5,4,20,24,30,69,4,19,24,20,18,10
"270","la-salle",817,1906,234,465,591,246,779,367,839,1858,241,441,627,250,791,382
"271","lafayette",723,1572,245,376,485,155,722,373,804,1763,234,318,452,247,686,292
"272","lake-erie",38,67,15,15,18,8,27,21,37,75,11,24,36,14,22,9
"273","lakeland",10,82,3,4,4,9,18,7,31,58,6,30,35,11,55,13
"274","lamar",822,1900,242,471,718,345,711,392,760,1703,202,431,616,260,750,523
"275","lawrence",27,58,17,2,2,2,18,16,35,73,15,6,7,12,24,7
"276","le-moyne-owen",20,60,5,12,18,9,23,18,27,64,7,20,26,15,31,13
"277","lees-mcrae",19,59,9,13,17,5,23,18,34,66,7,17,27,11,33,17
"278","lehigh",835,1845,293,373,480,207,761,371,828,1849,281,396,563,245,749,343
"279","letourneau",51,115,18,47,70,11,39,32,64,124,10,37,48,20,63,42
"280","lewis",15,48,3,15,21,5,21,17,27,59,11,20,27,9,25,11
"281","liberty",798,1729,270,468,589,206,813,388,705,1683,291,420,572,170,718,391
"282","life-pacific",67,178,27,23,31,19,43,42,101,179,26,42,58,42,73,30
"283","limestone",13,52,6,13,29,7,28,17,26,68,8,14,20,12,36,12
"284","lincoln-christian",18,63,10,11,14,6,24,14,37,68,8,9,9,6,35,9
"285","lincoln-pa",21,58,8,10,16,12,19,14,24,68,8,16,23,21,27,14
"286","linfield",26,60,7,12,25,8,24,27,40,78,18,18,30,12,34,16
"287","lipscomb",869,1908,252,554,773,287,833,453,837,1872,229,494,714,242,769,472
"288","long-beach-state",816,1800,188,509,708,312,714,470,912,1911,242,395,522,276,691,408
"289","long-island-university",878,1929,263,520,750,311,865,457,909,2080,227,456,663,324,760,382
"290","longwood",728,1764,226,406,591,229,752,509,856,1938,263,470,650,325,817,403
"291","louisiana-college",39,99,8,30,47,9,38,49,74,136,20,33,43,27,55,33
"292","louisiana-lafayette",918,1948,282,559,733,357,799,418,787,1838,201,455,660,243,657,462
"293","louisiana-monroe",759,1740,270,308,428,233,680,332,710,1670,253,351,489,250,702,383
"294","louisiana-state",803,1697,236,398,541,251,649,326,765,1683,242,381,551,279,642,379
"295","louisiana-state-shreveport",31,74,6,17,26,13,28,10,29,71,4,22,29,12,25,7
"296","louisiana-tech",798,1815,274,486,668,261,741,392,812,1835,221,415,586,268,760,399
"297","louisville",897,1967,256,465,631,301,859,382,834,2028,231,427,604,351,783,431
"298","lourdes",19,58,9,9,13,5,16,16,34,58,11,18,25,10,36,15
"299","loyola-il",841,1663,239,385,529,169,786,372,729,1777,212,304,435,250,667,405
"300","loyola-la",38,103,10,23,32,14,42,46,64,132,24,26,41,28,54,32
"301","loyola-marymount",803,1815,199,421,593,319,602,392,817,1643,238,497,687,247,682,406
"302","loyola-md",753,1710,150,366,561,259,656,377,759,1611,217,448,610,208,707,371
"303","lynchburg",28,69,12,15,20,8,23,16,26,63,6,22,31,14,32,25
"304","lyndon-state",12,44,5,2,7,2,8,27,39,78,13,20,27,32,30,14
"305","lyon",18,48,8,12,17,4,23,16,21,47,7,18,29,7,25,15
"306","maine",744,1812,214,373,539,254,748,472,800,1826,251,472,666,277,781,413
"307","maine-fort-kent",22,62,2,8,12,4,25,14,29,64,12,20,26,12,36,14
"308","maine-machias",21,56,1,8,11,8,23,24,34,69,12,24,38,13,25,6
"309","maine-presque-isle",18,53,8,11,19,3,24,16,28,56,11,8,12,5,34,17
"310","manhattan",737,1661,239,434,625,284,670,466,735,1681,214,491,689,282,662,439
"311","marist",761,1710,280,437,612,192,756,473,896,1976,287,436,589,314,761,327
"312","marquette",877,1856,348,416,522,231,683,365,855,1794,220,522,695,239,705,376
"313","mars-hill",15,70,8,11,17,15,21,16,36,71,15,17,20,12,36,12
"314","marshall",958,2046,330,517,670,214,881,428,965,2203,234,425,634,358,864,449
"315","mary",15,53,4,20,29,8,23,14,24,56,8,22,32,13,33,13
"316","maryland",784,1641,227,467,619,251,757,418,758,1846,235,328,443,276,600,326
"317","maryland-baltimore-county",865,1943,338,378,585,265,766,389,820,1865,269,375,557,284,827,486
"318","maryland-eastern-shore",644,1713,183,342,507,260,616,386,830,1765,256,399,560,311,781,324
"319","massachusetts",837,1867,290,336,447,247,706,393,859,1876,221,457,610,284,739,347
"320","massachusetts-boston",20,66,10,13,17,7,21,16,31,64,9,31,41,12,36,15
"321","massachusetts-lowell",771,1668,209,466,660,240,621,386,838,1721,213,393,555,274,706,423
"322","mayville-state",43,128,19,7,15,12,47,24,65,131,20,24,32,16,68,22
"323","mcmurry",37,111,10,15,30,20,44,55,72,133,14,30,59,25,56,22
"324","mcneese-state",763,1729,199,406,566,283,731,392,776,1827,206,370,541,306,682,322
"325","memphis",805,1772,199,529,762,319,702,432,815,1886,285,423,602,327,651,396
"326","mercer",804,1680,261,468,619,261,737,366,721,1681,293,381,523,215,585,357
"327","mercy",14,58,3,10,14,12,21,19,27,68,5,16,22,16,30,10
"328","methodist",24,52,5,10,11,6,17,29,35,66,4,25,34,14,22,14
"329","miami-fl",802,1725,230,336,502,245,684,320,726,1675,197,354,490,244,666,360
"330","miami-oh",833,1888,283,358,524,252,805,402,826,1893,227,374,528,259,779,404
"331","michigan",943,2003,320,400,607,267,830,305,813,1891,194,404,566,236,808,441
"332","michigan-dearborn",59,141,20,17,24,22,42,28,76,138,22,28,39,23,57,22
"333","michigan-state",876,1751,260,475,632,304,879,387,694,1886,221,406,560,276,581,285
"334","mid-atlantic-christian",57,178,23,27,42,11,57,57,126,234,25,67,86,58,108,29
"335","middle-georgia-state",50,132,19,21,31,18,43,38,68,145,20,39,61,34,60,27
"336","middle-tennessee",802,1735,215,397,533,276,709,357,668,1559,185,467,652,184,659,388
"337","midway",34,123,10,14,16,15,31,26,74,129,22,32,48,28,69,14
"338","miles",22,59,2,9,16,7,18,18,36,63,13,21,29,11,27,15
"339","milligan",72,192,26,26,46,27,53,44,99,194,33,72,86,37,97,35
"340","millsaps",16,52,8,4,5,10,14,22,39,67,7,12,16,15,23,9
"341","milwaukee",804,1824,227,341,509,246,781,379,783,1802,254,367,491,222,791,384
"342","minnesota",799,1842,201,457,648,284,763,320,818,1872,240,362,512,275,757,322
"343","mississippi",808,1934,244,472,644,299,714,348,826,1862,280,492,690,293,773,378
"344","mississippi-college",22,63,6,3,4,6,15,16,32,61,5,21,25,10,34,13
"345","mississippi-state",865,1860,219,388,569,300,754,410,773,1848,240,386,558,292,701,428
"346","mississippi-valley-state",734,1910,168,382,565,311,670,404,841,1776,268,485,697,294,827,423
"347","missouri",751,1665,288,481,654,273,772,423,750,1840,218,402,544,267,635,332
"348","missouri-kansas-city",738,1794,275,443,623,205,694,383,801,1786,214,522,746,309,847,454
"349","missouri-st",15,50,5,12,16,4,21,16,32,69,7,8,16,18,29,18
"350","missouri-st-louis",20,64,6,12,18,11,21,14,25,50,5,20,33,11,33,17
"351","missouri-state",817,1891,228,366,509,338,815,359,757,1842,223,380,529,240,707,306
"352","mitchell",24,55,3,9,16,7,23,22,35,78,7,7,16,21,26,12
"353","mobile",38,108,4,21,40,15,36,35,63,110,15,26,36,12,55,32
"354","molloy",44,114,15,12,21,9,47,38,66,137,15,31,44,22,59,18
"355","monmouth",762,1667,218,515,728,231,769,446,752,1738,279,511,733,251,688,397
"356","montana",901,1903,176,528,744,326,761,392,744,1731,200,520,716,241,690,473
"357","montana-state",785,1856,249,526,725,310,738,383,867,1812,245,465,657,246,799,398
"358","montana-tech",21,58,9,5,7,4,14,14,31,55,5,17,24,16,30,17
"359","montana-western",25,59,9,22,32,3,25,14,38,71,15,18,26,10,34,14
"360","montreat",43,136,16,15,20,15,45,31,66,134,21,33,48,24,70,26
"361","morehead-state",698,1596,197,401,570,292,653,427,729,1581,221,424,607,247,623,380
"362","morgan-state",744,1788,157,518,717,347,659,403,754,1673,221,502,713,255,692,433
"363","morris-college",33,69,8,17,29,9,18,16,33,63,8,26,39,10,29,19
"364","mount-marty",20,58,9,5,9,5,16,12,41,71,6,5,9,13,30,8
"365","mount-st-marys",786,1727,316,384,521,184,625,323,813,1813,237,358,488,321,758,414
"366","multnomah",23,77,12,7,7,8,23,11,47,78,10,8,12,7,41,7
"367","murray-state",809,1694,251,460,629,273,743,346,707,1710,189,368,509,248,605,369
"368","navy",747,1681,198,436,609,285,687,415,721,1590,239,382,534,175,660,433
"369","nebraska",797,1841,226,507,707,308,776,345,832,1968,186,349,519,369,763,378
"370","nebraska-christian",30,72,8,6,11,12,22,12,39,76,12,15,23,19,31,7
"371","nebraska-omaha",847,1841,252,347,490,224,685,383,919,1908,268,393,525,265,740,348
"372","nevada",933,1994,323,548,736,281,818,323,862,1993,248,432,609,314,770,413
"373","nevada-las-vegas",978,2000,185,612,868,358,877,469,945,2192,247,419,570,340,693,362
"374","new-hampshire",686,1728,246,390,530,296,753,346,699,1595,206,442,650,188,712,286
"375","new-mexico",939,2065,367,550,708,254,711,412,919,1905,221,541,753,299,814,538
"376","new-mexico-highlands",26,68,10,8,14,8,27,11,31,62,13,8,9,3,32,14
"377","new-mexico-state",906,1966,243,368,572,367,876,399,711,1805,207,420,587,239,714,431
"378","new-orleans",737,1624,143,473,698,277,637,432,749,1624,198,404,586,246,626,453
"379","new-rochelle",50,145,13,34,48,25,41,25,77,165,21,33,44,39,71,24
"380","niagara",893,1997,261,559,762,325,786,339,951,2061,276,433,611,314,781,348
"381","nicholls-state",904,1913,246,476,667,283,743,463,785,1779,199,536,785,277,722,537
"382","njit",808,1803,236,396,579,297,700,389,795,1726,206,401,568,258,723,431
"383","norfolk-state",813,1871,234,402,600,328,767,466,724,1755,284,519,734,277,727,452
"384","north-carolina",1017,2217,284,465,631,413,914,411,895,2118,327,373,546,284,712,379
"385","north-carolina-asheville",859,1823,257,424,565,225,779,417,811,1824,246,444,622,248,714,404
"386","north-carolina-at",844,1832,196,507,709,259,772,430,885,1927,212,412,606,283,737,402
"387","north-carolina-central",883,1884,203,386,560,322,786,436,778,1857,239,438,614,265,682,368
"388","north-carolina-greensboro",881,1955,324,364,521,349,785,441,686,1695,220,469,643,215,699,478
"389","north-carolina-state",900,1920,246,451,645,312,675,371,862,1844,188,404,583,296,693,444
"390","north-carolina-wesleyan",99,250,31,48,70,46,80,70,147,268,39,49,78,47,106,47
"391","north-carolina-wilmington",920,2109,244,458,664,401,822,408,940,1970,298,490,707,255,812,366
"392","north-dakota",831,1814,221,461,649,182,698,399,914,1857,245,459,621,264,830,453
"393","north-dakota-state",837,1783,294,414,544,196,832,392,799,1872,223,443,595,236,744,319
"394","north-florida",916,1992,346,424,555,253,769,454,1085,2289,227,378,517,394,794,325
"395","north-georgia",27,71,8,0,5,9,26,16,37,74,13,8,8,9,33,10
"396","north-greenville",39,121,14,27,36,24,42,20,62,120,24,24,39,20,58,15
"397","north-texas",795,1803,238,383,595,296,761,396,763,1740,201,495,691,248,725,376
"398","northeastern",839,1726,297,432,593,218,756,411,808,1799,152,434,582,240,707,391
"399","northern-arizona",675,1692,174,509,720,260,696,469,825,1771,296,465,634,246,779,417
"400","northern-colorado",937,1969,286,461,660,266,835,386,856,1920,152,477,687,240,768,402
"401","northern-illinois",849,1860,169,452,622,266,715,368,861,1866,274,411,591,270,736,395
"402","northern-iowa",697,1659,216,377,522,222,786,325,692,1678,233,287,401,198,746,340
"403","northern-kentucky",849,1759,244,405,556,253,772,356,708,1725,197,370,530,237,642,409
"404","northern-new-mexico",67,191,19,30,51,28,67,75,115,220,36,49,64,39,90,51
"405","northland",31,110,12,16,29,17,41,32,60,109,11,36,52,17,60,22
"406","northwest-nazarene",18,68,7,14,21,7,15,14,24,53,4,21,29,11,37,24
"407","northwestern",725,1691,243,373,492,250,641,336,681,1548,214,409,574,215,665,358
"408","northwestern-ohio",24,68,8,2,3,8,30,8,26,63,5,8,14,8,33,6
"409","northwestern-state",671,1622,119,348,573,305,601,468,752,1616,208,447,646,250,666,383
"410","northwood-mi",21,64,6,11,16,10,17,11,35,64,4,14,16,10,31,10
"411","notre-dame",889,1992,289,484,640,328,830,322,877,2038,271,310,444,305,766,370
"412","notre-dame-ca",53,149,17,26,44,26,59,56,89,176,25,33,46,30,71,33
"413","oak-hills-christian",16,62,6,7,9,4,21,17,42,75,6,17,30,19,37,9
"414","oakland",857,1912,266,515,669,276,799,399,905,1998,232,403,558,279,771,385
"415","oakland-city",61,166,14,27,40,16,51,47,112,185,25,39,61,32,85,36
"416","ohio",839,1893,244,412,578,204,813,398,839,1944,249,426,567,264,855,408
"417","ohio-christian",17,54,9,2,7,2,20,18,32,72,10,16,25,16,31,6
"418","ohio-northern",24,70,11,3,6,13,27,14,25,59,7,15,22,10,30,13
"419","ohio-state",854,1775,211,412,565,259,782,350,733,1758,240,364,519,231,657,364
"420","ohio-valley",51,107,16,16,30,10,42,44,67,125,13,32,45,19,50,29
"421","oklahoma",925,1993,296,494,660,279,814,409,934,2100,282,381,538,320,784,392
"422","oklahoma-state",857,1964,261,469,616,353,723,414,824,1865,243,474,649,297,715,445
"423","old-dominion",820,1830,225,425,610,316,778,314,688,1680,235,345,511,231,683,434
"424","olivet",38,73,5,12,16,9,27,13,29,60,9,32,37,5,25,11
"425","oral-roberts",844,1935,215,343,497,361,701,386,876,1880,251,409,568,286,702,328
"426","oregon",898,1986,298,462,605,296,766,383,796,1841,259,514,682,244,728,438
"427","oregon-state",756,1644,178,453,637,271,684,388,710,1648,212,443,607,251,610,367
"428","oregon-tech",18,68,4,19,27,13,22,12,29,60,9,19,30,8,34,11
"429","ottawa",21,71,8,14,22,5,24,19,45,90,12,23,29,15,45,11
"430","ouachita",29,53,14,9,12,5,19,16,33,60,6,7,16,9,19,11
"431","our-lady-of-the-lake",25,67,9,16,28,4,24,11,33,67,9,21,28,8,38,13
"432","pacific",786,1734,146,502,687,276,695,350,775,1711,248,460,612,233,713,372
"433","pacific-lutheran",21,51,8,19,23,4,13,14,38,66,13,10,18,16,22,12
"434","pacific-union",17,61,4,11,14,5,24,17,33,75,6,9,14,19,38,16
"435","paine",20,54,5,14,18,13,27,22,24,57,9,22,26,7,21,9
"436","panhandle-state",42,126,12,16,29,9,34,30,79,144,24,29,46,28,76,26
"437","peace",19,64,15,0,1,3,18,15,34,67,13,15,20,13,40,16
"438","penn-state",901,1944,247,402,584,309,770,379,782,1830,212,424,601,260,736,418
"439","penn-state-brandywine",16,71,6,2,9,10,23,16,34,64,15,16,22,6,38,8
"440","pennsylvania",871,1893,280,424,637,235,862,369,789,1909,185,435,595,238,823,385
"441","pepperdine",809,1783,183,435,617,262,679,355,859,1762,295,425,589,236,686,323
"442","peru-state",21,62,7,6,6,10,19,17,38,65,9,13,17,5,26,8
"443","piedmont",43,130,13,15,21,25,47,26,59,126,17,19,31,20,60,20
"444","pittsburgh",655,1618,250,363,519,196,687,409,807,1839,227,404,574,336,757,300
"445","pittsburgh-bradford",22,68,8,0,2,5,13,13,39,68,7,18,22,13,40,11
"446","point",56,131,16,8,20,11,50,44,73,146,22,32,43,18,61,29
"447","portland",758,1696,246,401,589,164,748,360,820,1878,266,406,581,293,772,338
"448","portland-bible-college",21,61,4,4,5,11,20,38,49,86,13,14,15,13,25,10
"449","portland-state",1011,2273,295,516,735,404,738,414,915,1921,240,561,808,294,839,586
"450","prairie-view",868,1986,243,518,766,334,696,427,850,1821,225,601,869,300,777,532
"451","presbyterian",731,1710,268,341,496,238,638,347,803,1708,232,347,475,252,717,371
"452","presentation-college",71,188,16,33,51,33,71,44,106,191,29,40,55,19,88,26
"453","princeton",753,1660,287,313,443,190,687,325,738,1643,218,389,521,197,721,320
"454","providence",841,1913,209,531,753,287,767,402,867,1939,230,452,612,284,814,421
"455","puget-sound",22,86,17,9,13,12,12,20,40,63,8,33,35,12,48,32
"456","purdue",922,1867,317,493,664,234,824,346,803,1952,226,326,476,275,684,383
"457","quincy",20,56,7,10,14,5,25,15,33,64,14,6,13,8,29,9
"458","quinnipiac",787,1864,303,487,690,277,749,429,908,1960,286,429,589,279,797,359
"459","radford",775,1818,256,412,567,318,711,375,745,1743,229,406,535,250,686,412
"460","reinhardt",46,132,20,17,23,15,49,32,80,146,25,14,28,20,68,22
"461","rhode-island",866,1896,215,407,577,306,675,321,735,1629,162,481,648,231,722,464
"462","rice",690,1693,252,410,614,275,739,438,825,1832,278,346,498,268,753,351
"463","richmond",822,1781,218,372,522,214,674,344,856,1758,231,399,537,256,768,401
"464","rider",869,1860,223,483,794,345,745,390,792,1785,283,464,657,260,731,443
"465","rio-grande",24,66,7,15,17,7,17,13,41,66,8,19,27,14,28,12
"466","robert-morris",771,1867,232,434,653,329,713,458,793,1791,205,448,655,289,777,493
"467","rochester-mi",19,60,6,4,6,11,27,20,24,51,5,14,27,5,27,14
"468","rockford",47,124,14,9,13,15,40,49,78,147,18,39,56,31,58,29
"469","rockhurst",17,53,12,4,5,4,15,17,25,44,6,18,28,7,26,15
"470","rogers-state",26,60,11,11,13,7,22,11,30,57,10,16,24,8,26,11
"471","rowan",19,63,7,5,8,4,24,18,30,62,11,15,25,12,38,18
"472","rust",58,158,19,22,40,21,54,67,121,208,31,29,46,36,78,36
"473","rutgers",768,1921,138,379,585,370,756,362,749,1779,217,393,558,275,779,429
"474","sacramento-state",781,1742,195,339,497,222,688,370,796,1740,243,451,594,259,753,375
"475","sacred-heart",771,1766,175,348,522,322,782,425,769,1753,234,396,578,205,685,296
"476","saint-francis-pa",840,1784,243,466,612,223,709,332,860,1874,245,306,440,293,700,397
"477","saint-josephs",826,1952,255,464,675,243,849,308,831,1981,305,344,487,264,884,367
"478","saint-leo",17,67,7,15,28,16,23,13,26,65,3,17,21,15,38,17
"479","saint-louis",712,1682,180,504,775,322,721,390,732,1702,215,432,595,235,694,368
"480","saint-martins",24,55,14,10,14,8,15,13,30,51,7,21,26,8,24,12
"481","saint-marys-ca",903,1746,250,419,540,219,781,307,774,1765,171,331,460,197,609,308
"482","saint-marys-mn",24,49,16,4,4,1,16,20,42,62,7,18,28,8,20,8
"483","saint-peters",740,1762,253,352,488,251,701,393,685,1659,237,504,701,258,733,439
"484","sam-houston-state",824,1930,236,462,648,342,773,420,768,1785,236,475,682,256,758,471
"485","samford",850,1784,281,446,579,203,635,414,921,1898,314,388,514,312,732,425
"486","san-diego",718,1613,259,460,646,190,752,382,685,1664,144,528,706,227,721,359
"487","san-diego-christian",96,224,36,42,57,14,71,61,127,237,32,60,82,38,115,55
"488","san-diego-state",850,1856,230,459,636,297,778,365,747,1771,236,376,519,246,687,404
"489","san-francisco",785,1842,264,361,529,269,742,369,758,1723,183,477,637,234,770,371
"490","san-francisco-state",30,76,6,4,5,9,19,14,37,68,12,9,13,12,39,21
"491","san-jose-state",671,1553,169,366,531,228,719,460,757,1700,295,382,527,220,628,290
"492","santa-clara",675,1605,222,356,495,212,593,329,796,1579,191,371,516,199,736,357
"493","sarah-lawrence",14,58,7,7,9,5,28,16,32,79,13,10,14,19,38,7
"494","savannah-state",885,2197,368,451,648,322,681,408,1028,2083,283,456,632,350,917,530
"495","schreiner",30,105,12,26,40,15,52,37,59,133,19,15,30,21,64,23
"496","seattle",831,1855,293,498,671,310,822,448,761,1871,238,554,742,263,724,355
"497","seton-hall",881,1884,224,452,651,324,770,385,823,1884,232,400,544,272,698,383
"498","shawnee-state",19,58,5,15,17,11,21,26,35,64,12,19,29,12,26,16
"499","shenandoah",42,126,12,17,21,20,34,38,69,134,33,20,32,30,55,32
"500","siena",729,1730,216,432,638,296,717,420,796,1761,221,524,745,258,698,334
"501","siena-heights",47,126,17,30,35,19,37,51,87,155,26,34,50,27,55,23
"502","silver-lake",17,52,3,16,21,5,28,38,35,67,3,28,43,9,26,14
"503","simon-fraser",20,57,2,12,22,9,20,11,22,48,5,24,34,5,31,13
"504","sonoma-state",21,65,5,8,12,13,22,15,28,55,9,13,19,8,33,17
"505","south-alabama",738,1737,245,457,644,220,808,443,735,1819,209,464,681,295,762,395
"506","south-carolina",709,1795,223,532,764,328,722,417,708,1666,208,531,731,242,722,439
"507","south-carolina-state",809,1890,200,487,697,302,672,418,931,1901,265,448,643,296,760,429
"508","south-carolina-upstate",855,1977,314,323,444,289,658,349,935,1859,278,483,647,284,808,354
"509","south-dakota",991,2066,237,536,711,285,882,373,831,2031,247,405,556,302,767,474
"510","south-dakota-state",962,2027,347,549,722,249,946,324,906,2105,274,378,523,233,821,337
"511","south-florida",687,1641,202,390,543,245,668,424,798,1757,216,389,571,275,671,323
"512","southeast-missouri-state",769,1675,281,455,629,230,648,370,833,1747,252,426,594,261,691,357
"513","southeastern",22,50,3,20,26,3,17,16,29,56,9,18,22,9,27,18
"514","southeastern-louisiana",819,1803,239,418,645,297,722,430,801,1850,205,394,548,317,708,457
"515","southern",743,1837,172,505,748,362,762,395,762,1812,222,456,660,283,754,389
"516","southern-california",901,1912,260,407,564,287,744,333,825,1876,266,347,488,265,712,400
"517","southern-illinois",807,1756,208,405,583,221,734,386,779,1773,235,421,589,259,727,418
"518","southern-illinois-edwardsville",703,1678,202,408,573,234,629,389,756,1603,208,537,732,241,703,351
"519","southern-methodist",792,1788,273,358,525,311,673,345,723,1713,251,350,515,292,687,430
"520","southern-mississippi",850,1905,249,373,528,215,702,304,836,1799,300,408,574,261,844,437
"521","southern-nazarene",22,53,5,19,23,10,29,16,17,52,5,21,35,9,20,13
"522","southern-new-orleans",79,195,32,33,55,23,59,52,114,222,32,54,84,58,93,48
"523","southern-utah",802,1830,247,483,652,224,743,385,857,1805,239,531,733,232,797,386
"524","southern-wesleyan",36,112,5,23,36,17,46,41,75,139,23,25,43,24,58,19
"525","spring-hill",54,118,13,29,37,18,39,44,66,117,21,48,66,13,45,29
"526","st-andrews",36,118,7,10,21,15,41,27,56,123,15,18,26,24,65,31
"527","st-bonaventure",820,1789,242,536,708,274,731,347,734,1749,238,489,678,265,685,436
"528","st-edwards",56,132,20,20,31,18,40,39,61,121,9,49,66,24,59,34
"529","st-francis-il",38,115,12,10,19,18,39,36,55,103,15,19,30,11,53,28
"530","st-francis-ny",784,1889,271,421,591,275,678,373,810,1720,186,551,769,278,806,451
"531","st-johns-ny",842,1943,220,431,583,247,760,371,786,1868,300,464,632,291,840,506
"532","st-marys-md",24,54,2,7,11,8,15,15,35,63,12,8,13,13,19,10
"533","st-marys-tx",16,46,8,15,25,6,21,18,23,47,5,20,34,3,28,13
"534","st-thomas-tx",60,158,21,18,36,18,74,78,64,162,16,63,91,32,82,62
"535","stanford",845,1824,214,522,761,293,818,461,872,1996,254,408,597,287,705,366
"536","staten-island",19,62,5,21,30,6,16,21,29,60,5,44,56,16,38,19
"537","stephen-f-austin",982,2012,237,558,791,344,763,512,743,1738,242,588,854,261,683,669
"538","stetson",870,1979,239,335,491,241,729,334,850,1822,257,450,647,252,848,416
"539","stony-brook",756,1803,240,392,597,299,715,431,734,1685,218,487,694,250,758,452
"540","suny-maritime",23,55,4,17,25,3,29,19,27,67,8,26,41,17,30,15
"541","suny-oneonta",23,57,10,21,28,8,19,14,37,72,7,21,28,13,28,7
"542","susquehanna",25,56,7,13,23,5,27,13,25,60,8,24,32,8,27,12
"543","syracuse",722,1726,187,521,704,319,746,389,709,1772,258,409,545,277,650,388
"544","Team",0,0,0,0,0,0,0,0,0,0,0,0,0,0,0,0
"545","temple",821,1931,267,342,495,268,710,334,818,1858,222,405,570,316,780,389
"546","tennessee",776,1789,244,495,648,313,706,362,703,1713,196,469,660,292,671,410
"547","tennessee-martin",774,1741,199,297,411,254,713,413,730,1730,299,392,558,290,696,400
"548","tennessee-state",650,1516,215,426,574,206,667,409,647,1526,259,365,531,224,659,434
"549","tennessee-tech",807,1857,232,473,696,279,740,439,818,1854,236,460,657,282,781,462
"550","tennessee-wesleyan",44,121,13,20,26,18,33,30,67,124,22,36,50,25,55,24
"551","texas",814,1868,224,410,612,290,763,371,808,1909,220,356,497,292,761,380
"552","texas-am",856,1878,201,399,602,343,836,410,776,1913,230,387,567,298,693,337
"553","texas-am-corpus-christi",669,1528,146,410,572,228,645,437,658,1489,214,459,684,236,618,416
"554","texas-am-international",21,57,10,7,9,8,15,11,27,52,3,20,28,14,26,10
"555","texas-arlington",927,2054,294,492,713,331,890,502,853,2070,308,486,701,312,792,473
"556","texas-christian",930,1864,265,448,629,298,733,384,846,1831,247,418,572,228,609,380
"557","texas-college",26,69,5,11,19,9,27,16,27,69,7,23,28,14,36,19
"558","texas-dallas",21,72,6,5,8,14,26,18,27,63,4,15,20,10,36,16
"559","texas-el-paso",699,1622,207,330,483,173,705,351,716,1654,242,410,600,254,791,341
"560","texas-lutheran",38,112,11,18,27,15,38,35,68,130,13,22,29,20,55,22
"561","texas-pan-american",768,1915,191,583,783,289,734,411,810,1816,209,567,809,281,839,459
"562","texas-san-antonio",899,2057,325,409,591,316,873,396,814,1939,268,528,768,289,869,391
"563","texas-southern",824,1859,257,580,797,267,786,409,932,2056,250,425,641,335,768,368
"564","texas-state",773,1782,214,430,651,311,745,416,786,1775,226,374,527,242,695,428
"565","texas-tech",836,1803,227,509,727,304,738,373,704,1734,220,457,648,251,643,461
"566","texas-tyler",17,56,6,11,15,2,27,18,30,65,10,21,26,10,36,9
"567","thomas-ga",19,58,5,8,10,6,22,24,33,56,8,24,37,4,32,15
"568","tiffin",21,54,4,3,6,6,24,23,26,64,4,17,22,10,27,12
"569","toccoa-falls",102,378,43,31,51,27,124,167,284,504,89,107,168,111,226,72
"570","toledo",913,1953,327,534,725,282,881,386,942,2157,241,407,556,314,808,312
"571","tougaloo",35,70,5,20,27,11,22,16,36,65,7,32,41,10,26,11
"572","towson",870,1850,204,448,653,323,732,383,750,1741,236,486,678,251,659,405
"573","trinity-baptist",78,228,18,32,51,25,85,98,160,291,44,41,59,46,114,57
"574","trinity-christian",31,104,15,14,21,13,26,45,53,115,13,48,65,32,53,24
"575","trinity-tx",21,66,7,8,14,8,23,21,32,73,5,24,29,17,34,10
"576","troy",820,1865,286,469,632,266,794,389,833,1928,243,416,593,311,760,369
"577","tulane",764,1709,223,416,587,233,680,382,777,1752,206,440,619,267,714,342
"578","tulsa",731,1680,242,506,697,282,759,373,768,1828,275,312,457,278,651,356
"579","tusculum",24,55,10,7,11,8,25,15,31,71,7,15,23,16,24,8
"580","ucla",884,1910,295,495,684,289,852,361,848,1987,279,407,584,286,751,325
"581","university-of-the-ozarks",31,106,13,25,38,15,36,40,74,136,17,28,40,26,53,17
"582","utah",691,1532,256,407,527,189,660,318,690,1631,220,357,484,249,647,322
"583","utah-state",730,1568,263,357,513,235,647,352,820,1824,250,446,602,238,748,370
"584","utah-valley",846,1750,247,495,670,281,814,420,769,1851,209,347,499,259,632,379
"585","valley-city-state",21,61,6,10,15,4,14,8,40,57,8,13,17,4,33,11
"586","valparaiso",754,1685,208,448,628,243,724,445,716,1678,186,518,731,259,685,424
"587","vanderbilt",749,1717,280,465,623,238,698,342,819,1752,207,469,648,242,698,290
"588","vermont",852,1747,258,561,745,222,818,367,806,1868,238,336,472,211,688,364
"589","villanova",1028,2025,381,448,577,261,812,329,866,1992,230,388,511,245,702,418
"590","virginia",785,1698,233,307,407,220,704,245,588,1557,193,295,404,216,652,380
"591","virginia-commonwealth",887,1938,259,380,551,277,778,424,875,1935,256,399,555,276,767,391
"592","virginia-military-institute",670,1679,221,326,442,235,669,412,730,1656,241,411,572,253,741,395
"593","virginia-tech",859,1737,273,449,633,193,739,364,788,1845,275,366,528,287,719,391
"594","wagner",818,1891,263,490,690,360,772,424,701,1717,222,552,798,256,683,443
"595","wake-forest",774,1764,230,412,560,282,710,376,738,1684,254,490,671,239,713,359
"596","walla-walla",19,66,13,1,1,8,19,14,34,60,12,9,18,6,33,6
"597","warren-wilson",56,148,34,11,18,8,42,24,89,163,22,20,31,31,80,25
"598","wartburg",15,62,5,8,8,9,29,20,26,64,5,15,23,12,36,14
"599","washington",780,1730,201,436,625,261,648,391,761,1726,199,422,610,292,679,441
"600","washington-adventist",21,52,8,15,23,9,17,20,25,52,6,20,24,9,23,20
"601","washington-college",44,111,13,11,14,13,37,38,72,127,27,28,41,23,48,17
"602","washington-lee",24,62,12,6,12,4,20,17,37,63,10,19,23,6,33,10
"603","washington-state",801,1795,341,327,444,210,700,407,882,1898,265,382,541,287,761,343
"604","wayland-baptist",21,68,3,5,8,14,20,15,32,70,10,12,15,12,29,12
"605","webber",67,190,17,26,39,22,59,64,121,227,24,43,66,47,100,37
"606","weber-state",796,1607,270,436,569,146,771,339,749,1722,193,379,548,248,689,339
"607","wentworth",21,59,5,2,5,4,23,18,29,61,12,13,15,8,30,14
"608","wesley",25,55,7,21,28,2,21,11,38,67,1,16,26,14,27,11
"609","west-coast-baptist",15,62,7,8,12,9,23,20,38,62,7,27,37,7,39,8
"610","west-virginia",920,2106,287,515,670,404,730,356,734,1737,246,544,775,292,748,528
"611","western-carolina",752,1829,228,401,583,325,660,442,812,1770,276,434,605,288,765,459
"612","western-illinois",749,1607,188,326,456,169,741,337,723,1701,237,326,467,216,696,309
"613","western-kentucky",937,1888,177,534,756,267,812,372,850,1997,267,332,454,300,717,423
"614","western-michigan",845,1926,233,479,659,309,727,327,818,1800,290,423,586,234,755,429
"615","western-new-mexico",19,63,3,16,23,12,26,23,28,65,4,15,22,11,30,16
"616","western-state",53,107,17,19,25,8,46,32,65,118,14,22,34,9,45,22
"617","westminster",32,72,10,9,17,11,20,20,36,76,7,12,21,21,28,23
"618","wheaton-ma",14,53,5,15,21,5,19,11,31,67,12,9,13,13,31,13
"619","whittier",24,74,13,4,8,8,17,16,41,66,11,19,28,13,41,14
"620","wichita-state",891,1880,279,486,660,320,809,349,763,1797,264,436,600,206,634,343
"621","wiley",26,56,5,12,18,8,20,17,32,65,7,21,33,17,25,10
"622","willamette",19,58,10,12,16,8,23,30,47,82,11,6,10,12,29,14
"623","william-carey",20,55,6,12,17,11,26,18,27,64,6,15,21,12,23,7
"624","william-jessup",49,135,10,24,30,23,42,25,60,109,20,42,62,11,58,23
"625","william-jewell",24,58,9,29,34,8,31,18,26,72,9,13,21,12,24,13
"626","william-mary",890,1729,332,458,564,174,737,363,891,1846,252,397,571,230,658,314
"627","williams-baptist",27,66,12,4,8,5,21,13,34,63,8,11,16,10,35,18
"628","wilmington-oh",23,57,6,13,17,4,19,14,33,66,11,16,22,17,32,15
"629","winthrop",837,1747,292,432,596,246,771,406,740,1786,222,436,585,241,688,396
"630","wisconsin",761,1714,206,393,560,255,638,326,779,1684,179,390,517,227,700,361
"631","wisconsin-parkside",35,121,13,15,25,14,39,26,61,113,11,29,40,7,65,20
"632","wofford",850,1794,336,396,506,220,725,376,775,1736,259,425,585,223,703,407
"633","wright-state",828,1905,224,493,689,290,833,414,761,1854,256,372,525,243,770,490
"634","wyoming",853,1911,294,559,760,180,829,421,869,1939,251,519,726,250,880,449
"635","xavier",917,1889,246,600,753,272,865,391,880,2013,278,371,491,234,698,353
"636","yale",801,1730,244,390,541,234,712,384,784,1727,206,422,579,234,711,373
"637","york-pa",26,66,9,19,26,13,18,13,25,55,15,26,30,8,28,15
"638","youngstown-state",902,2110,235,371,583,388,668,457,941,1847,257,501,721,247,763,481
