"","Rk.x","School","SOS","FG.x","FGA.x","X3P.x","FT.x","FTA.x","ORB.x","TRB.x","TOV.x","Rk.y","FG.y","FGA.y","X3P.y","FT.y","FTA.y","ORB.y","TRB.y","TOV.y"
"1",1,"Abilene Christian",-7.53,771,1704,209,458,653,269,991,418,1,770,1759,214,525,743,313,1107,512
"2",2,"Air Force",0.66,752,1758,202,483,707,283,1107,423,2,781,1686,288,394,553,274,1069,436
"3",3,"Akron",-1.24,911,2111,409,451,659,373,1310,381,3,828,1797,257,498,689,298,1106,410
"4",4,"Alabama A&M",-10.75,681,1632,175,439,642,330,1000,340,4,881,1844,228,377,549,340,1126,353
"5",5,"Alabama-Birmingham",-3.07,942,1970,250,472,654,366,1259,414,5,827,1952,292,357,513,301,1035,414
"6",6,"Alabama State",-9.35,788,1918,215,426,623,389,1153,371,6,813,1795,238,573,836,392,1232,401
"7",7,"Alabama",8.62,738,1750,259,458,712,327,1141,438,NA,NA,NA,NA,NA,NA,NA,NA,NA
"8",8,"Albany (NY)",-7.57,848,1850,188,611,814,387,1276,413,8,807,1808,215,353,503,261,965,368
"9",9,"Alcorn State",-9.94,691,1692,174,458,676,384,1072,429,9,809,1867,266,504,716,363,1179,419
"10",10,"American",-6.08,631,1487,195,328,471,218,874,428,10,776,1595,199,464,650,282,1059,413
"11",11,"Appalachian State",-1.1,719,1795,256,493,701,393,1142,462,11,854,1953,232,508,705,304,1177,430
"12",12,"Arizona State",8.96,796,1919,254,499,726,394,1177,384,NA,NA,NA,NA,NA,NA,NA,NA,NA
"13",13,"Arizona NCAA",7.23,946,1970,221,622,863,394,1368,442,13,890,2047,261,468,638,310,1018,406
"14",14,"Little Rock NCAA",-1.76,886,1958,266,449,616,315,1195,355,NA,NA,NA,NA,NA,NA,NA,NA,NA
"15",15,"Arkansas-Pine Bluff",-5.52,674,1722,202,317,519,322,1004,516,15,831,1919,227,610,858,445,1327,531
"16",16,"Arkansas State",-2.37,770,1873,180,562,766,334,1243,398,16,911,1852,245,456,641,318,1133,437
"17",17,"Arkansas",6.76,883,1992,216,519,748,374,1187,357,NA,NA,NA,NA,NA,NA,NA,NA,NA
"18",18,"Army",-8.13,895,2084,294,455,656,408,1338,448,18,757,1709,251,458,640,281,1092,427
"19",19,"Auburn",7.54,724,1820,272,472,746,346,1134,428,NA,NA,NA,NA,NA,NA,NA,NA,NA
"20",20,"Austin Peay NCAA",-2.98,945,2049,223,627,936,422,1326,502,NA,NA,NA,NA,NA,NA,NA,NA,NA
"21",21,"Ball State",-2.98,855,1919,305,464,670,330,1275,465,21,841,1977,258,422,580,335,1160,384
"22",22,"Baylor NCAA",9.76,933,2003,210,545,752,467,1267,432,NA,NA,NA,NA,NA,NA,NA,NA,NA
"23",23,"Belmont",-2.1,914,1849,338,472,650,271,1105,450,23,836,1943,228,384,521,302,1068,382
"24",24,"Bethune-Cookman",-9.18,799,1932,249,411,597,407,1186,415,24,883,2080,231,546,780,396,1239,444
"25",25,"Binghamton",-6.35,629,1614,171,398,584,273,1023,419,25,780,1750,235,386,545,278,1085,372
"26",26,"Boise State",3.13,842,1859,261,535,755,315,1110,372,26,794,1859,223,399,551,203,972,380
"27",27,"Boston College",7.67,717,1752,230,295,453,243,993,431,27,938,2109,309,425,571,336,1212,435
"28",28,"Boston University",-6.37,859,1893,272,493,688,311,1216,468,28,793,1762,252,388,533,303,1041,427
"29",29,"Bowling Green State",-1.85,849,1913,203,499,761,345,1238,430,29,893,1949,261,443,614,302,1168,404
"30",30,"Bradley",3.7,606,1596,165,416,628,276,1083,548,30,716,1768,243,461,627,326,1094,447
"31",31,"Brigham Young",2.36,1096,2369,330,571,827,441,1514,434,31,878,1955,251,365,556,263,1100,444
"32",32,"Brown",-2.82,697,1625,225,421,600,272,1019,376,32,741,1558,205,446,631,247,959,388
"33",33,"Bryant",-6.71,755,1798,198,310,482,300,1048,420,33,921,1867,308,432,616,354,1236,394
"34",34,"Bucknell",-5.89,831,1788,233,553,774,317,1137,423,NA,NA,NA,NA,NA,NA,NA,NA,NA
"35",35,"Buffalo NCAA",0.9,915,2096,263,616,867,425,1363,475,35,936,2179,239,631,860,389,1313,496
"36",36,"Butler NCAA",7.55,918,1969,236,566,774,366,1188,335,36,877,1954,274,512,689,278,1137,484
"37",37,"Cal Poly",0.9,755,1812,238,423,626,351,1095,308,37,816,1790,228,442,593,307,1143,347
"38",38,"Cal State Bakersfield NCAA",-5.15,875,1939,179,476,726,414,1263,405,NA,NA,NA,NA,NA,NA,NA,NA,NA
"39",39,"Cal State Fullerton",-0.76,698,1703,193,515,743,335,1116,393,NA,NA,NA,NA,NA,NA,NA,NA,NA
"40",40,"Cal State Northridge",-0.85,745,1723,126,527,735,303,1086,420,40,801,1726,194,410,567,323,1104,333
"41",41,"UC-Davis",-1.26,697,1608,164,356,557,255,1033,427,41,768,1806,221,484,658,330,1134,506
"42",42,"UC-Irvine",0.77,977,2128,241,511,752,370,1416,471,42,781,2006,229,559,803,332,1180,367
"43",43,"UC-Riverside",-3.08,788,1839,252,471,670,328,1164,433,43,735,1776,233,460,663,351,1195,432
"44",44,"UC-Santa Barbara",1.44,859,1944,251,366,522,344,1235,419,44,803,1863,228,377,538,296,1081,368
"45",45,"University of California NCAA",7.87,890,1931,236,529,806,386,1349,419,NA,NA,NA,NA,NA,NA,NA,NA,NA
"46",46,"Campbell",-6.67,744,1671,224,495,690,242,967,353,46,861,1933,235,455,633,308,1151,427
"47",47,"Canisius",-3.77,845,2014,285,551,744,393,1116,370,47,818,1825,207,503,686,334,1121,500
"48",48,"Central Arkansas",-6.81,734,1656,185,457,694,331,1044,407,48,975,2183,252,564,834,445,1405,509
"49",49,"Central Connecticut State",-9.24,682,1704,164,360,530,335,1046,402,49,816,1860,276,392,560,319,1029,360
"50",50,"Central Florida",3.01,715,1663,207,425,619,329,1166,440,50,718,1790,201,338,469,321,1085,394
"51",51,"Central Michigan",-1.3,867,1964,324,437,608,325,1152,303,51,966,2173,318,411,567,378,1269,465
"52",52,"Charleston Southern",-2.59,774,1808,280,318,512,308,1053,378,52,714,1644,284,421,559,273,1021,484
"53",53,"Charlotte",-1.72,920,2066,266,478,685,374,1196,396,53,842,1762,231,402,566,289,1044,370
"54",54,"Chattanooga NCAA",-3.46,897,1963,262,596,811,381,1241,437,NA,NA,NA,NA,NA,NA,NA,NA,NA
"55",55,"Chicago State",-1.38,764,1995,228,384,573,414,1172,458,55,949,1908,295,563,797,363,1250,454
"56",56,"Cincinnati NCAA",5.25,851,1980,252,464,658,441,1291,363,56,739,1974,231,362,529,361,1127,514
"57",57,"Citadel",-4.75,938,2242,363,514,704,404,1148,441,57,1020,2123,331,448,619,393,1382,542
"58",58,"Clemson",6.87,753,1725,238,415,574,320,1076,315,NA,NA,NA,NA,NA,NA,NA,NA,NA
"59",59,"Cleveland State",0.09,704,1746,174,365,538,338,1061,459,59,936,2052,289,452,633,390,1335,490
"60",60,"Coastal Carolina",-4.22,854,1909,244,458,689,377,1299,406,60,736,1819,276,493,680,315,1053,384
"61",61,"Colgate",-6.06,747,1673,267,332,488,280,951,365,61,831,1836,270,383,520,285,1128,431
"62",62,"College of Charleston",0.04,722,1718,206,378,567,335,1090,393,NA,NA,NA,NA,NA,NA,NA,NA,NA
"63",63,"Colorado State",1.53,878,2067,326,618,861,441,1359,395,63,879,1918,302,477,677,321,1166,406
"64",64,"Colorado NCAA",7.64,865,2029,252,594,808,446,1434,454,NA,NA,NA,NA,NA,NA,NA,NA,NA
"65",65,"Columbia",-2.55,899,1986,336,536,745,366,1240,379,65,723,1608,269,370,505,275,1000,354
"66",66,"Connecticut NCAA",6.28,944,2078,255,488,615,335,1300,385,NA,NA,NA,NA,NA,NA,NA,NA,NA
"67",67,"Coppin State",-6.06,741,1933,238,520,737,405,1144,408,67,810,1897,247,517,713,379,1332,404
"68",68,"Cornell",-1.04,703,1674,233,353,542,244,910,372,68,809,1785,258,374,516,316,1042,320
"69",69,"Creighton",6.44,979,2081,283,546,780,334,1299,406,NA,NA,NA,NA,NA,NA,NA,NA,NA
"70",70,"Dartmouth",-3.29,700,1606,156,436,603,335,1005,401,70,724,1552,220,302,386,233,901,337
"71",71,"Davidson",5.14,894,2022,317,503,661,312,1154,335,NA,NA,NA,NA,NA,NA,NA,NA,NA
"72",72,"Dayton NCAA",4.76,836,1836,221,500,749,327,1265,427,NA,NA,NA,NA,NA,NA,NA,NA,NA
"73",73,"Delaware State",-6.85,710,1815,230,330,536,340,1064,446,73,846,1822,313,454,646,367,1146,410
"74",74,"Delaware",0.85,669,1663,168,480,701,331,1132,360,74,869,1909,274,416,574,297,1139,338
"75",75,"Denver",-3.24,689,1449,235,408,530,168,781,404,75,746,1719,250,447,618,250,929,335
"76",76,"DePaul",8.34,752,1691,168,420,618,317,1059,458,76,787,1788,286,429,578,303,1083,447
"77",77,"Detroit Mercy",-0.82,898,1929,244,555,795,373,1169,422,77,959,1989,298,527,743,356,1230,434
"78",78,"Drake",0.92,736,1639,215,406,562,253,1043,421,78,937,2076,264,357,504,322,1235,413
"79",79,"Drexel",1.88,677,1721,170,434,634,324,1022,345,79,948,2054,246,449,636,371,1204,374
"80",80,"Duke NCAA",10.59,983,2136,328,626,866,426,1296,354,80,957,2364,279,383,526,432,1216,453
"81",81,"Duquesne",1.35,950,2056,322,482,698,347,1332,473,81,803,1771,192,447,645,309,1094,401
"82",82,"East Carolina",3.22,761,1790,232,432,620,320,1093,424,82,818,1808,225,385,562,350,1108,360
"83",83,"East Tennessee State",-2.29,984,2135,295,550,774,376,1300,462,83,778,1929,250,435,622,352,1128,500
"84",84,"Eastern Illinois",-3.52,764,1737,232,385,587,299,1002,364,84,740,1696,246,394,551,308,1070,410
"85",85,"Eastern Kentucky",-3.86,864,1760,258,511,700,274,1004,457,85,849,1801,256,417,619,327,1106,412
"86",86,"Eastern Michigan",1.24,875,1961,187,616,854,386,1194,425,86,814,2013,278,433,599,411,1244,506
"87",87,"Eastern Washington",-6.03,961,1989,356,491,719,319,1133,381,87,884,1983,241,511,711,289,1181,413
"88",88,"Elon",0.66,865,1942,303,396,599,335,1185,411,88,892,2037,332,321,458,341,1224,327
"89",89,"Evansville",-0.39,879,1795,158,610,843,260,1202,426,89,712,1696,246,375,545,278,1025,437
"90",90,"Fairfield",-3.14,875,1991,293,479,650,298,1146,427,90,886,1946,271,506,716,317,1243,457
"91",91,"Fairleigh Dickinson NCAA",-8.31,929,2029,238,462,663,347,1108,423,NA,NA,NA,NA,NA,NA,NA,NA,NA
"92",92,"Florida A&M",-10.67,644,1606,168,407,691,293,1010,466,92,963,2027,243,515,727,426,1329,458
"93",93,"Florida Atlantic",-1.72,752,1847,229,456,624,282,1071,402,93,788,1827,192,404,583,303,1167,393
"94",94,"Florida Gulf Coast NCAA",-3.82,1008,2106,186,501,778,417,1422,438,NA,NA,NA,NA,NA,NA,NA,NA,NA
"95",95,"Florida International",-4.81,834,1779,181,428,645,328,1196,414,95,799,1841,240,440,643,321,1257,467
"96",96,"Florida State",8.16,948,2042,220,536,771,389,1257,441,NA,NA,NA,NA,NA,NA,NA,NA,NA
"97",97,"Florida",9.19,930,2186,258,559,863,470,1436,405,NA,NA,NA,NA,NA,NA,NA,NA,NA
"98",98,"Fordham",-0.09,782,1744,243,399,586,320,1060,438,98,806,1738,205,362,528,334,1193,440
"99",99,"Fresno State NCAA",2.24,926,2126,219,559,805,409,1293,378,NA,NA,NA,NA,NA,NA,NA,NA,NA
"100",100,"Furman",-4.2,847,1865,253,540,777,387,1250,471,100,825,1905,224,386,550,319,1152,489
"101",101,"Gardner-Webb",-3.96,871,2039,276,458,701,435,1257,439,101,798,1839,256,455,639,295,1109,404
"102",102,"George Mason",3.62,766,1888,172,436,650,419,1359,407,102,899,1994,278,421,614,322,1173,376
"103",103,"George Washington",4.24,980,2194,269,646,858,453,1442,426,103,857,1891,229,376,532,330,1084,374
"104",104,"Georgetown",8.49,820,1858,261,529,704,316,1181,442,104,821,1870,259,393,529,289,1009,377
"105",105,"Georgia Southern",-3.14,781,1903,282,509,728,374,1131,359,105,816,1916,245,438,661,383,1272,486
"106",106,"Georgia State",-2.19,705,1597,149,412,598,243,925,350,NA,NA,NA,NA,NA,NA,NA,NA,NA
"107",107,"Georgia Tech",9.95,965,2150,213,492,681,469,1398,403,107,768,1791,227,407,569,331,1082,403
"108",108,"Georgia",8.47,799,1892,220,583,823,394,1319,448,108,778,1975,247,399,547,363,1124,318
"109",109,"Gonzaga NCAA",4.23,1011,2081,281,537,708,382,1426,418,109,890,2178,272,453,633,316,1160,455
"110",110,"Grambling",-8.48,658,1606,152,456,706,282,1013,442,110,792,1820,209,528,778,357,1160,465
"111",111,"Grand Canyon",-5.6,896,1978,210,579,835,399,1301,407,111,767,1906,161,518,734,357,1238,511
"112",112,"Green Bay NCAA",-0.67,1048,2350,255,662,1007,458,1385,441,NA,NA,NA,NA,NA,NA,NA,NA,NA
"113",113,"Hampton NCAA",-8.45,810,1967,206,537,815,447,1322,440,NA,NA,NA,NA,NA,NA,NA,NA,NA
"114",114,"Hartford",-5.69,777,1906,319,463,619,229,992,385,114,820,1869,262,416,622,322,1149,407
"115",115,"Harvard",-0.25,734,1648,220,313,526,318,1118,436,115,725,1718,233,446,606,250,1030,405
"116",116,"Hawaii NCAA",-1.04,893,1946,237,597,873,360,1270,443,NA,NA,NA,NA,NA,NA,NA,NA,NA
"117",117,"High Point",-4.24,884,1852,187,518,680,337,1074,341,117,674,1581,210,435,593,283,976,441
"118",118,"Hofstra",0.77,914,2050,289,564,818,402,1327,406,118,874,1831,237,412,586,282,1042,362
"119",119,"Holy Cross NCAA",-6.11,775,1879,251,466,678,279,1052,386,NA,NA,NA,NA,NA,NA,NA,NA,NA
"120",120,"Houston Baptist",-5.26,899,1903,204,602,839,351,1248,502,120,912,1895,271,522,687,313,1177,456
"121",121,"Houston",2.17,897,1926,215,467,662,410,1202,333,NA,NA,NA,NA,NA,NA,NA,NA,NA
"122",122,"Howard",-8.33,750,1846,144,667,914,403,1218,477,122,931,1992,251,541,773,424,1313,465
"123",123,"Idaho State",-6.69,769,1767,250,509,700,284,1078,409,123,816,1789,208,392,555,286,1041,358
"124",124,"Idaho",-5.88,800,1812,223,549,774,388,1257,506,124,746,1781,261,381,535,264,939,342
"125",125,"Illinois-Chicago",-0.81,697,1796,133,492,795,406,1235,453,125,919,2265,245,514,744,420,1335,465
"126",126,"Illinois State",2.59,759,1835,238,393,588,344,1141,405,126,828,1944,240,522,738,382,1288,426
"127",127,"Illinois",7.03,861,1993,277,453,607,258,1075,357,127,788,1669,200,586,802,295,1063,543
"128",128,"Incarnate Word",-6.2,718,1653,234,475,620,232,974,368,128,775,1746,212,401,565,365,1076,385
"129",129,"Indiana State",2.2,715,1822,210,530,765,343,1213,423,129,760,1714,225,508,706,253,1074,439
"130",130,"Indiana NCAA",6.9,1021,2034,345,504,688,414,1288,474,NA,NA,NA,NA,NA,NA,NA,NA,NA
"131",131,"Iona NCAA",-1.78,919,2011,327,463,651,348,1218,422,131,969,2102,267,397,602,379,1280,464
"132",132,"Iowa State NCAA",10.16,1087,2159,293,395,563,304,1244,398,NA,NA,NA,NA,NA,NA,NA,NA,NA
"133",133,"Iowa NCAA",8.71,906,2027,269,480,669,392,1257,339,NA,NA,NA,NA,NA,NA,NA,NA,NA
"134",134,"Fort Wayne",-1.66,932,2017,354,483,671,342,1230,417,134,924,1999,266,421,568,286,1176,500
"135",135,"IUPUI",0.11,785,1858,183,428,607,321,1105,426,135,759,1614,211,451,612,275,1022,441
"136",136,"Jackson State",-9.54,898,2208,243,416,659,474,1417,446,136,719,1599,205,518,736,311,1202,474
"137",137,"Jacksonville State",-3.95,721,1792,243,415,567,315,994,331,137,821,2016,275,452,642,336,1169,473
"138",138,"Jacksonville",-6.09,866,1985,278,434,640,339,1218,366,138,907,2043,247,421,571,342,1219,465
"139",139,"James Madison",0.5,830,1848,278,467,682,335,1247,380,139,811,1804,260,532,745,309,1158,426
"140",140,"Kansas State",9.79,805,1876,175,549,798,437,1204,460,NA,NA,NA,NA,NA,NA,NA,NA,NA
"141",141,"Kansas NCAA",11.22,1092,2207,304,601,843,402,1443,478,141,1031,2419,315,424,595,453,1371,501
"142",142,"Kennesaw State",-1.61,811,1826,179,438,625,322,1039,405,142,862,1802,200,404,566,327,1057,402
"143",143,"Kent State",-1.47,834,1871,185,508,744,405,1204,379,143,892,1998,248,470,656,352,1194,438
"144",144,"Kentucky NCAA",8.84,1028,2149,244,561,813,451,1395,389,144,905,2242,287,502,725,437,1240,436
"145",145,"La Salle",4.65,690,1707,259,348,520,274,957,398,145,839,1858,241,441,627,281,1136,397
"146",146,"Lafayette",-6,758,1742,245,381,551,242,955,391,146,856,1886,247,348,498,301,1088,318
"147",147,"Lamar",-8.77,771,1819,197,524,781,415,1171,439,147,809,1809,215,463,669,306,1179,553
"148",148,"Lehigh",-5.2,810,1777,237,411,565,307,1095,416,148,828,1849,281,396,563,291,1079,356
"149",149,"Liberty",-3.73,738,1644,283,311,434,214,943,442,149,790,1899,316,457,626,237,1096,454
"150",150,"Lipscomb",-3.81,888,2017,331,483,695,335,1202,458,NA,NA,NA,NA,NA,NA,NA,NA,NA
"151",151,"Long Beach State",4.57,896,2077,287,534,776,371,1251,430,151,955,2040,255,421,558,347,1137,449
"152",152,"Long Island University",-11.01,813,1884,179,557,779,386,1173,422,NA,NA,NA,NA,NA,NA,NA,NA,NA
"153",153,"Longwood",-5.15,860,1899,227,450,636,350,1197,474,153,856,1938,263,470,650,363,1244,419
"154",154,"Louisiana",-1.94,931,2099,222,622,891,485,1410,425,154,849,1958,212,498,721,329,1099,506
"155",155,"Louisiana-Monroe",-1.46,896,1956,225,454,647,370,1233,411,155,771,1796,266,379,536,310,1108,422
"156",156,"Louisiana State",7,915,1990,203,569,856,368,1231,394,156,875,1922,277,436,626,361,1130,450
"157",157,"Louisiana Tech",-4.4,915,1999,234,560,842,358,1257,412,157,838,1900,230,425,600,330,1155,427
"158",158,"Louisville",7.74,866,1847,186,406,588,415,1183,353,158,913,2208,249,456,646,438,1331,482
"159",159,"Loyola (IL)",1.11,722,1700,196,413,565,246,977,405,NA,NA,NA,NA,NA,NA,NA,NA,NA
"160",160,"Loyola Marymount",0.87,796,1903,227,389,536,349,1047,352,160,817,1645,238,497,687,277,996,416
"161",161,"Loyola (MD)",-5.24,732,1702,161,465,653,334,1054,392,161,805,1714,226,490,674,265,1064,414
"162",162,"Maine",-6.49,825,1909,228,401,611,337,1055,491,162,833,1894,255,487,685,348,1236,434
"163",163,"Manhattan",-3.12,708,1644,232,485,655,242,916,442,163,735,1681,214,491,689,335,1045,458
"164",164,"Marist",-4.52,723,1713,248,451,615,261,975,364,164,896,1976,287,436,589,342,1139,332
"165",165,"Marquette",5.57,884,1888,194,555,764,311,1179,485,165,960,2010,244,584,782,334,1160,450
"166",166,"Marshall",-0.3,1017,2183,332,472,681,341,1230,424,NA,NA,NA,NA,NA,NA,NA,NA,NA
"167",167,"Maryland-Baltimore County",-6.87,788,1788,216,515,754,279,1017,398,NA,NA,NA,NA,NA,NA,NA,NA,NA
"168",168,"Maryland-Eastern Shore",-6.17,759,1715,201,459,648,337,1100,512,168,882,1879,271,438,616,373,1261,355
"169",169,"Maryland NCAA",8.31,943,1941,267,572,745,319,1288,458,NA,NA,NA,NA,NA,NA,NA,NA,NA
"170",170,"Massachusetts-Lowell",-6.17,800,1705,240,381,556,249,947,455,170,862,1772,216,416,589,318,1091,439
"171",171,"Massachusetts",2.96,817,1903,234,485,694,307,1141,409,171,879,1927,227,480,640,330,1132,375
"172",172,"McNeese State",-6.74,719,1751,205,440,629,321,1045,370,172,805,1878,216,383,562,361,1118,357
"173",173,"Memphis",3.58,877,2124,206,643,890,431,1379,407,173,841,1947,296,442,630,395,1118,433
"174",174,"Mercer",-4.55,871,1958,210,494,676,436,1363,431,174,812,1859,317,432,601,275,996,397
"175",175,"Miami (FL) NCAA",10.69,907,1895,241,578,772,330,1207,383,175,794,1841,215,368,517,314,1088,412
"176",176,"Miami (OH)",-0.25,719,1781,178,471,646,326,1068,402,176,881,2002,246,396,559,305,1174,433
"177",177,"Michigan State NCAA",6.94,1009,2078,321,454,623,415,1454,406,177,774,2108,252,471,647,369,1058,349
"178",178,"Michigan NCAA",7.92,947,2048,342,420,569,290,1152,348,178,948,2227,222,478,663,341,1353,530
"179",179,"Middle Tennessee NCAA",-0.7,909,2025,279,442,718,369,1283,419,NA,NA,NA,NA,NA,NA,NA,NA,NA
"180",180,"Milwaukee",-2.02,879,1927,306,554,718,320,1195,362,180,811,1865,263,375,504,264,1108,406
"181",181,"Minnesota",6.86,724,1785,191,469,662,310,1067,354,181,876,2000,268,382,542,355,1223,364
"182",182,"Mississippi State",6.02,850,1862,225,398,549,325,1096,393,182,902,2160,274,429,626,410,1264,498
"183",183,"Mississippi Valley State",-8.11,826,2129,179,462,667,380,1245,470,183,862,1823,275,501,715,344,1273,445
"184",184,"Mississippi",4.81,796,1916,252,561,791,424,1230,386,184,852,1933,288,508,713,361,1230,397
"185",185,"Missouri-Kansas City",-2.24,746,1738,213,447,663,356,1084,415,185,840,1850,227,540,769,359,1295,481
"186",186,"Missouri State",2.58,752,1817,168,481,713,333,1135,409,186,779,1898,231,408,565,301,1085,326
"187",187,"Missouri",6.88,732,1736,175,487,688,295,1109,386,NA,NA,NA,NA,NA,NA,NA,NA,NA
"188",188,"Monmouth",-1.85,963,2214,282,653,850,388,1397,443,188,781,1805,292,518,750,308,1071,413
"189",189,"Montana State",-5.35,831,1916,297,410,598,394,1159,375,189,897,1884,247,483,684,287,1165,425
"190",190,"Montana",-4.29,841,1807,254,457,657,304,1138,409,NA,NA,NA,NA,NA,NA,NA,NA,NA
"191",191,"Morehead State",-1.65,974,2219,215,557,801,541,1380,464,191,765,1634,233,441,635,282,983,407
"192",192,"Morgan State",-7.97,734,1854,161,460,672,377,1089,368,192,791,1772,239,517,736,334,1126,463
"193",193,"Mount St. Mary's",-7.99,788,1967,226,416,601,318,1022,401,193,842,1870,243,374,509,375,1204,438
"194",194,"Murray State",-3.06,770,1694,226,444,613,308,1018,367,NA,NA,NA,NA,NA,NA,NA,NA,NA
"195",195,"Navy",-7.05,805,1768,141,479,748,370,1187,430,195,744,1645,247,390,549,215,939,465
"196",196,"Omaha",-2.04,953,2023,202,621,833,340,1129,413,196,951,1981,276,410,546,318,1136,366
"197",197,"Nebraska",5.57,883,1976,220,470,644,377,1197,401,197,856,2025,192,361,537,430,1257,412
"198",198,"Nevada-Las Vegas",3.17,887,2015,252,555,815,371,1270,466,198,951,2208,248,427,578,401,1149,382
"199",199,"Nevada",1.79,973,2293,202,730,992,459,1535,495,NA,NA,NA,NA,NA,NA,NA,NA,NA
"200",200,"New Hampshire",-7.05,809,1944,222,502,693,376,1296,385,200,712,1648,212,449,663,217,1016,315
"201",201,"New Mexico State",-3.54,887,1919,179,471,696,415,1395,462,NA,NA,NA,NA,NA,NA,NA,NA,NA
"202",202,"New Mexico",2.58,829,1782,196,578,783,310,1173,489,202,931,1925,228,551,766,334,1217,562
"203",203,"New Orleans",-8.17,763,1820,162,561,816,422,1138,452,203,822,1780,226,452,645,321,1074,507
"204",204,"Niagara",-3.86,735,1821,166,431,620,384,1168,461,204,1012,2200,289,456,646,395,1284,387
"205",205,"Nicholls State",-5.23,787,1875,212,512,782,315,1144,534,205,824,1868,206,557,820,349,1155,552
"206",206,"NJIT",-4.56,911,2045,306,501,679,330,1214,452,206,795,1726,206,401,569,287,1038,440
"207",207,"Norfolk State",-6.73,813,1919,242,626,808,376,1182,423,207,781,1870,296,559,789,344,1177,495
"208",208,"North Carolina-Asheville NCAA",-3.25,898,1973,195,561,808,396,1278,444,NA,NA,NA,NA,NA,NA,NA,NA,NA
"209",209,"North Carolina A&T",-8.49,745,1836,199,480,675,357,1148,439,209,956,2093,239,454,661,351,1215,463
"210",210,"North Carolina Central",-10.03,779,1805,200,462,697,395,1178,444,NA,NA,NA,NA,NA,NA,NA,NA,NA
"211",211,"North Carolina-Greensboro",-3.23,890,1997,296,393,579,322,1167,407,NA,NA,NA,NA,NA,NA,NA,NA,NA
"212",212,"North Carolina State",9.04,866,1999,207,543,777,457,1306,366,NA,NA,NA,NA,NA,NA,NA,NA,NA
"213",213,"North Carolina-Wilmington NCAA",0.35,928,2039,230,534,760,397,1237,374,NA,NA,NA,NA,NA,NA,NA,NA,NA
"214",214,"North Carolina NCAA",10.69,1235,2560,224,617,826,568,1624,431,214,972,2297,357,410,597,362,1216,433
"215",215,"North Dakota State",-2.99,817,1837,214,423,619,302,1149,348,215,799,1872,223,443,595,273,1061,325
"216",216,"North Dakota",-4.91,876,1926,203,519,761,293,1209,435,216,942,1923,251,477,652,314,1204,474
"217",217,"North Florida",-3.92,1000,2065,411,454,624,293,1168,383,217,1120,2350,230,403,549,452,1340,353
"218",218,"North Texas",-3.23,830,1838,187,539,838,362,1158,443,218,922,2165,263,596,833,328,1300,474
"219",219,"Northeastern",1.35,793,1808,286,504,704,295,1111,409,219,834,1861,158,444,599,280,1035,412
"220",220,"Northern Arizona",-2.83,699,1749,220,436,619,260,1002,389,220,859,1828,301,493,666,302,1161,434
"221",221,"Northern Colorado",-4.01,780,1726,203,529,727,327,1077,427,221,1014,2279,185,561,818,328,1360,497
"222",222,"Northern Illinois",-1.2,842,1970,238,541,791,416,1331,430,222,861,1866,274,411,592,317,1117,401
"223",223,"Northern Iowa NCAA",4.44,849,1864,298,479,633,195,1091,357,NA,NA,NA,NA,NA,NA,NA,NA,NA
"224",224,"Northern Kentucky",-0.69,755,1719,234,372,545,281,1033,406,224,752,1840,205,403,576,304,1058,450
"225",225,"Northwestern State",-5.66,770,1688,207,477,623,286,919,407,225,789,1691,218,468,679,322,1081,403
"226",226,"Northwestern",4.12,837,1859,278,352,528,342,1167,331,226,729,1669,227,442,621,278,1043,403
"227",227,"Notre Dame NCAA",9.57,972,2042,262,498,671,381,1265,359,NA,NA,NA,NA,NA,NA,NA,NA,NA
"228",228,"Oakland",-1.61,1002,2186,316,703,913,399,1373,399,228,931,2066,237,417,575,350,1186,405
"229",229,"Ohio State",7.08,876,1995,219,491,718,379,1333,451,NA,NA,NA,NA,NA,NA,NA,NA,NA
"230",230,"Ohio",-1.18,937,1993,296,576,759,288,1251,414,230,839,1943,249,426,567,305,1200,415
"231",231,"Oklahoma State",8.81,723,1709,205,477,654,310,1111,402,231,916,2094,264,541,745,400,1292,521
"232",232,"Oklahoma NCAA",11.14,1018,2225,382,530,734,407,1418,484,232,964,2178,293,393,559,383,1237,415
"233",233,"Old Dominion",-2.31,987,2227,159,471,691,501,1474,346,233,707,1735,241,355,525,294,1079,462
"234",234,"Oral Roberts",0.59,832,1821,194,498,665,299,1101,373,234,902,1940,261,419,586,337,1122,350
"235",235,"Oregon State NCAA",9.26,811,1843,218,461,687,337,1102,361,NA,NA,NA,NA,NA,NA,NA,NA,NA
"236",236,"Oregon NCAA",8.64,1041,2230,260,648,906,442,1382,431,NA,NA,NA,NA,NA,NA,NA,NA,NA
"237",237,"Pacific",2.35,685,1559,190,388,575,282,993,383,237,798,1760,257,463,619,287,1047,395
"238",238,"Penn State",6.95,732,1799,211,432,621,333,1109,361,238,928,2182,251,494,700,378,1288,521
"239",239,"Pennsylvania",-2.15,685,1606,200,341,508,288,1001,373,NA,NA,NA,NA,NA,NA,NA,NA,NA
"240",240,"Pepperdine",1.68,840,1861,162,507,754,351,1182,357,240,887,1821,305,437,604,267,1045,344
"241",241,"Pittsburgh NCAA",8.75,878,1919,204,516,686,417,1257,384,NA,NA,NA,NA,NA,NA,NA,NA,NA
"242",242,"Portland State",-5.94,908,1904,167,425,645,329,1096,390,242,937,1972,251,573,822,343,1263,615
"243",243,"Portland",0.56,868,2012,289,458,633,369,1130,389,243,838,1926,271,425,609,352,1187,351
"244",244,"Prairie View",-6.82,657,1727,127,432,630,355,998,465,244,879,1877,230,621,899,371,1251,563
"245",245,"Presbyterian",-4.98,754,1743,148,437,615,298,1047,441,245,837,1769,238,361,498,296,1099,371
"246",246,"Princeton",-1.72,800,1725,282,412,579,288,1069,330,246,738,1644,218,389,521,231,987,336
"247",247,"Providence NCAA",8.46,881,2093,249,566,781,402,1263,397,247,913,2054,240,478,654,357,1268,469
"248",248,"Purdue NCAA",7.46,960,2042,268,538,723,400,1443,419,248,907,2197,251,366,531,376,1204,448
"249",249,"Quinnipiac",-4.98,698,1897,229,344,532,495,1299,459,249,908,1960,286,429,589,324,1181,376
"250",250,"Radford",-3.45,844,1885,226,352,541,408,1174,416,NA,NA,NA,NA,NA,NA,NA,NA,NA
"251",251,"Rhode Island",3.29,782,1762,213,443,662,335,1118,368,NA,NA,NA,NA,NA,NA,NA,NA,NA
"252",252,"Rice",-2.7,813,1798,228,573,773,294,1052,419,252,850,1897,284,363,518,318,1154,368
"253",253,"Richmond",4.56,890,1848,240,430,652,251,1021,327,253,882,1805,236,418,566,284,1107,421
"254",254,"Rider",-3.6,769,1803,204,435,638,330,1170,421,254,852,1904,305,496,701,333,1171,493
"255",255,"Robert Morris",-7.75,741,1780,178,422,633,303,1042,454,255,833,1858,210,458,672,357,1218,525
"256",256,"Rutgers",6.43,785,1878,161,435,640,314,1113,443,256,785,1898,231,403,575,341,1221,473
"257",257,"Sacramento State",-5.32,790,1784,209,421,627,302,1112,367,257,820,1803,247,471,619,312,1148,386
"258",258,"Sacred Heart",-9.05,785,1795,169,478,695,378,1128,442,258,794,1806,243,406,593,252,1006,327
"259",259,"Saint Francis (PA)",-9.06,716,1700,218,460,662,349,1093,379,259,893,1936,255,314,451,339,1120,424
"260",260,"Saint Joseph's NCAA",4.93,976,2153,251,577,806,359,1378,355,NA,NA,NA,NA,NA,NA,NA,NA,NA
"261",261,"Saint Louis",3.49,724,1726,199,459,653,230,1045,436,261,749,1750,222,437,601,293,1052,398
"262",262,"Saint Mary's (CA)",1.24,951,1887,303,371,539,310,1225,335,262,883,1999,200,355,495,265,988,345
"263",263,"Saint Peter's",-4.3,700,1660,183,383,582,322,1102,392,263,685,1659,237,504,701,308,1092,454
"264",264,"Sam Houston State",-6.5,876,2013,264,535,767,380,1261,400,264,852,1965,277,496,725,325,1220,517
"265",265,"Samford",-4.49,845,1857,177,573,798,345,1143,455,265,957,1960,323,402,536,361,1153,446
"266",266,"San Diego State",4.33,885,2100,222,613,892,453,1475,467,NA,NA,NA,NA,NA,NA,NA,NA,NA
"267",267,"San Diego",1.42,630,1614,192,370,559,289,995,410,267,764,1843,167,569,760,303,1131,409
"268",268,"San Francisco",-0.68,808,1839,233,480,708,389,1181,379,268,934,2151,222,591,782,327,1348,451
"269",269,"San Jose State",1.35,756,1783,212,462,701,327,1130,430,269,781,1784,303,395,543,261,964,319
"270",270,"Santa Clara",1.86,713,1741,232,425,592,279,1047,350,270,821,1637,200,382,538,243,1031,390
"271",271,"Savannah State",-8.59,667,1685,204,452,686,297,1022,473,271,1102,2237,298,489,685,428,1527,576
"272",272,"Seattle",-5.02,735,1732,197,407,612,365,1174,505,272,814,1999,251,589,791,348,1181,386
"273",273,"Seton Hall NCAA",8.28,892,1999,206,532,808,438,1355,469,273,903,2057,262,444,613,347,1149,431
"274",274,"Siena",-3.19,929,1992,215,586,812,455,1362,546,274,819,1831,226,541,771,322,1095,348
"275",275,"South Alabama",-2.02,784,1917,213,503,747,390,1228,483,275,762,1874,214,480,703,355,1198,429
"276",276,"South Carolina State",-8.24,885,1955,201,514,716,342,1145,400,276,963,1956,275,459,661,355,1202,456
"277",277,"South Carolina Upstate",-4.39,860,1914,218,377,590,413,1228,449,277,967,1929,287,502,678,330,1229,369
"278",278,"South Carolina",5.83,882,2040,216,603,883,472,1372,464,278,749,1765,222,557,769,304,1116,487
"279",279,"South Dakota State NCAA",-1.22,877,1950,255,582,783,381,1279,399,279,955,2235,291,398,554,305,1243,371
"280",280,"South Dakota",-0.88,912,1954,201,418,596,289,1077,388,280,859,2096,261,425,583,346,1194,502
"281",281,"South Florida",5.24,774,1852,133,404,612,413,1271,485,281,819,1816,219,403,592,334,1098,346
"282",282,"Southeast Missouri State",-3.43,699,1710,154,392,612,326,1022,402,282,857,1795,260,439,617,304,1067,383
"283",283,"Southeastern Louisiana",-7.55,831,1833,241,441,694,336,1140,504,283,860,1962,225,412,571,382,1199,497
"284",284,"Southern California NCAA",7.64,982,2138,266,507,750,401,1337,415,NA,NA,NA,NA,NA,NA,NA,NA,NA
"285",285,"SIU Edwardsville",-2.6,634,1591,158,413,587,339,1001,377,285,792,1664,217,561,764,292,1075,369
"286",286,"Southern Illinois",-1.3,828,1827,212,492,718,357,1135,438,286,801,1827,239,439,616,323,1129,445
"287",287,"Southern Methodist",4.56,858,1727,194,409,584,396,1183,372,287,744,1763,259,367,539,346,1096,461
"288",288,"Southern Mississippi",-3.66,612,1496,257,385,540,228,920,388,288,859,1865,311,420,594,304,1218,475
"289",289,"Southern Utah",-4.22,739,1682,210,431,607,238,926,381,289,891,1868,244,557,768,277,1150,404
"290",290,"Southern NCAA",-9.37,909,2046,211,505,754,365,1258,391,NA,NA,NA,NA,NA,NA,NA,NA,NA
"291",291,"St. Bonaventure",1.87,812,1826,256,529,684,345,1102,357,NA,NA,NA,NA,NA,NA,NA,NA,NA
"292",292,"St. Francis (NY)",-9.24,710,1787,240,435,652,390,1185,442,292,810,1720,186,551,769,317,1180,462
"293",293,"St. John's (NY)",7.94,757,1864,206,454,714,346,1142,491,293,807,1922,304,479,653,378,1306,535
"294",294,"Stanford",10.41,704,1653,172,508,742,328,1030,355,294,954,2202,279,435,644,359,1170,405
"295",295,"Stephen F. Austin NCAA",-5.47,972,2032,269,515,701,405,1188,411,295,768,1796,246,604,878,325,1124,691
"296",296,"Stetson",-4.35,962,2124,282,523,725,328,1213,418,296,881,1891,269,465,664,295,1217,445
"297",297,"Stony Brook NCAA",-5.28,933,1992,220,429,637,425,1312,379,NA,NA,NA,NA,NA,NA,NA,NA,NA
"298",298,"Syracuse NCAA",9.75,884,2080,315,506,736,445,1319,440,298,801,2046,289,469,642,400,1237,469
"299",299,"Temple NCAA",6.57,822,2021,255,368,538,371,1225,305,NA,NA,NA,NA,NA,NA,NA,NA,NA
"300",300,"Tennessee-Martin",-4.72,888,2000,274,504,711,371,1279,426,300,764,1798,310,415,592,353,1107,421
"301",301,"Tennessee State",-5.3,795,1760,173,510,734,353,1149,426,301,683,1586,271,373,542,267,1000,473
"302",302,"Tennessee Tech",-3.66,792,1730,266,566,762,291,1102,383,302,838,1918,243,469,675,347,1208,494
"303",303,"Tennessee",7.86,890,2116,251,523,721,428,1292,380,NA,NA,NA,NA,NA,NA,NA,NA,NA
"304",304,"Texas A&M-Corpus Christi",-5.44,838,1918,215,537,728,373,1159,419,304,679,1550,224,475,703,286,976,445
"305",305,"Texas A&M NCAA",8.45,991,2208,281,565,841,460,1461,434,305,892,2186,268,415,603,378,1222,379
"306",306,"Texas-Arlington",-3.42,956,2249,307,543,780,520,1530,482,306,853,2070,308,486,701,363,1221,490
"307",307,"Texas Christian",8.62,734,1810,187,554,826,355,1111,478,NA,NA,NA,NA,NA,NA,NA,NA,NA
"308",308,"Texas-El Paso",-4.93,896,1926,223,539,809,299,1197,417,308,756,1766,262,423,636,298,1186,380
"309",309,"Texas-Rio Grande Valley",-4.25,716,1712,212,349,520,258,1004,374,309,875,1955,229,605,865,364,1329,515
"310",310,"Texas-San Antonio",-3.36,796,1915,220,505,719,327,1086,435,310,879,2112,290,580,854,346,1335,430
"311",311,"Texas Southern",-6.94,848,1853,222,485,769,408,1249,434,NA,NA,NA,NA,NA,NA,NA,NA,NA
"312",312,"Texas State",-4.29,727,1692,149,443,658,336,1063,370,312,786,1775,226,374,527,288,1041,442
"313",313,"Texas Tech NCAA",10.25,785,1754,185,550,741,326,1086,385,313,806,2008,249,536,762,368,1199,554
"314",314,"Texas NCAA",11.71,814,1884,232,495,743,363,1139,341,314,861,2028,237,379,532,353,1216,425
"315",315,"Toledo",-2.36,865,1881,263,489,655,306,1161,373,315,942,2157,241,407,556,363,1195,323
"316",316,"Towson",-1.57,805,1888,182,566,840,472,1295,401,316,774,1800,239,492,692,313,1048,424
"317",317,"Troy",-2.07,740,1817,208,457,713,349,1132,376,317,865,1993,255,423,607,354,1202,386
"318",318,"Tulane",3.79,802,2021,216,420,621,415,1268,451,318,815,1828,215,451,632,330,1111,374
"319",319,"Tulsa NCAA",5.76,821,1849,219,495,731,323,1123,346,NA,NA,NA,NA,NA,NA,NA,NA,NA
"320",320,"UCLA",9.69,915,2016,200,450,651,393,1266,392,NA,NA,NA,NA,NA,NA,NA,NA,NA
"321",321,"Utah State",2.06,802,1779,257,413,597,319,1108,373,321,868,1932,261,469,631,300,1143,411
"322",322,"Utah Valley",-3.58,785,1833,256,454,628,276,1100,399,322,846,2047,231,387,554,329,1073,419
"323",323,"Utah NCAA",8.79,977,2000,273,551,764,347,1335,451,NA,NA,NA,NA,NA,NA,NA,NA,NA
"324",324,"Valparaiso",0.02,964,2178,298,556,769,468,1533,479,324,732,1739,192,526,741,309,1075,450
"325",325,"Vanderbilt NCAA",8.68,857,1879,273,519,747,313,1273,386,NA,NA,NA,NA,NA,NA,NA,NA,NA
"326",326,"Vermont",-4.73,986,2051,255,547,772,343,1321,490,326,844,1928,248,341,478,255,1007,386
"327",327,"Villanova NCAA",9.71,1086,2247,347,599,766,351,1385,440,327,1028,2401,272,479,641,378,1306,512
"328",328,"Virginia Commonwealth NCAA",4.35,1010,2238,262,499,721,435,1347,405,NA,NA,NA,NA,NA,NA,NA,NA,NA
"329",329,"VMI",-3.15,729,1770,263,360,498,290,996,397,329,767,1729,247,433,602,312,1141,410
"330",330,"Virginia Tech",7.53,876,1953,200,672,964,371,1230,447,NA,NA,NA,NA,NA,NA,NA,NA,NA
"331",331,"Virginia NCAA",11.12,964,1964,224,474,630,323,1189,345,331,647,1703,215,327,447,280,1048,432
"332",332,"Wagner",-9.52,856,2019,203,474,665,474,1348,454,332,731,1774,232,562,816,331,1112,479
"333",333,"Wake Forest",10.53,793,1804,195,514,779,377,1186,451,333,770,1751,265,500,683,296,1064,380
"334",334,"Washington State",7.97,805,1760,184,393,551,247,1048,440,334,882,1897,265,382,541,340,1129,354
"335",335,"Washington",8.12,964,2264,249,676,932,473,1360,470,335,887,1983,236,472,682,392,1200,513
"336",336,"Weber State NCAA",-5.13,908,1885,291,555,821,300,1296,462,NA,NA,NA,NA,NA,NA,NA,NA,NA
"337",337,"West Virginia NCAA",9.78,943,2102,209,654,972,558,1380,498,337,835,1962,288,617,866,375,1268,612
"338",338,"Western Carolina",-1.53,851,1993,242,535,760,404,1241,485,338,839,1824,282,459,636,344,1191,490
"339",339,"Western Illinois",-1.32,676,1521,190,362,502,233,948,332,339,723,1701,237,326,467,255,991,319
"340",340,"Western Kentucky",-0.89,925,1970,233,537,768,405,1311,450,340,989,2304,301,395,545,403,1275,488
"341",341,"Western Michigan",0.06,786,1824,197,573,805,359,1190,401,341,818,1803,290,423,585,287,1096,440
"342",342,"Wichita State NCAA",4.24,867,2023,250,551,768,407,1305,346,342,809,1922,282,464,639,271,1005,379
"343",343,"William & Mary",1.3,843,1755,241,457,636,258,1141,331,343,928,1907,260,415,596,276,1002,332
"344",344,"Winthrop",-5.7,890,1869,285,566,756,291,1160,403,344,772,1847,229,446,598,311,1070,425
"345",345,"Wisconsin NCAA",9.4,816,1917,229,512,728,398,1228,386,NA,NA,NA,NA,NA,NA,NA,NA,NA
"346",346,"Wofford",-2.35,771,1725,270,484,645,274,1013,379,346,833,1857,287,452,616,282,1088,438
"347",347,"Wright State",-1.76,856,1916,256,431,621,232,1094,397,NA,NA,NA,NA,NA,NA,NA,NA,NA
"348",348,"Wyoming",2.19,720,1626,319,535,747,181,989,358,348,898,2022,260,541,752,315,1288,483
"349",349,"Xavier NCAA",8.43,928,2054,255,626,857,436,1387,429,349,944,2192,301,427,562,296,1095,400
"350",350,"Yale NCAA",-1.03,795,1693,190,468,699,407,1208,398,NA,NA,NA,NA,NA,NA,NA,NA,NA
"351",351,"Youngstown State",-0.86,870,2021,257,440,619,283,1081,387,351,943,1852,258,503,724,294,1122,497
"352",NA,"Alabama NCAA",NA,NA,NA,NA,NA,NA,NA,NA,NA,7,877,2109,262,527,769,414,1277,473
"353",NA,"Arizona State NCAA",NA,NA,NA,NA,NA,NA,NA,NA,NA,12,841,1919,262,451,628,357,1171,474
"354",NA,"Little Rock",NA,NA,NA,NA,NA,NA,NA,NA,NA,14,754,1744,269,465,687,336,1130,436
"355",NA,"Arkansas NCAA",NA,NA,NA,NA,NA,NA,NA,NA,NA,17,872,2028,301,602,828,394,1264,490
"356",NA,"Auburn NCAA",NA,NA,NA,NA,NA,NA,NA,NA,NA,19,838,1961,273,539,747,341,1207,516
"357",NA,"Austin Peay",NA,NA,NA,NA,NA,NA,NA,NA,NA,20,845,1821,240,516,721,309,1107,549
"358",NA,"Baylor",NA,NA,NA,NA,NA,NA,NA,NA,NA,22,836,2016,261,436,609,367,1091,400
"359",NA,"Bucknell NCAA",NA,NA,NA,NA,NA,NA,NA,NA,NA,34,911,2138,224,513,738,360,1240,438
"360",NA,"Cal State Bakersfield",NA,NA,NA,NA,NA,NA,NA,NA,NA,38,679,1597,244,466,664,291,1009,407
"361",NA,"Cal State Fullerton NCAA",NA,NA,NA,NA,NA,NA,NA,NA,NA,39,768,1861,220,489,647,320,1074,413
"362",NA,"University of California",NA,NA,NA,NA,NA,NA,NA,NA,NA,45,852,1807,282,497,689,316,1116,443
"363",NA,"Chattanooga",NA,NA,NA,NA,NA,NA,NA,NA,NA,54,902,1880,228,392,525,283,1105,430
"364",NA,"Clemson NCAA",NA,NA,NA,NA,NA,NA,NA,NA,NA,58,826,2033,268,387,552,332,1172,413
"365",NA,"College of Charleston NCAA",NA,NA,NA,NA,NA,NA,NA,NA,NA,62,824,1907,239,444,602,321,1149,403
"366",NA,"Colorado",NA,NA,NA,NA,NA,NA,NA,NA,NA,64,808,1909,265,456,649,312,1091,339
"367",NA,"Connecticut",NA,NA,NA,NA,NA,NA,NA,NA,NA,66,804,1856,288,444,629,371,1176,400
"368",NA,"Creighton NCAA",NA,NA,NA,NA,NA,NA,NA,NA,NA,69,907,2093,261,369,512,303,1160,387
"369",NA,"Davidson NCAA",NA,NA,NA,NA,NA,NA,NA,NA,NA,71,802,1826,266,370,540,258,1042,352
"370",NA,"Dayton",NA,NA,NA,NA,NA,NA,NA,NA,NA,72,824,1755,262,367,513,277,980,388
"371",NA,"Fairleigh Dickinson",NA,NA,NA,NA,NA,NA,NA,NA,NA,91,812,1851,250,476,639,382,1144,451
"372",NA,"Florida Gulf Coast",NA,NA,NA,NA,NA,NA,NA,NA,NA,94,884,2092,267,480,712,358,1151,494
"373",NA,"Florida State NCAA",NA,NA,NA,NA,NA,NA,NA,NA,NA,96,887,2129,285,492,689,383,1228,494
"374",NA,"Florida NCAA",NA,NA,NA,NA,NA,NA,NA,NA,NA,97,832,1946,229,460,629,362,1273,468
"375",NA,"Fresno State",NA,NA,NA,NA,NA,NA,NA,NA,NA,99,749,1725,220,483,658,254,1001,432
"376",NA,"Georgia State NCAA",NA,NA,NA,NA,NA,NA,NA,NA,NA,106,771,1963,307,507,727,416,1296,501
"377",NA,"Green Bay",NA,NA,NA,NA,NA,NA,NA,NA,NA,112,899,2087,253,448,631,372,1307,450
"378",NA,"Hampton",NA,NA,NA,NA,NA,NA,NA,NA,NA,113,913,2175,258,519,761,409,1323,438
"379",NA,"Hawaii",NA,NA,NA,NA,NA,NA,NA,NA,NA,116,714,1618,196,447,619,232,965,423
"380",NA,"Holy Cross",NA,NA,NA,NA,NA,NA,NA,NA,NA,119,713,1653,260,413,561,330,1074,399
"381",NA,"Houston NCAA",NA,NA,NA,NA,NA,NA,NA,NA,NA,121,744,1887,231,552,785,320,1126,457
"382",NA,"Indiana",NA,NA,NA,NA,NA,NA,NA,NA,NA,130,773,1752,235,397,564,315,1055,417
"383",NA,"Iowa State",NA,NA,NA,NA,NA,NA,NA,NA,NA,132,856,1936,261,366,513,353,1158,356
"384",NA,"Iowa",NA,NA,NA,NA,NA,NA,NA,NA,NA,133,953,2061,284,407,579,338,1092,365
"385",NA,"Kansas State NCAA",NA,NA,NA,NA,NA,NA,NA,NA,NA,140,842,1980,261,533,728,386,1259,533
"386",NA,"Lipscomb NCAA",NA,NA,NA,NA,NA,NA,NA,NA,NA,150,898,2002,249,519,751,292,1169,511
"387",NA,"Long Island University NCAA",NA,NA,NA,NA,NA,NA,NA,NA,NA,152,973,2209,242,486,702,401,1275,423
"388",NA,"Loyola (IL) NCAA",NA,NA,NA,NA,NA,NA,NA,NA,NA,159,877,2118,254,369,523,335,1158,484
"389",NA,"Marshall NCAA",NA,NA,NA,NA,NA,NA,NA,NA,NA,166,1059,2399,265,466,684,458,1466,515
"390",NA,"Maryland-Baltimore County NCAA",NA,NA,NA,NA,NA,NA,NA,NA,NA,167,883,2012,282,418,618,339,1289,529
"391",NA,"Maryland",NA,NA,NA,NA,NA,NA,NA,NA,NA,169,781,1909,244,334,452,334,994,351
"392",NA,"Middle Tennessee",NA,NA,NA,NA,NA,NA,NA,NA,NA,179,738,1713,202,510,714,240,1003,438
"393",NA,"Missouri NCAA",NA,NA,NA,NA,NA,NA,NA,NA,NA,187,795,1949,231,425,586,343,1079,365
"394",NA,"Montana NCAA",NA,NA,NA,NA,NA,NA,NA,NA,NA,190,784,1825,209,552,764,295,1102,522
"395",NA,"Murray State NCAA",NA,NA,NA,NA,NA,NA,NA,NA,NA,194,761,1841,199,396,547,314,1005,402
"396",NA,"Nevada NCAA",NA,NA,NA,NA,NA,NA,NA,NA,NA,199,974,2248,275,480,677,393,1347,474
"397",NA,"New Mexico State NCAA",NA,NA,NA,NA,NA,NA,NA,NA,NA,201,763,1919,222,435,612,282,1103,463
"398",NA,"North Carolina-Asheville",NA,NA,NA,NA,NA,NA,NA,NA,NA,208,884,1963,260,471,665,311,1120,446
"399",NA,"North Carolina Central NCAA",NA,NA,NA,NA,NA,NA,NA,NA,NA,210,846,2030,259,474,663,359,1168,423
"400",NA,"North Carolina-Greensboro NCAA",NA,NA,NA,NA,NA,NA,NA,NA,NA,211,729,1794,229,502,692,264,1070,528
"401",NA,"North Carolina State NCAA",NA,NA,NA,NA,NA,NA,NA,NA,NA,212,908,1952,199,462,657,363,1164,487
"402",NA,"North Carolina-Wilmington",NA,NA,NA,NA,NA,NA,NA,NA,NA,213,940,1970,298,490,707,285,1151,374
"403",NA,"Northern Iowa",NA,NA,NA,NA,NA,NA,NA,NA,NA,223,723,1740,239,305,422,234,1055,356
"404",NA,"Notre Dame",NA,NA,NA,NA,NA,NA,NA,NA,NA,227,923,2176,286,339,480,380,1243,397
"405",NA,"Ohio State NCAA",NA,NA,NA,NA,NA,NA,NA,NA,NA,229,811,1944,272,403,574,302,1078,418
"406",NA,"Oregon State",NA,NA,NA,NA,NA,NA,NA,NA,NA,235,765,1771,226,495,677,317,1030,408
"407",NA,"Oregon",NA,NA,NA,NA,NA,NA,NA,NA,NA,236,881,2033,285,559,738,325,1153,482
"408",NA,"Pennsylvania NCAA",NA,NA,NA,NA,NA,NA,NA,NA,NA,239,816,1971,192,450,613,275,1192,406
"409",NA,"Pittsburgh",NA,NA,NA,NA,NA,NA,NA,NA,NA,241,831,1894,235,419,592,390,1205,329
"410",NA,"Radford NCAA",NA,NA,NA,NA,NA,NA,NA,NA,NA,250,819,1897,261,437,582,317,1135,469
"411",NA,"Rhode Island NCAA",NA,NA,NA,NA,NA,NA,NA,NA,NA,251,811,1792,182,534,728,303,1170,536
"412",NA,"Saint Joseph's",NA,NA,NA,NA,NA,NA,NA,NA,NA,260,831,1980,305,344,487,296,1236,374
"413",NA,"San Diego State NCAA",NA,NA,NA,NA,NA,NA,NA,NA,NA,266,795,1908,251,399,549,297,1077,443
"414",NA,"Southern California",NA,NA,NA,NA,NA,NA,NA,NA,NA,284,936,2124,294,397,564,358,1219,483
"415",NA,"Southern",NA,NA,NA,NA,NA,NA,NA,NA,NA,290,814,1927,236,505,716,352,1207,410
"416",NA,"St. Bonaventure NCAA",NA,NA,NA,NA,NA,NA,NA,NA,NA,291,807,1917,266,527,737,353,1186,488
"417",NA,"Stony Brook",NA,NA,NA,NA,NA,NA,NA,NA,NA,297,761,1740,220,507,720,306,1143,478
"418",NA,"Temple",NA,NA,NA,NA,NA,NA,NA,NA,NA,299,836,1907,229,425,600,376,1257,418
"419",NA,"Tennessee NCAA",NA,NA,NA,NA,NA,NA,NA,NA,NA,303,784,1917,222,511,720,383,1194,484
"420",NA,"Texas Christian NCAA",NA,NA,NA,NA,NA,NA,NA,NA,NA,307,894,1958,262,437,598,291,1001,410
"421",NA,"Texas Southern NCAA",NA,NA,NA,NA,NA,NA,NA,NA,NA,311,1048,2320,280,483,724,442,1381,426
"422",NA,"Tulsa",NA,NA,NA,NA,NA,NA,NA,NA,NA,319,793,1888,282,329,478,350,1085,382
"423",NA,"UCLA NCAA",NA,NA,NA,NA,NA,NA,NA,NA,NA,320,891,2105,287,438,625,347,1195,351
"424",NA,"Utah",NA,NA,NA,NA,NA,NA,NA,NA,NA,323,855,2043,264,422,589,360,1211,415
"425",NA,"Vanderbilt",NA,NA,NA,NA,NA,NA,NA,NA,NA,325,841,1806,210,476,660,293,1065,316
"426",NA,"Virginia Commonwealth",NA,NA,NA,NA,NA,NA,NA,NA,NA,328,897,1992,258,418,585,318,1155,425
"427",NA,"Virginia Tech NCAA",NA,NA,NA,NA,NA,NA,NA,NA,NA,330,844,1965,292,402,577,346,1130,433
"428",NA,"Weber State",NA,NA,NA,NA,NA,NA,NA,NA,NA,336,794,1851,199,408,587,298,1070,369
"429",NA,"Wisconsin",NA,NA,NA,NA,NA,NA,NA,NA,NA,345,798,1740,185,396,526,271,1023,386
"430",NA,"Wright State NCAA",NA,NA,NA,NA,NA,NA,NA,NA,NA,347,816,1965,268,407,573,303,1178,531
"431",NA,"Yale",NA,NA,NA,NA,NA,NA,NA,NA,NA,350,824,1793,214,426,589,277,1061,397
